Timestamp,Sensor,Temperature (C),Humidity (%),Anomaly
2024-01-01 00:00:00,S-01,16.0,55.2,False
2024-01-01 01:00:00,S-01,16.43,61.2,False
2024-01-01 02:00:00,S-01,16.43,62.1,False
2024-01-01 03:00:00,S-01,16.63,61.6,False
2024-01-01 04:00:00,S-01,17.87,62.4,False
2024-01-01 05:00:00,S-01,18.46,57.9,False
2024-01-01 06:00:00,S-01,20.39,56.9,False
2024-01-01 07:00:00,S-01,22.51,56.8,False
2024-01-01 08:00:00,S-01,22.06,51.7,False
2024-01-01 09:00:00,S-01,22.85,56.8,False
2024-01-01 10:00:00,S-01,24.42,54.9,False
2024-01-01 11:00:00,S-01,24.77,51.6,False
2024-01-01 12:00:00,S-01,24.76,54.8,False
2024-01-01 13:00:00,S-01,23.85,52.9,False
2024-01-01 14:00:00,S-01,24.22,47.3,False
2024-01-01 15:00:00,S-01,24.21,53.4,False
2024-01-01 16:00:00,S-01,21.8,53.8,False
2024-01-01 17:00:00,S-01,21.59,54.3,False
2024-01-01 18:00:00,S-01,19.45,56.1,False
2024-01-01 19:00:00,S-01,18.95,60.3,False
2024-01-01 20:00:00,S-01,17.59,59.6,False
2024-01-01 21:00:00,S-01,18.09,55.2,False
2024-01-01 22:00:00,S-01,16.67,60.5,False
2024-01-01 23:00:00,S-01,17.54,60.1,False
2024-01-02 00:00:00,S-01,17.35,56.0,False
2024-01-02 01:00:00,S-01,17.24,57.0,False
2024-01-02 02:00:00,S-01,15.81,58.9,False
2024-01-02 03:00:00,S-01,18.06,55.5,False
2024-01-02 04:00:00,S-01,19.32,56.9,False
2024-01-02 05:00:00,S-01,20.44,57.5,False
2024-01-02 06:00:00,S-01,20.19,60.5,False
2024-01-02 07:00:00,S-01,22.09,56.1,False
2024-01-02 08:00:00,S-01,22.68,54.9,False
2024-01-02 09:00:00,S-01,23.66,54.0,False
2024-01-02 10:00:00,S-01,25.81,52.0,False
2024-01-02 11:00:00,S-01,24.74,48.2,False
2024-01-02 12:00:00,S-01,25.51,50.5,False
2024-01-02 13:00:00,S-01,26.12,48.6,False
2024-01-02 14:00:00,S-01,24.56,49.1,False
2024-01-02 15:00:00,S-01,24.31,48.5,False
2024-01-02 16:00:00,S-01,23.66,49.1,False
2024-01-02 17:00:00,S-01,22.67,51.0,False
2024-01-02 18:00:00,S-01,20.6,50.6,False
2024-01-02 19:00:00,S-01,20.61,55.8,False
2024-01-02 20:00:00,S-01,20.67,54.1,False
2024-01-02 21:00:00,S-01,17.51,58.3,False
2024-01-02 22:00:00,S-01,18.8,57.5,False
2024-01-02 23:00:00,S-01,17.8,59.8,False
2024-01-03 00:00:00,S-01,17.05,56.8,False
2024-01-03 01:00:00,S-01,19.28,55.5,False
2024-01-03 02:00:00,S-01,18.68,51.8,False
2024-01-03 03:00:00,S-01,17.73,51.1,False
2024-01-03 04:00:00,S-01,19.56,49.7,False
2024-01-03 05:00:00,S-01,20.91,58.5,False
2024-01-03 06:00:00,S-01,21.31,48.0,False
2024-01-03 07:00:00,S-01,23.02,52.8,False
2024-01-03 08:00:00,S-01,23.36,55.4,False
2024-01-03 09:00:00,S-01,24.75,47.9,False
2024-01-03 10:00:00,S-01,25.97,52.7,False
2024-01-03 11:00:00,S-01,24.65,55.0,False
2024-01-03 12:00:00,S-01,25.46,51.3,False
2024-01-03 13:00:00,S-01,24.75,56.4,False
2024-01-03 14:00:00,S-01,24.79,51.1,False
2024-01-03 15:00:00,S-01,23.07,49.1,False
2024-01-03 16:00:00,S-01,22.68,53.4,False
2024-01-03 17:00:00,S-01,21.99,51.3,False
2024-01-03 18:00:00,S-01,21.79,49.0,False
2024-01-03 19:00:00,S-01,20.91,50.1,False
2024-01-03 20:00:00,S-01,17.92,64.4,False
2024-01-03 21:00:00,S-01,17.47,56.4,False
2024-01-03 22:00:00,S-01,17.94,57.4,False
2024-01-03 23:00:00,S-01,15.39,58.6,False
2024-01-04 00:00:00,S-01,16.42,59.7,False
2024-01-04 01:00:00,S-01,16.8,58.1,False
2024-01-04 02:00:00,S-01,18.24,55.9,False
2024-01-04 03:00:00,S-01,18.37,53.4,False
2024-01-04 04:00:00,S-01,18.33,52.8,False
2024-01-04 05:00:00,S-01,19.21,53.7,False
2024-01-04 06:00:00,S-01,20.29,55.6,False
2024-01-04 07:00:00,S-01,22.69,58.0,False
2024-01-04 08:00:00,S-01,22.04,55.7,False
2024-01-04 09:00:00,S-01,22.92,57.0,False
2024-01-04 10:00:00,S-01,24.02,51.7,False
2024-01-04 11:00:00,S-01,23.99,50.0,False
2024-01-04 12:00:00,S-01,24.01,46.3,False
2024-01-04 13:00:00,S-01,23.09,51.4,False
2024-01-04 14:00:00,S-01,23.51,44.4,False
2024-01-04 15:00:00,S-01,22.48,51.2,False
2024-01-04 16:00:00,S-01,22.89,56.5,False
2024-01-04 17:00:00,S-01,21.46,54.3,False
2024-01-04 18:00:00,S-01,19.83,58.6,False
2024-01-04 19:00:00,S-01,19.29,54.8,False
2024-01-04 20:00:00,S-01,17.47,54.0,False
2024-01-04 21:00:00,S-01,17.7,56.4,False
2024-01-04 22:00:00,S-01,16.17,58.5,False
2024-01-04 23:00:00,S-01,16.19,63.2,False
2024-01-05 00:00:00,S-01,14.51,67.6,False
2024-01-05 01:00:00,S-01,15.91,57.8,False
2024-01-05 02:00:00,S-01,14.63,60.4,False
2024-01-05 03:00:00,S-01,14.94,60.7,False
2024-01-05 04:00:00,S-01,17.11,57.5,False
2024-01-05 05:00:00,S-01,17.56,54.3,False
2024-01-05 06:00:00,S-01,19.4,56.1,False
2024-01-05 07:00:00,S-01,22.06,53.7,False
2024-01-05 08:00:00,S-01,20.52,55.6,False
2024-01-05 09:00:00,S-01,21.48,49.7,False
2024-01-05 10:00:00,S-01,22.74,51.4,False
2024-01-05 11:00:00,S-01,23.34,45.9,False
2024-01-05 12:00:00,S-01,22.9,54.3,False
2024-01-05 13:00:00,S-01,22.71,48.8,False
2024-01-05 14:00:00,S-01,23.01,50.6,False
2024-01-05 15:00:00,S-01,22.2,51.1,False
2024-01-05 16:00:00,S-01,20.1,53.2,False
2024-01-05 17:00:00,S-01,19.87,52.1,False
2024-01-05 18:00:00,S-01,18.9,51.1,False
2024-01-05 19:00:00,S-01,16.98,63.9,False
2024-01-05 20:00:00,S-01,17.04,59.4,False
2024-01-05 21:00:00,S-01,15.3,61.5,False
2024-01-05 22:00:00,S-01,16.12,66.0,False
2024-01-05 23:00:00,S-01,15.08,60.7,False
2024-01-06 00:00:00,S-01,14.85,62.9,False
2024-01-06 01:00:00,S-01,14.43,61.8,False
2024-01-06 02:00:00,S-01,15.2,64.4,False
2024-01-06 03:00:00,S-01,14.33,63.4,False
2024-01-06 04:00:00,S-01,15.85,61.0,False
2024-01-06 05:00:00,S-01,18.01,56.7,False
2024-01-06 06:00:00,S-01,17.05,59.5,False
2024-01-06 07:00:00,S-01,20.47,58.0,False
2024-01-06 08:00:00,S-01,19.36,49.6,False
2024-01-06 09:00:00,S-01,22.2,52.1,False
2024-01-06 10:00:00,S-01,21.56,52.0,False
2024-01-06 11:00:00,S-01,23.28,50.3,False
2024-01-06 12:00:00,S-01,22.91,45.7,False
2024-01-06 13:00:00,S-01,21.45,55.5,False
2024-01-06 14:00:00,S-01,23.3,48.6,False
2024-01-06 15:00:00,S-01,22.84,51.0,False
2024-01-06 16:00:00,S-01,20.82,52.6,False
2024-01-06 17:00:00,S-01,19.72,50.4,False
2024-01-06 18:00:00,S-01,18.8,55.2,False
2024-01-06 19:00:00,S-01,17.14,53.0,False
2024-01-06 20:00:00,S-01,17.86,54.8,False
2024-01-06 21:00:00,S-01,15.75,59.3,False
2024-01-06 22:00:00,S-01,15.54,60.4,False
2024-01-06 23:00:00,S-01,14.58,61.8,False
2024-01-07 00:00:00,S-01,14.61,61.1,False
2024-01-07 01:00:00,S-01,14.27,68.4,False
2024-01-07 02:00:00,S-01,16.73,60.3,False
2024-01-07 03:00:00,S-01,16.28,55.9,False
2024-01-07 04:00:00,S-01,18.05,55.6,False
2024-01-07 05:00:00,S-01,18.29,55.2,False
2024-01-07 06:00:00,S-01,18.81,56.0,False
2024-01-07 07:00:00,S-01,20.19,53.1,False
2024-01-07 08:00:00,S-01,21.01,51.3,False
2024-01-07 09:00:00,S-01,22.34,57.2,False
2024-01-07 10:00:00,S-01,22.72,52.0,False
2024-01-07 11:00:00,S-01,23.23,50.2,False
2024-01-07 12:00:00,S-01,22.56,51.3,False
2024-01-07 13:00:00,S-01,22.93,50.9,False
2024-01-07 14:00:00,S-01,24.56,53.8,False
2024-01-07 15:00:00,S-01,22.11,54.0,False
2024-01-07 16:00:00,S-01,21.03,57.2,False
2024-01-07 17:00:00,S-01,21.24,44.3,False
2024-01-07 18:00:00,S-01,21.12,54.7,False
2024-01-07 19:00:00,S-01,17.85,60.9,False
2024-01-07 20:00:00,S-01,17.94,63.5,False
2024-01-07 21:00:00,S-01,16.83,59.0,False
2024-01-07 22:00:00,S-01,15.35,55.5,False
2024-01-07 23:00:00,S-01,17.0,60.5,False
2024-01-08 00:00:00,S-01,16.32,57.7,False
2024-01-08 01:00:00,S-01,16.59,53.8,False
2024-01-08 02:00:00,S-01,16.39,57.6,False
2024-01-08 03:00:00,S-01,18.05,60.6,False
2024-01-08 04:00:00,S-01,10.89,69.6,True
2024-01-08 05:00:00,S-01,19.48,57.9,False
2024-01-08 06:00:00,S-01,19.8,52.2,False
2024-01-08 07:00:00,S-01,20.8,61.7,False
2024-01-08 08:00:00,S-01,23.86,47.0,False
2024-01-08 09:00:00,S-01,23.27,50.9,False
2024-01-08 10:00:00,S-01,24.6,45.3,False
2024-01-08 11:00:00,S-01,24.79,53.3,False
2024-01-08 12:00:00,S-01,24.66,50.9,False
2024-01-08 13:00:00,S-01,24.52,52.4,False
2024-01-08 14:00:00,S-01,25.08,49.3,False
2024-01-08 15:00:00,S-01,23.75,50.4,False
2024-01-08 16:00:00,S-01,23.09,51.9,False
2024-01-08 17:00:00,S-01,22.31,46.7,False
2024-01-08 18:00:00,S-01,22.25,55.4,False
2024-01-08 19:00:00,S-01,20.86,56.8,False
2024-01-08 20:00:00,S-01,19.7,54.3,False
2024-01-08 21:00:00,S-01,18.16,57.3,False
2024-01-08 22:00:00,S-01,16.91,59.7,False
2024-01-08 23:00:00,S-01,18.41,61.7,False
2024-01-09 00:00:00,S-01,18.33,58.4,False
2024-01-09 01:00:00,S-01,17.62,58.1,False
2024-01-09 02:00:00,S-01,18.6,55.3,False
2024-01-09 03:00:00,S-01,19.46,51.3,False
2024-01-09 04:00:00,S-01,20.36,52.9,False
2024-01-09 05:00:00,S-01,21.42,53.6,False
2024-01-09 06:00:00,S-01,21.38,52.7,False
2024-01-09 07:00:00,S-01,24.02,50.5,False
2024-01-09 08:00:00,S-01,22.8,54.0,False
2024-01-09 09:00:00,S-01,25.34,50.0,False
2024-01-09 10:00:00,S-01,25.7,49.1,False
2024-01-09 11:00:00,S-01,26.42,49.4,False
2024-01-09 12:00:00,S-01,27.37,46.8,False
2024-01-09 13:00:00,S-01,26.94,46.7,False
2024-01-09 14:00:00,S-01,24.44,51.2,False
2024-01-09 15:00:00,S-01,23.38,45.9,False
2024-01-09 16:00:00,S-01,24.57,53.4,False
2024-01-09 17:00:00,S-01,22.14,48.7,False
2024-01-09 18:00:00,S-01,21.91,55.4,False
2024-01-09 19:00:00,S-01,21.56,53.3,False
2024-01-09 20:00:00,S-01,18.6,60.1,False
2024-01-09 21:00:00,S-01,17.4,58.4,False
2024-01-09 22:00:00,S-01,18.65,53.9,False
2024-01-09 23:00:00,S-01,18.08,60.7,False
2024-01-10 00:00:00,S-01,17.7,58.5,False
2024-01-10 01:00:00,S-01,18.05,57.8,False
2024-01-10 02:00:00,S-01,17.72,58.1,False
2024-01-10 03:00:00,S-01,17.81,60.8,False
2024-01-10 04:00:00,S-01,19.7,58.0,False
2024-01-10 05:00:00,S-01,20.0,55.8,False
2024-01-10 06:00:00,S-01,20.48,49.9,False
2024-01-10 07:00:00,S-01,23.21,50.1,False
2024-01-10 08:00:00,S-01,23.7,51.0,False
2024-01-10 09:00:00,S-01,24.87,54.7,False
2024-01-10 10:00:00,S-01,24.36,51.1,False
2024-01-10 11:00:00,S-01,25.0,48.9,False
2024-01-10 12:00:00,S-01,24.83,53.0,False
2024-01-10 13:00:00,S-01,24.75,49.1,False
2024-01-10 14:00:00,S-01,25.18,48.9,False
2024-01-10 15:00:00,S-01,23.72,51.2,False
2024-01-10 16:00:00,S-01,23.77,46.1,False
2024-01-10 17:00:00,S-01,22.75,54.7,False
2024-01-10 18:00:00,S-01,23.02,52.8,False
2024-01-10 19:00:00,S-01,19.21,55.3,False
2024-01-10 20:00:00,S-01,20.03,51.7,False
2024-01-10 21:00:00,S-01,18.37,57.8,False
2024-01-10 22:00:00,S-01,17.75,62.1,False
2024-01-10 23:00:00,S-01,16.16,57.9,False
2024-01-11 00:00:00,S-01,16.76,55.9,False
2024-01-11 01:00:00,S-01,17.81,59.1,False
2024-01-11 02:00:00,S-01,17.5,53.4,False
2024-01-11 03:00:00,S-01,18.22,50.6,False
2024-01-11 04:00:00,S-01,18.7,55.4,False
2024-01-11 05:00:00,S-01,20.77,52.2,False
2024-01-11 06:00:00,S-01,20.81,53.4,False
2024-01-11 07:00:00,S-01,20.05,53.5,False
2024-01-11 08:00:00,S-01,22.17,53.6,False
2024-01-11 09:00:00,S-01,21.92,52.2,False
2024-01-11 10:00:00,S-01,21.48,51.6,False
2024-01-11 11:00:00,S-01,24.0,49.0,False
2024-01-11 12:00:00,S-01,25.57,50.4,False
2024-01-11 13:00:00,S-01,24.35,52.8,False
2024-01-11 14:00:00,S-01,22.92,54.4,False
2024-01-11 15:00:00,S-01,22.42,54.4,False
2024-01-11 16:00:00,S-01,23.19,41.4,False
2024-01-11 17:00:00,S-01,21.4,50.5,False
2024-01-11 18:00:00,S-01,20.22,54.0,False
2024-01-11 19:00:00,S-01,19.05,56.9,False
2024-01-11 20:00:00,S-01,18.11,52.6,False
2024-01-11 21:00:00,S-01,17.84,62.0,False
2024-01-11 22:00:00,S-01,16.95,59.7,False
2024-01-11 23:00:00,S-01,16.24,57.8,False
2024-01-12 00:00:00,S-01,15.04,61.6,False
2024-01-12 01:00:00,S-01,16.37,58.5,False
2024-01-12 02:00:00,S-01,15.77,58.0,False
2024-01-12 03:00:00,S-01,17.78,59.4,False
2024-01-12 04:00:00,S-01,16.67,57.8,False
2024-01-12 05:00:00,S-01,18.5,52.7,False
2024-01-12 06:00:00,S-01,19.6,53.8,False
2024-01-12 07:00:00,S-01,19.54,55.4,False
2024-01-12 08:00:00,S-01,22.9,48.5,False
2024-01-12 09:00:00,S-01,23.48,54.8,False
2024-01-12 10:00:00,S-01,22.54,48.9,False
2024-01-12 11:00:00,S-01,23.89,55.8,False
2024-01-12 12:00:00,S-01,23.68,53.4,False
2024-01-12 13:00:00,S-01,21.12,51.0,False
2024-01-12 14:00:00,S-01,22.98,52.0,False
2024-01-12 15:00:00,S-01,22.07,56.3,False
2024-01-12 16:00:00,S-01,21.33,53.0,False
2024-01-12 17:00:00,S-01,19.41,52.3,False
2024-01-12 18:00:00,S-01,19.0,56.7,False
2024-01-12 19:00:00,S-01,18.01,63.5,False
2024-01-12 20:00:00,S-01,18.12,53.0,False
2024-01-12 21:00:00,S-01,16.59,60.9,False
2024-01-12 22:00:00,S-01,15.67,60.4,False
2024-01-12 23:00:00,S-01,16.48,59.1,False
2024-01-13 00:00:00,S-01,14.67,60.4,False
2024-01-13 01:00:00,S-01,14.93,60.3,False
2024-01-13 02:00:00,S-01,14.18,65.3,False
2024-01-13 03:00:00,S-01,17.52,60.0,False
2024-01-13 04:00:00,S-01,17.86,54.8,False
2024-01-13 05:00:00,S-01,18.79,61.3,False
2024-01-13 06:00:00,S-01,19.62,51.8,False
2024-01-13 07:00:00,S-01,20.21,56.9,False
2024-01-13 08:00:00,S-01,21.27,54.2,False
2024-01-13 09:00:00,S-01,21.73,56.7,False
2024-01-13 10:00:00,S-01,22.41,53.4,False
2024-01-13 11:00:00,S-01,23.03,54.7,False
2024-01-13 12:00:00,S-01,24.35,49.9,False
2024-01-13 13:00:00,S-01,23.46,54.0,False
2024-01-13 14:00:00,S-01,15.95,61.1,True
2024-01-13 15:00:00,S-01,21.56,59.8,False
2024-01-13 16:00:00,S-01,20.7,52.3,False
2024-01-13 17:00:00,S-01,21.55,56.9,False
2024-01-13 18:00:00,S-01,19.67,57.0,False
2024-01-13 19:00:00,S-01,18.31,57.8,False
2024-01-13 20:00:00,S-01,17.04,57.1,False
2024-01-13 21:00:00,S-01,15.63,61.8,False
2024-01-13 22:00:00,S-01,15.86,55.8,False
2024-01-13 23:00:00,S-01,16.25,55.6,False
2024-01-14 00:00:00,S-01,15.14,63.2,False
2024-01-14 01:00:00,S-01,15.44,56.0,False
2024-01-14 02:00:00,S-01,15.89,64.5,False
2024-01-14 03:00:00,S-01,16.83,58.2,False
2024-01-14 04:00:00,S-01,16.34,60.4,False
2024-01-14 05:00:00,S-01,18.43,57.3,False
2024-01-14 06:00:00,S-01,19.02,57.7,False
2024-01-14 07:00:00,S-01,21.49,52.6,False
2024-01-14 08:00:00,S-01,21.18,52.7,False
2024-01-14 09:00:00,S-01,23.13,51.1,False
2024-01-14 10:00:00,S-01,24.58,52.9,False
2024-01-14 11:00:00,S-01,23.56,54.4,False
2024-01-14 12:00:00,S-01,23.52,54.8,False
2024-01-14 13:00:00,S-01,24.07,51.4,False
2024-01-14 14:00:00,S-01,23.57,50.3,False
2024-01-14 15:00:00,S-01,22.19,47.6,False
2024-01-14 16:00:00,S-01,22.58,54.1,False
2024-01-14 17:00:00,S-01,22.92,54.2,False
2024-01-14 18:00:00,S-01,20.12,53.9,False
2024-01-14 19:00:00,S-01,19.19,58.6,False
2024-01-14 20:00:00,S-01,17.6,62.0,False
2024-01-14 21:00:00,S-01,17.92,58.0,False
2024-01-14 22:00:00,S-01,16.09,63.1,False
2024-01-14 23:00:00,S-01,15.86,61.1,False
2024-01-15 00:00:00,S-01,17.7,52.8,False
2024-01-15 01:00:00,S-01,16.14,58.4,False
2024-01-15 02:00:00,S-01,18.19,56.2,False
2024-01-15 03:00:00,S-01,19.24,57.7,False
2024-01-15 04:00:00,S-01,19.11,53.7,False
2024-01-15 05:00:00,S-01,20.37,53.5,False
2024-01-15 06:00:00,S-01,22.58,49.2,False
2024-01-15 07:00:00,S-01,21.95,52.8,False
2024-01-15 08:00:00,S-01,22.66,52.3,False
2024-01-15 09:00:00,S-01,22.93,54.6,False
2024-01-15 10:00:00,S-01,24.74,51.9,False
2024-01-15 11:00:00,S-01,26.34,48.1,False
2024-01-15 12:00:00,S-01,26.11,48.6,False
2024-01-15 13:00:00,S-01,24.51,50.1,False
2024-01-15 14:00:00,S-01,24.23,50.5,False
2024-01-15 15:00:00,S-01,23.93,55.2,False
2024-01-15 16:00:00,S-01,23.78,43.2,False
2024-01-15 17:00:00,S-01,22.47,51.7,False
2024-01-15 18:00:00,S-01,21.81,54.0,False
2024-01-15 19:00:00,S-01,20.89,57.6,False
2024-01-15 20:00:00,S-01,19.49,52.6,False
2024-01-15 21:00:00,S-01,18.91,57.6,False
2024-01-15 22:00:00,S-01,18.52,59.6,False
2024-01-15 23:00:00,S-01,17.92,56.4,False
2024-01-16 00:00:00,S-01,18.3,51.6,False
2024-01-16 01:00:00,S-01,19.56,54.7,False
2024-01-16 02:00:00,S-01,18.97,52.9,False
2024-01-16 03:00:00,S-01,19.21,58.1,False
2024-01-16 04:00:00,S-01,18.68,54.3,False
2024-01-16 05:00:00,S-01,21.33,59.0,False
2024-01-16 06:00:00,S-01,20.53,55.0,False
2024-01-16 07:00:00,S-01,22.02,50.4,False
2024-01-16 08:00:00,S-01,24.82,47.9,False
2024-01-16 09:00:00,S-01,25.55,45.3,False
2024-01-16 10:00:00,S-01,25.52,49.8,False
2024-01-16 11:00:00,S-01,24.69,54.1,False
2024-01-16 12:00:00,S-01,25.91,47.5,False
2024-01-16 13:00:00,S-01,25.54,51.4,False
2024-01-16 14:00:00,S-01,26.2,45.0,False
2024-01-16 15:00:00,S-01,26.88,47.9,False
2024-01-16 16:00:00,S-01,24.42,56.8,False
2024-01-16 17:00:00,S-01,22.66,47.8,False
2024-01-16 18:00:00,S-01,21.32,57.3,False
2024-01-16 19:00:00,S-01,21.18,57.3,False
2024-01-16 20:00:00,S-01,20.11,49.5,False
2024-01-16 21:00:00,S-01,18.5,52.7,False
2024-01-16 22:00:00,S-01,18.88,53.7,False
2024-01-16 23:00:00,S-01,17.46,61.2,False
2024-01-17 00:00:00,S-01,19.12,55.0,False
2024-01-17 01:00:00,S-01,19.21,55.7,False
2024-01-17 02:00:00,S-01,19.61,57.8,False
2024-01-17 03:00:00,S-01,18.98,56.8,False
2024-01-17 04:00:00,S-01,20.58,55.2,False
2024-01-17 05:00:00,S-01,21.01,53.1,False
2024-01-17 06:00:00,S-01,21.82,56.4,False
2024-01-17 07:00:00,S-01,22.87,49.4,False
2024-01-17 08:00:00,S-01,23.04,56.6,False
2024-01-17 09:00:00,S-01,23.73,49.7,False
2024-01-17 10:00:00,S-01,26.13,45.5,False
2024-01-17 11:00:00,S-01,25.71,50.3,False
2024-01-17 12:00:00,S-01,26.14,49.2,False
2024-01-17 13:00:00,S-01,26.6,41.4,False
2024-01-17 14:00:00,S-01,23.97,51.1,False
2024-01-17 15:00:00,S-01,24.06,46.3,False
2024-01-17 16:00:00,S-01,23.96,48.0,False
2024-01-17 17:00:00,S-01,23.13,53.8,False
2024-01-17 18:00:00,S-01,21.44,50.9,False
2024-01-17 19:00:00,S-01,21.48,54.5,False
2024-01-17 20:00:00,S-01,19.82,54.3,False
2024-01-17 21:00:00,S-01,17.81,63.6,False
2024-01-17 22:00:00,S-01,17.35,58.1,False
2024-01-17 23:00:00,S-01,18.3,53.7,False
2024-01-18 00:00:00,S-01,17.84,54.5,False
2024-01-18 01:00:00,S-01,16.03,57.3,False
2024-01-18 02:00:00,S-01,18.98,56.8,False
2024-01-18 03:00:00,S-01,18.97,56.4,False
2024-01-18 04:00:00,S-01,20.34,57.7,False
2024-01-18 05:00:00,S-01,19.87,55.9,False
2024-01-18 06:00:00,S-01,20.93,54.5,False
2024-01-18 07:00:00,S-01,21.24,54.7,False
2024-01-18 08:00:00,S-01,25.09,48.7,False
2024-01-18 09:00:00,S-01,23.69,51.7,False
2024-01-18 10:00:00,S-01,25.68,50.7,False
2024-01-18 11:00:00,S-01,24.24,52.5,False
2024-01-18 12:00:00,S-01,24.97,47.6,False
2024-01-18 13:00:00,S-01,23.31,45.9,False
2024-01-18 14:00:00,S-01,23.89,48.1,False
2024-01-18 15:00:00,S-01,24.29,50.9,False
2024-01-18 16:00:00,S-01,21.62,45.8,False
2024-01-18 17:00:00,S-01,22.46,50.8,False
2024-01-18 18:00:00,S-01,20.79,55.6,False
2024-01-18 19:00:00,S-01,18.6,55.2,False
2024-01-18 20:00:00,S-01,18.01,54.2,False
2024-01-18 21:00:00,S-01,17.17,63.8,False
2024-01-18 22:00:00,S-01,16.81,63.2,False
2024-01-18 23:00:00,S-01,15.97,59.2,False
2024-01-19 00:00:00,S-01,15.55,64.5,False
2024-01-19 01:00:00,S-01,16.06,63.8,False
2024-01-19 02:00:00,S-01,15.83,56.8,False
2024-01-19 03:00:00,S-01,16.21,67.8,False
2024-01-19 04:00:00,S-01,17.99,54.8,False
2024-01-19 05:00:00,S-01,19.65,54.8,False
2024-01-19 06:00:00,S-01,18.72,53.4,False
2024-01-19 07:00:00,S-01,20.94,54.3,False
2024-01-19 08:00:00,S-01,21.34,49.6,False
2024-01-19 09:00:00,S-01,21.87,52.9,False
2024-01-19 10:00:00,S-01,23.93,53.7,False
2024-01-19 11:00:00,S-01,23.2,52.0,False
2024-01-19 12:00:00,S-01,24.91,48.5,False
2024-01-19 13:00:00,S-01,22.92,56.3,False
2024-01-19 14:00:00,S-01,23.43,48.4,False
2024-01-19 15:00:00,S-01,22.27,55.3,False
2024-01-19 16:00:00,S-01,20.99,53.1,False
2024-01-19 17:00:00,S-01,21.08,54.5,False
2024-01-19 18:00:00,S-01,19.42,55.9,False
2024-01-19 19:00:00,S-01,18.97,56.8,False
2024-01-19 20:00:00,S-01,17.47,58.0,False
2024-01-19 21:00:00,S-01,15.79,57.9,False
2024-01-19 22:00:00,S-01,15.93,58.3,False
2024-01-19 23:00:00,S-01,15.64,61.7,False
2024-01-20 00:00:00,S-01,16.22,59.4,False
2024-01-20 01:00:00,S-01,22.19,49.0,True
2024-01-20 02:00:00,S-01,15.94,57.9,False
2024-01-20 03:00:00,S-01,15.22,58.8,False
2024-01-20 04:00:00,S-01,17.95,57.4,False
2024-01-20 05:00:00,S-01,17.52,58.6,False
2024-01-20 06:00:00,S-01,17.98,57.8,False
2024-01-20 07:00:00,S-01,20.41,52.7,False
2024-01-20 08:00:00,S-01,22.32,52.4,False
2024-01-20 09:00:00,S-01,21.05,49.8,False
2024-01-20 10:00:00,S-01,22.04,44.0,False
2024-01-20 11:00:00,S-01,22.73,51.7,False
2024-01-20 12:00:00,S-01,22.57,47.1,False
2024-01-20 13:00:00,S-01,23.66,47.9,False
2024-01-20 14:00:00,S-01,30.1,39.4,True
2024-01-20 15:00:00,S-01,21.78,54.9,False
2024-01-20 16:00:00,S-01,22.01,49.1,False
2024-01-20 17:00:00,S-01,20.0,55.9,False
2024-01-20 18:00:00,S-01,19.94,53.7,False
2024-01-20 19:00:00,S-01,17.81,54.0,False
2024-01-20 20:00:00,S-01,16.68,54.4,False
2024-01-20 21:00:00,S-01,15.39,62.0,False
2024-01-20 22:00:00,S-01,17.74,59.0,False
2024-01-20 23:00:00,S-01,15.63,62.6,False
2024-01-21 00:00:00,S-01,15.98,65.4,False
2024-01-21 01:00:00,S-01,15.94,60.8,False
2024-01-21 02:00:00,S-01,16.53,60.1,False
2024-01-21 03:00:00,S-01,17.12,58.2,False
2024-01-21 04:00:00,S-01,29.33,44.2,True
2024-01-21 05:00:00,S-01,18.13,56.3,False
2024-01-21 06:00:00,S-01,18.79,53.8,False
2024-01-21 07:00:00,S-01,20.31,60.7,False
2024-01-21 08:00:00,S-01,21.06,48.2,False
2024-01-21 09:00:00,S-01,23.61,51.5,False
2024-01-21 10:00:00,S-01,24.35,51.2,False
2024-01-21 11:00:00,S-01,23.38,51.4,False
2024-01-21 12:00:00,S-01,23.22,48.3,False
2024-01-21 13:00:00,S-01,23.97,49.7,False
2024-01-21 14:00:00,S-01,25.02,47.6,False
2024-01-21 15:00:00,S-01,21.07,50.5,False
2024-01-21 16:00:00,S-01,22.97,51.3,False
2024-01-21 17:00:00,S-01,20.78,52.9,False
2024-01-21 18:00:00,S-01,21.49,51.6,False
2024-01-21 19:00:00,S-01,18.82,58.5,False
2024-01-21 20:00:00,S-01,18.55,53.6,False
2024-01-21 21:00:00,S-01,16.8,60.2,False
2024-01-21 22:00:00,S-01,16.65,57.2,False
2024-01-21 23:00:00,S-01,18.19,58.5,False
2024-01-22 00:00:00,S-01,17.66,58.0,False
2024-01-22 01:00:00,S-01,16.88,59.5,False
2024-01-22 02:00:00,S-01,16.96,55.7,False
2024-01-22 03:00:00,S-01,16.84,56.5,False
2024-01-22 04:00:00,S-01,18.92,53.7,False
2024-01-22 05:00:00,S-01,20.24,55.2,False
2024-01-22 06:00:00,S-01,21.29,55.7,False
2024-01-22 07:00:00,S-01,22.37,55.4,False
2024-01-22 08:00:00,S-01,22.57,50.4,False
2024-01-22 09:00:00,S-01,24.3,50.1,False
2024-01-22 10:00:00,S-01,25.01,44.1,False
2024-01-22 11:00:00,S-01,26.53,40.5,False
2024-01-22 12:00:00,S-01,27.18,43.8,False
2024-01-22 13:00:00,S-01,25.49,46.4,False
2024-01-22 14:00:00,S-01,24.64,44.8,False
2024-01-22 15:00:00,S-01,24.61,44.1,False
2024-01-22 16:00:00,S-01,23.4,52.5,False
2024-01-22 17:00:00,S-01,22.37,49.7,False
2024-01-22 18:00:00,S-01,21.93,47.6,False
2024-01-22 19:00:00,S-01,20.15,61.7,False
2024-01-22 20:00:00,S-01,20.55,54.8,False
2024-01-22 21:00:00,S-01,19.2,55.0,False
2024-01-22 22:00:00,S-01,18.89,58.3,False
2024-01-22 23:00:00,S-01,18.18,54.9,False
2024-01-23 00:00:00,S-01,17.65,62.5,False
2024-01-23 01:00:00,S-01,17.64,53.2,False
2024-01-23 02:00:00,S-01,18.65,52.7,False
2024-01-23 03:00:00,S-01,19.06,55.7,False
2024-01-23 04:00:00,S-01,20.55,52.0,False
2024-01-23 05:00:00,S-01,21.35,57.5,False
2024-01-23 06:00:00,S-01,21.33,48.5,False
2024-01-23 07:00:00,S-01,23.53,48.5,False
2024-01-23 08:00:00,S-01,23.39,51.6,False
2024-01-23 09:00:00,S-01,24.83,50.8,False
2024-01-23 10:00:00,S-01,25.74,51.0,False
2024-01-23 11:00:00,S-01,24.73,50.3,False
2024-01-23 12:00:00,S-01,26.62,53.6,False
2024-01-23 13:00:00,S-01,26.54,45.6,False
2024-01-23 14:00:00,S-01,25.9,48.4,False
2024-01-23 15:00:00,S-01,25.07,51.4,False
2024-01-23 16:00:00,S-01,24.28,48.8,False
2024-01-23 17:00:00,S-01,22.84,50.6,False
2024-01-23 18:00:00,S-01,22.38,50.7,False
2024-01-23 19:00:00,S-01,21.12,51.6,False
2024-01-23 20:00:00,S-01,20.67,50.7,False
2024-01-23 21:00:00,S-01,18.8,54.7,False
2024-01-23 22:00:00,S-01,19.31,51.1,False
2024-01-23 23:00:00,S-01,18.83,57.4,False
2024-01-24 00:00:00,S-01,18.45,52.0,False
2024-01-24 01:00:00,S-01,18.34,63.0,False
2024-01-24 02:00:00,S-01,19.52,60.5,False
2024-01-24 03:00:00,S-01,18.37,60.1,False
2024-01-24 04:00:00,S-01,20.88,53.2,False
2024-01-24 05:00:00,S-01,21.65,51.1,False
2024-01-24 06:00:00,S-01,22.69,55.3,False
2024-01-24 07:00:00,S-01,23.79,50.9,False
2024-01-24 08:00:00,S-01,23.9,51.9,False
2024-01-24 09:00:00,S-01,25.01,46.7,False
2024-01-24 10:00:00,S-01,26.34,50.4,False
2024-01-24 11:00:00,S-01,26.54,44.6,False
2024-01-24 12:00:00,S-01,26.47,47.4,False
2024-01-24 13:00:00,S-01,24.92,43.8,False
2024-01-24 14:00:00,S-01,26.13,45.6,False
2024-01-24 15:00:00,S-01,25.96,49.2,False
2024-01-24 16:00:00,S-01,24.96,47.6,False
2024-01-24 17:00:00,S-01,23.34,49.5,False
2024-01-24 18:00:00,S-01,20.83,56.2,False
2024-01-24 19:00:00,S-01,21.75,52.5,False
2024-01-24 20:00:00,S-01,19.87,58.7,False
2024-01-24 21:00:00,S-01,17.09,51.1,False
2024-01-24 22:00:00,S-01,18.74,58.1,False
2024-01-24 23:00:00,S-01,16.79,60.2,False
2024-01-25 00:00:00,S-01,16.77,54.1,False
2024-01-25 01:00:00,S-01,17.38,54.1,False
2024-01-25 02:00:00,S-01,19.26,58.4,False
2024-01-25 03:00:00,S-01,18.53,53.4,False
2024-01-25 04:00:00,S-01,19.82,53.2,False
2024-01-25 05:00:00,S-01,21.91,54.3,False
2024-01-25 06:00:00,S-01,22.77,50.5,False
2024-01-25 07:00:00,S-01,22.4,53.4,False
2024-01-25 08:00:00,S-01,23.2,48.4,False
2024-01-25 09:00:00,S-01,23.16,51.9,False
2024-01-25 10:00:00,S-01,24.19,53.0,False
2024-01-25 11:00:00,S-01,25.43,49.3,False
2024-01-25 12:00:00,S-01,25.49,41.7,False
2024-01-25 13:00:00,S-01,25.07,50.7,False
2024-01-25 14:00:00,S-01,25.33,48.6,False
2024-01-25 15:00:00,S-01,23.22,48.3,False
2024-01-25 16:00:00,S-01,22.92,55.5,False
2024-01-25 17:00:00,S-01,22.53,46.6,False
2024-01-25 18:00:00,S-01,21.32,58.9,False
2024-01-25 19:00:00,S-01,20.62,52.2,False
2024-01-25 20:00:00,S-01,19.07,60.7,False
2024-01-25 21:00:00,S-01,17.62,57.6,False
2024-01-25 22:00:00,S-01,17.47,53.9,False
2024-01-25 23:00:00,S-01,15.93,60.0,False
2024-01-26 00:00:00,S-01,15.24,61.5,False
2024-01-26 01:00:00,S-01,17.1,59.9,False
2024-01-26 02:00:00,S-01,16.95,61.7,False
2024-01-26 03:00:00,S-01,17.83,54.8,False
2024-01-26 04:00:00,S-01,17.0,59.9,False
2024-01-26 05:00:00,S-01,18.99,58.2,False
2024-01-26 06:00:00,S-01,19.8,54.3,False
2024-01-26 07:00:00,S-01,20.58,51.3,False
2024-01-26 08:00:00,S-01,20.39,51.5,False
2024-01-26 09:00:00,S-01,22.72,53.8,False
2024-01-26 10:00:00,S-01,24.3,52.1,False
2024-01-26 11:00:00,S-01,24.25,47.3,False
2024-01-26 12:00:00,S-01,23.57,46.6,False
2024-01-26 13:00:00,S-01,23.87,53.9,False
2024-01-26 14:00:00,S-01,24.06,45.3,False
2024-01-26 15:00:00,S-01,20.58,54.6,False
2024-01-26 16:00:00,S-01,21.83,50.2,False
2024-01-26 17:00:00,S-01,21.38,47.9,False
2024-01-26 18:00:00,S-01,20.43,54.7,False
2024-01-26 19:00:00,S-01,20.19,54.0,False
2024-01-26 20:00:00,S-01,18.75,60.6,False
2024-01-26 21:00:00,S-01,17.25,64.9,False
2024-01-26 22:00:00,S-01,16.59,58.4,False
2024-01-26 23:00:00,S-01,16.56,62.0,False
2024-01-27 00:00:00,S-01,15.35,63.5,False
2024-01-27 01:00:00,S-01,15.88,58.2,False
2024-01-27 02:00:00,S-01,17.03,55.8,False
2024-01-27 03:00:00,S-01,18.5,61.4,False
2024-01-27 04:00:00,S-01,17.63,56.6,False
2024-01-27 05:00:00,S-01,18.69,56.3,False
2024-01-27 06:00:00,S-01,19.92,54.1,False
2024-01-27 07:00:00,S-01,21.87,52.2,False
2024-01-27 08:00:00,S-01,21.74,50.9,False
2024-01-27 09:00:00,S-01,23.78,52.5,False
2024-01-27 10:00:00,S-01,22.48,55.6,False
2024-01-27 11:00:00,S-01,23.51,49.5,False
2024-01-27 12:00:00,S-01,23.65,46.3,False
2024-01-27 13:00:00,S-01,24.32,49.8,False
2024-01-27 14:00:00,S-01,24.14,45.4,False
2024-01-27 15:00:00,S-01,21.48,51.1,False
2024-01-27 16:00:00,S-01,21.15,57.1,False
2024-01-27 17:00:00,S-01,21.21,60.3,False
2024-01-27 18:00:00,S-01,19.41,56.7,False
2024-01-27 19:00:00,S-01,17.71,54.4,False
2024-01-27 20:00:00,S-01,18.82,58.6,False
2024-01-27 21:00:00,S-01,17.59,51.0,False
2024-01-27 22:00:00,S-01,16.98,56.4,False
2024-01-27 23:00:00,S-01,15.84,64.4,False
2024-01-28 00:00:00,S-01,16.95,60.7,False
2024-01-28 01:00:00,S-01,16.11,55.4,False
2024-01-28 02:00:00,S-01,17.61,52.7,False
2024-01-28 03:00:00,S-01,16.68,61.4,False
2024-01-28 04:00:00,S-01,17.6,57.6,False
2024-01-28 05:00:00,S-01,19.46,53.7,False
2024-01-28 06:00:00,S-01,19.81,56.3,False
2024-01-28 07:00:00,S-01,21.99,50.7,False
2024-01-28 08:00:00,S-01,22.68,45.9,False
2024-01-28 09:00:00,S-01,22.61,54.1,False
2024-01-28 10:00:00,S-01,24.09,48.0,False
2024-01-28 11:00:00,S-01,24.2,46.8,False
2024-01-28 12:00:00,S-01,25.4,44.4,False
2024-01-28 13:00:00,S-01,24.08,50.7,False
2024-01-28 14:00:00,S-01,23.89,47.8,False
2024-01-28 15:00:00,S-01,24.63,51.1,False
2024-01-28 16:00:00,S-01,24.68,48.4,False
2024-01-28 17:00:00,S-01,23.58,53.8,False
2024-01-28 18:00:00,S-01,21.05,52.4,False
2024-01-28 19:00:00,S-01,20.19,52.6,False
2024-01-28 20:00:00,S-01,20.34,48.5,False
2024-01-28 21:00:00,S-01,18.24,53.7,False
2024-01-28 22:00:00,S-01,16.98,60.6,False
2024-01-28 23:00:00,S-01,17.52,66.9,False
2024-01-29 00:00:00,S-01,17.71,53.9,False
2024-01-29 01:00:00,S-01,16.88,55.5,False
2024-01-29 02:00:00,S-01,16.68,59.8,False
2024-01-29 03:00:00,S-01,17.54,59.2,False
2024-01-29 04:00:00,S-01,20.11,52.7,False
2024-01-29 05:00:00,S-01,19.99,55.1,False
2024-01-29 06:00:00,S-01,21.58,48.1,False
2024-01-29 07:00:00,S-01,22.95,50.4,False
2024-01-29 08:00:00,S-01,24.3,52.4,False
2024-01-29 09:00:00,S-01,24.42,54.4,False
2024-01-29 10:00:00,S-01,25.78,47.4,False
2024-01-29 11:00:00,S-01,25.12,47.9,False
2024-01-29 12:00:00,S-01,25.73,49.3,False
2024-01-29 13:00:00,S-01,25.12,52.0,False
2024-01-29 14:00:00,S-01,26.49,48.5,False
2024-01-29 15:00:00,S-01,24.98,46.6,False
2024-01-29 16:00:00,S-01,23.63,51.5,False
2024-01-29 17:00:00,S-01,23.02,54.1,False
2024-01-29 18:00:00,S-01,22.14,50.1,False
2024-01-29 19:00:00,S-01,21.89,48.6,False
2024-01-29 20:00:00,S-01,19.13,57.4,False
2024-01-29 21:00:00,S-01,18.79,57.4,False
2024-01-29 22:00:00,S-01,18.72,59.3,False
2024-01-29 23:00:00,S-01,20.69,54.3,False
2024-01-30 00:00:00,S-01,19.33,53.7,False
2024-01-30 01:00:00,S-01,18.65,55.2,False
2024-01-30 02:00:00,S-01,19.74,52.1,False
2024-01-30 03:00:00,S-01,21.49,50.2,False
2024-01-30 04:00:00,S-01,20.51,52.6,False
2024-01-30 05:00:00,S-01,21.4,51.7,False
2024-01-30 06:00:00,S-01,23.73,53.7,False
2024-01-30 07:00:00,S-01,24.21,46.1,False
2024-01-30 08:00:00,S-01,25.34,48.3,False
2024-01-30 09:00:00,S-01,25.25,46.8,False
2024-01-30 10:00:00,S-01,27.85,49.9,False
2024-01-30 11:00:00,S-01,28.09,45.9,False
2024-01-30 12:00:00,S-01,27.33,44.9,False
2024-01-30 13:00:00,S-01,27.3,48.5,False
2024-01-30 14:00:00,S-01,24.75,49.4,False
2024-01-30 15:00:00,S-01,26.25,45.9,False
2024-01-30 16:00:00,S-01,24.76,53.7,False
2024-01-30 17:00:00,S-01,24.31,51.8,False
2024-01-30 18:00:00,S-01,23.47,55.8,False
2024-01-30 19:00:00,S-01,21.62,56.4,False
2024-01-30 20:00:00,S-01,19.58,57.7,False
2024-01-30 21:00:00,S-01,20.39,54.8,False
2024-01-30 22:00:00,S-01,18.86,53.0,False
2024-01-30 23:00:00,S-01,18.78,58.4,False
2024-01-31 00:00:00,S-01,18.42,57.0,False
2024-01-31 01:00:00,S-01,18.75,58.4,False
2024-01-31 02:00:00,S-01,17.57,57.8,False
2024-01-31 03:00:00,S-01,21.01,51.6,False
2024-01-31 04:00:00,S-01,21.05,50.6,False
2024-01-31 05:00:00,S-01,22.68,53.7,False
2024-01-31 06:00:00,S-01,24.39,53.5,False
2024-01-31 07:00:00,S-01,23.83,49.4,False
2024-01-31 08:00:00,S-01,23.31,52.2,False
2024-01-31 09:00:00,S-01,24.84,53.2,False
2024-01-31 10:00:00,S-01,25.2,46.1,False
2024-01-31 11:00:00,S-01,26.13,46.5,False
2024-01-31 12:00:00,S-01,26.7,43.5,False
2024-01-31 13:00:00,S-01,24.86,52.5,False
2024-01-31 14:00:00,S-01,26.31,48.1,False
2024-01-31 15:00:00,S-01,24.15,48.5,False
2024-01-31 16:00:00,S-01,24.73,44.3,False
2024-01-31 17:00:00,S-01,23.4,50.3,False
2024-01-31 18:00:00,S-01,22.16,55.3,False
2024-01-31 19:00:00,S-01,21.28,52.5,False
2024-01-31 20:00:00,S-01,19.89,53.7,False
2024-01-31 21:00:00,S-01,18.96,58.0,False
2024-01-31 22:00:00,S-01,17.42,54.3,False
2024-01-31 23:00:00,S-01,18.3,57.1,False
2024-02-01 00:00:00,S-01,19.62,57.1,False
2024-02-01 01:00:00,S-01,19.81,52.8,False
2024-02-01 02:00:00,S-01,19.63,52.8,False
2024-02-01 03:00:00,S-01,19.73,55.9,False
2024-02-01 04:00:00,S-01,19.4,55.3,False
2024-02-01 05:00:00,S-01,22.01,51.8,False
2024-02-01 06:00:00,S-01,21.79,53.4,False
2024-02-01 07:00:00,S-01,22.76,52.2,False
2024-02-01 08:00:00,S-01,23.49,47.9,False
2024-02-01 09:00:00,S-01,24.58,47.4,False
2024-02-01 10:00:00,S-01,24.74,50.5,False
2024-02-01 11:00:00,S-01,25.36,51.8,False
2024-02-01 12:00:00,S-01,24.64,53.3,False
2024-02-01 13:00:00,S-01,25.02,46.3,False
2024-02-01 14:00:00,S-01,26.69,50.1,False
2024-02-01 15:00:00,S-01,24.12,52.2,False
2024-02-01 16:00:00,S-01,23.11,51.1,False
2024-02-01 17:00:00,S-01,22.7,53.1,False
2024-02-01 18:00:00,S-01,21.76,55.3,False
2024-02-01 19:00:00,S-01,19.21,61.2,False
2024-02-01 20:00:00,S-01,18.92,53.0,False
2024-02-01 21:00:00,S-01,18.94,58.0,False
2024-02-01 22:00:00,S-01,17.74,57.2,False
2024-02-01 23:00:00,S-01,17.17,57.7,False
2024-02-02 00:00:00,S-01,18.13,60.6,False
2024-02-02 01:00:00,S-01,16.43,61.6,False
2024-02-02 02:00:00,S-01,17.39,55.0,False
2024-02-02 03:00:00,S-01,17.5,57.1,False
2024-02-02 04:00:00,S-01,19.89,55.7,False
2024-02-02 05:00:00,S-01,18.06,53.0,False
2024-02-02 06:00:00,S-01,20.08,57.4,False
2024-02-02 07:00:00,S-01,21.18,53.3,False
2024-02-02 08:00:00,S-01,23.06,51.7,False
2024-02-02 09:00:00,S-01,23.81,51.3,False
2024-02-02 10:00:00,S-01,25.04,54.2,False
2024-02-02 11:00:00,S-01,23.03,51.4,False
2024-02-02 12:00:00,S-01,24.99,47.9,False
2024-02-02 13:00:00,S-01,23.98,55.3,False
2024-02-02 14:00:00,S-01,23.26,49.5,False
2024-02-02 15:00:00,S-01,23.56,49.1,False
2024-02-02 16:00:00,S-01,21.53,48.9,False
2024-02-02 17:00:00,S-01,19.62,58.6,False
2024-02-02 18:00:00,S-01,19.92,55.8,False
2024-02-02 19:00:00,S-01,17.97,58.7,False
2024-02-02 20:00:00,S-01,17.66,58.2,False
2024-02-02 21:00:00,S-01,17.63,57.4,False
2024-02-02 22:00:00,S-01,16.93,56.3,False
2024-02-02 23:00:00,S-01,17.54,55.5,False
2024-02-03 00:00:00,S-01,15.96,61.0,False
2024-02-03 01:00:00,S-01,15.02,61.3,False
2024-02-03 02:00:00,S-01,16.04,64.5,False
2024-02-03 03:00:00,S-01,16.54,56.8,False
2024-02-03 04:00:00,S-01,17.12,56.9,False
2024-02-03 05:00:00,S-01,19.41,52.6,False
2024-02-03 06:00:00,S-01,19.58,59.5,False
2024-02-03 07:00:00,S-01,19.55,51.8,False
2024-02-03 08:00:00,S-01,22.66,54.0,False
2024-02-03 09:00:00,S-01,22.85,55.8,False
2024-02-03 10:00:00,S-01,23.87,49.9,False
2024-02-03 11:00:00,S-01,24.08,52.2,False
2024-02-03 12:00:00,S-01,24.65,43.0,False
2024-02-03 13:00:00,S-01,24.06,48.9,False
2024-02-03 14:00:00,S-01,24.63,44.4,False
2024-02-03 15:00:00,S-01,23.37,51.4,False
2024-02-03 16:00:00,S-01,22.53,51.9,False
2024-02-03 17:00:00,S-01,21.61,50.7,False
2024-02-03 18:00:00,S-01,19.1,58.8,False
2024-02-03 19:00:00,S-01,19.13,57.0,False
2024-02-03 20:00:00,S-01,18.12,55.6,False
2024-02-03 21:00:00,S-01,17.69,56.2,False
2024-02-03 22:00:00,S-01,15.84,55.6,False
2024-02-03 23:00:00,S-01,17.87,56.9,False
2024-02-04 00:00:00,S-01,16.54,65.4,False
2024-02-04 01:00:00,S-01,15.66,58.0,False
2024-02-04 02:00:00,S-01,15.71,61.3,False
2024-02-04 03:00:00,S-01,17.52,56.3,False
2024-02-04 04:00:00,S-01,18.55,59.0,False
2024-02-04 05:00:00,S-01,19.05,57.4,False
2024-02-04 06:00:00,S-01,20.78,53.3,False
2024-02-04 07:00:00,S-01,21.28,48.1,False
2024-02-04 08:00:00,S-01,23.24,49.5,False
2024-02-04 09:00:00,S-01,23.1,54.8,False
2024-02-04 10:00:00,S-01,24.34,49.0,False
2024-02-04 11:00:00,S-01,25.6,50.1,False
2024-02-04 12:00:00,S-01,27.06,45.0,False
2024-02-04 13:00:00,S-01,24.12,44.5,False
2024-02-04 14:00:00,S-01,24.2,51.1,False
2024-02-04 15:00:00,S-01,23.32,51.9,False
2024-02-04 16:00:00,S-01,23.85,48.6,False
2024-02-04 17:00:00,S-01,21.39,52.2,False
2024-02-04 18:00:00,S-01,20.95,54.6,False
2024-02-04 19:00:00,S-01,20.33,52.8,False
2024-02-04 20:00:00,S-01,18.67,57.6,False
2024-02-04 21:00:00,S-01,17.91,56.8,False
2024-02-04 22:00:00,S-01,17.72,50.7,False
2024-02-04 23:00:00,S-01,16.08,59.2,False
2024-02-05 00:00:00,S-01,16.52,57.3,False
2024-02-05 01:00:00,S-01,17.54,55.4,False
2024-02-05 02:00:00,S-01,18.45,58.0,False
2024-02-05 03:00:00,S-01,18.88,54.8,False
2024-02-05 04:00:00,S-01,18.49,58.3,False
2024-02-05 05:00:00,S-01,20.56,57.5,False
2024-02-05 06:00:00,S-01,22.66,52.2,False
2024-02-05 07:00:00,S-01,23.56,46.1,False
2024-02-05 08:00:00,S-01,24.08,47.9,False
2024-02-05 09:00:00,S-01,24.31,52.5,False
2024-02-05 10:00:00,S-01,26.22,46.7,False
2024-02-05 11:00:00,S-01,25.7,45.7,False
2024-02-05 12:00:00,S-01,25.42,48.2,False
2024-02-05 13:00:00,S-01,25.63,49.7,False
2024-02-05 14:00:00,S-01,27.08,47.2,False
2024-02-05 15:00:00,S-01,25.51,50.2,False
2024-02-05 16:00:00,S-01,25.48,45.9,False
2024-02-05 17:00:00,S-01,23.26,50.2,False
2024-02-05 18:00:00,S-01,23.4,50.1,False
2024-02-05 19:00:00,S-01,21.18,53.5,False
2024-02-05 20:00:00,S-01,20.61,48.0,False
2024-02-05 21:00:00,S-01,21.94,51.9,False
2024-02-05 22:00:00,S-01,19.97,51.0,False
2024-02-05 23:00:00,S-01,18.6,60.7,False
2024-02-06 00:00:00,S-01,18.83,61.0,False
2024-02-06 01:00:00,S-01,19.33,60.7,False
2024-02-06 02:00:00,S-01,20.48,56.8,False
2024-02-06 03:00:00,S-01,19.78,53.8,False
2024-02-06 04:00:00,S-01,19.64,58.2,False
2024-02-06 05:00:00,S-01,21.81,52.2,False
2024-02-06 06:00:00,S-01,23.1,53.0,False
2024-02-06 07:00:00,S-01,24.24,47.2,False
2024-02-06 08:00:00,S-01,26.19,45.8,False
2024-02-06 09:00:00,S-01,26.24,48.8,False
2024-02-06 10:00:00,S-01,27.3,51.4,False
2024-02-06 11:00:00,S-01,26.18,47.5,False
2024-02-06 12:00:00,S-01,27.91,52.1,False
2024-02-06 13:00:00,S-01,28.77,52.6,False
2024-02-06 14:00:00,S-01,27.32,42.4,False
2024-02-06 15:00:00,S-01,26.28,47.3,False
2024-02-06 16:00:00,S-01,25.38,45.7,False
2024-02-06 17:00:00,S-01,25.73,47.7,False
2024-02-06 18:00:00,S-01,22.52,50.3,False
2024-02-06 19:00:00,S-01,22.14,52.2,False
2024-02-06 20:00:00,S-01,21.63,55.9,False
2024-02-06 21:00:00,S-01,21.03,56.5,False
2024-02-06 22:00:00,S-01,19.44,56.4,False
2024-02-06 23:00:00,S-01,19.63,55.4,False
2024-02-07 00:00:00,S-01,19.02,56.5,False
2024-02-07 01:00:00,S-01,19.46,56.0,False
2024-02-07 02:00:00,S-01,19.64,57.1,False
2024-02-07 03:00:00,S-01,19.46,55.6,False
2024-02-07 04:00:00,S-01,21.16,55.0,False
2024-02-07 05:00:00,S-01,22.83,47.7,False
2024-02-07 06:00:00,S-01,22.37,54.5,False
2024-02-07 07:00:00,S-01,23.96,55.4,False
2024-02-07 08:00:00,S-01,25.62,48.8,False
2024-02-07 09:00:00,S-01,25.04,44.7,False
2024-02-07 10:00:00,S-01,26.65,51.0,False
2024-02-07 11:00:00,S-01,26.02,46.8,False
2024-02-07 12:00:00,S-01,27.88,36.6,False
2024-02-07 13:00:00,S-01,28.65,43.9,False
2024-02-07 14:00:00,S-01,27.99,47.2,False
2024-02-07 15:00:00,S-01,25.52,49.5,False
2024-02-07 16:00:00,S-01,25.42,52.1,False
2024-02-07 17:00:00,S-01,23.92,52.1,False
2024-02-07 18:00:00,S-01,22.83,51.9,False
2024-02-07 19:00:00,S-01,22.91,45.6,False
2024-02-07 20:00:00,S-01,19.61,52.1,False
2024-02-07 21:00:00,S-01,20.63,54.7,False
2024-02-07 22:00:00,S-01,19.07,58.1,False
2024-02-07 23:00:00,S-01,19.79,52.2,False
2024-02-08 00:00:00,S-01,18.62,54.8,False
2024-02-08 01:00:00,S-01,18.02,58.7,False
2024-02-08 02:00:00,S-01,19.13,50.3,False
2024-02-08 03:00:00,S-01,20.09,49.1,False
2024-02-08 04:00:00,S-01,20.3,53.9,False
2024-02-08 05:00:00,S-01,21.58,53.8,False
2024-02-08 06:00:00,S-01,21.75,51.4,False
2024-02-08 07:00:00,S-01,21.45,46.4,False
2024-02-08 08:00:00,S-01,24.78,49.3,False
2024-02-08 09:00:00,S-01,25.4,44.5,False
2024-02-08 10:00:00,S-01,25.54,50.3,False
2024-02-08 11:00:00,S-01,25.82,47.7,False
2024-02-08 12:00:00,S-01,26.68,47.7,False
2024-02-08 13:00:00,S-01,25.29,50.5,False
2024-02-08 14:00:00,S-01,24.64,47.8,False
2024-02-08 15:00:00,S-01,24.36,52.2,False
2024-02-08 16:00:00,S-01,24.58,53.2,False
2024-02-08 17:00:00,S-01,21.5,54.3,False
2024-02-08 18:00:00,S-01,22.48,55.9,False
2024-02-08 19:00:00,S-01,19.93,53.2,False
2024-02-08 20:00:00,S-01,18.54,59.4,False
2024-02-08 21:00:00,S-01,19.55,56.3,False
2024-02-08 22:00:00,S-01,17.78,54.7,False
2024-02-08 23:00:00,S-01,16.37,59.1,False
2024-02-09 00:00:00,S-01,16.93,57.1,False
2024-02-09 01:00:00,S-01,18.05,55.7,False
2024-02-09 02:00:00,S-01,18.62,56.9,False
2024-02-09 03:00:00,S-01,17.91,60.6,False
2024-02-09 04:00:00,S-01,19.36,54.8,False
2024-02-09 05:00:00,S-01,20.53,54.7,False
2024-02-09 06:00:00,S-01,20.43,50.1,False
2024-02-09 07:00:00,S-01,22.23,52.6,False
2024-02-09 08:00:00,S-01,22.84,55.0,False
2024-02-09 09:00:00,S-01,23.23,53.5,False
2024-02-09 10:00:00,S-01,23.86,51.7,False
2024-02-09 11:00:00,S-01,24.67,47.8,False
2024-02-09 12:00:00,S-01,24.75,46.4,False
2024-02-09 13:00:00,S-01,24.1,49.8,False
2024-02-09 14:00:00,S-01,23.78,46.5,False
2024-02-09 15:00:00,S-01,24.35,46.1,False
2024-02-09 16:00:00,S-01,22.78,54.4,False
2024-02-09 17:00:00,S-01,22.32,49.5,False
2024-02-09 18:00:00,S-01,21.52,58.5,False
2024-02-09 19:00:00,S-01,19.97,50.8,False
2024-02-09 20:00:00,S-01,20.33,55.8,False
2024-02-09 21:00:00,S-01,17.01,55.1,False
2024-02-09 22:00:00,S-01,17.67,58.3,False
2024-02-09 23:00:00,S-01,16.35,56.3,False
2024-02-10 00:00:00,S-01,17.94,57.6,False
2024-02-10 01:00:00,S-01,17.94,57.0,False
2024-02-10 02:00:00,S-01,15.41,59.1,False
2024-02-10 03:00:00,S-01,16.83,60.3,False
2024-02-10 04:00:00,S-01,18.96,60.7,False
2024-02-10 05:00:00,S-01,20.03,53.2,False
2024-02-10 06:00:00,S-01,21.02,56.4,False
2024-02-10 07:00:00,S-01,21.41,53.5,False
2024-02-10 08:00:00,S-01,22.8,51.5,False
2024-02-10 09:00:00,S-01,23.8,56.9,False
2024-02-10 10:00:00,S-01,23.86,43.9,False
2024-02-10 11:00:00,S-01,25.15,46.8,False
2024-02-10 12:00:00,S-01,22.67,46.4,False
2024-02-10 13:00:00,S-01,24.87,48.2,False
2024-02-10 14:00:00,S-01,23.15,50.5,False
2024-02-10 15:00:00,S-01,24.13,61.3,False
2024-02-10 16:00:00,S-01,22.37,53.1,False
2024-02-10 17:00:00,S-01,20.9,59.2,False
2024-02-10 18:00:00,S-01,20.9,57.7,False
2024-02-10 19:00:00,S-01,18.87,55.0,False
2024-02-10 20:00:00,S-01,17.93,58.9,False
2024-02-10 21:00:00,S-01,16.61,64.0,False
2024-02-10 22:00:00,S-01,17.24,58.8,False
2024-02-10 23:00:00,S-01,17.29,58.8,False
2024-02-11 00:00:00,S-01,17.61,59.3,False
2024-02-11 01:00:00,S-01,16.86,54.3,False
2024-02-11 02:00:00,S-01,18.25,54.7,False
2024-02-11 03:00:00,S-01,18.1,58.2,False
2024-02-11 04:00:00,S-01,10.84,67.6,True
2024-02-11 05:00:00,S-01,20.42,51.7,False
2024-02-11 06:00:00,S-01,21.89,51.7,False
2024-02-11 07:00:00,S-01,21.85,52.4,False
2024-02-11 08:00:00,S-01,22.94,51.0,False
2024-02-11 09:00:00,S-01,23.89,52.4,False
2024-02-11 10:00:00,S-01,24.77,49.6,False
2024-02-11 11:00:00,S-01,24.43,50.1,False
2024-02-11 12:00:00,S-01,26.16,43.4,False
2024-02-11 13:00:00,S-01,24.94,45.9,False
2024-02-11 14:00:00,S-01,25.28,49.6,False
2024-02-11 15:00:00,S-01,23.67,45.8,False
2024-02-11 16:00:00,S-01,23.84,51.1,False
2024-02-11 17:00:00,S-01,22.96,49.4,False
2024-02-11 18:00:00,S-01,21.33,50.9,False
2024-02-11 19:00:00,S-01,22.31,54.1,False
2024-02-11 20:00:00,S-01,20.08,52.8,False
2024-02-11 21:00:00,S-01,20.44,51.9,False
2024-02-11 22:00:00,S-01,19.2,53.9,False
2024-02-11 23:00:00,S-01,17.56,58.0,False
2024-02-12 00:00:00,S-01,17.71,65.9,False
2024-02-12 01:00:00,S-01,18.56,50.4,False
2024-02-12 02:00:00,S-01,18.72,56.4,False
2024-02-12 03:00:00,S-01,19.4,54.9,False
2024-02-12 04:00:00,S-01,20.02,57.8,False
2024-02-12 05:00:00,S-01,19.82,54.1,False
2024-02-12 06:00:00,S-01,22.18,45.0,False
2024-02-12 07:00:00,S-01,21.68,56.9,False
2024-02-12 08:00:00,S-01,24.77,46.0,False
2024-02-12 09:00:00,S-01,24.78,49.0,False
2024-02-12 10:00:00,S-01,25.48,44.3,False
2024-02-12 11:00:00,S-01,26.33,44.1,False
2024-02-12 12:00:00,S-01,26.91,45.2,False
2024-02-12 13:00:00,S-01,25.46,50.9,False
2024-02-12 14:00:00,S-01,24.86,51.6,False
2024-02-12 15:00:00,S-01,24.82,47.4,False
2024-02-12 16:00:00,S-01,23.26,52.5,False
2024-02-12 17:00:00,S-01,23.2,50.0,False
2024-02-12 18:00:00,S-01,24.26,50.2,False
2024-02-12 19:00:00,S-01,21.15,54.0,False
2024-02-12 20:00:00,S-01,21.6,54.9,False
2024-02-12 21:00:00,S-01,19.19,54.1,False
2024-02-12 22:00:00,S-01,19.93,54.6,False
2024-02-12 23:00:00,S-01,19.08,56.7,False
2024-02-13 00:00:00,S-01,19.19,56.2,False
2024-02-13 01:00:00,S-01,19.86,52.7,False
2024-02-13 02:00:00,S-01,21.25,58.6,False
2024-02-13 03:00:00,S-01,20.67,52.7,False
2024-02-13 04:00:00,S-01,21.47,55.4,False
2024-02-13 05:00:00,S-01,21.59,53.6,False
2024-02-13 06:00:00,S-01,23.89,53.9,False
2024-02-13 07:00:00,S-01,24.29,43.3,False
2024-02-13 08:00:00,S-01,26.14,53.7,False
2024-02-13 09:00:00,S-01,26.29,46.7,False
2024-02-13 10:00:00,S-01,28.37,41.2,False
2024-02-13 11:00:00,S-01,25.81,48.3,False
2024-02-13 12:00:00,S-01,27.31,52.9,False
2024-02-13 13:00:00,S-01,28.13,46.7,False
2024-02-13 14:00:00,S-01,26.76,43.1,False
2024-02-13 15:00:00,S-01,25.78,46.6,False
2024-02-13 16:00:00,S-01,25.38,52.4,False
2024-02-13 17:00:00,S-01,23.53,46.5,False
2024-02-13 18:00:00,S-01,23.7,49.9,False
2024-02-13 19:00:00,S-01,24.52,48.6,False
2024-02-13 20:00:00,S-01,22.52,58.4,False
2024-02-13 21:00:00,S-01,19.88,54.2,False
2024-02-13 22:00:00,S-01,19.43,59.5,False
2024-02-13 23:00:00,S-01,19.4,53.6,False
2024-02-14 00:00:00,S-01,20.38,52.1,False
2024-02-14 01:00:00,S-01,19.04,59.1,False
2024-02-14 02:00:00,S-01,19.53,57.3,False
2024-02-14 03:00:00,S-01,21.41,48.1,False
2024-02-14 04:00:00,S-01,22.21,54.2,False
2024-02-14 05:00:00,S-01,22.16,54.2,False
2024-02-14 06:00:00,S-01,22.58,50.0,False
2024-02-14 07:00:00,S-01,23.25,51.7,False
2024-02-14 08:00:00,S-01,24.87,49.9,False
2024-02-14 09:00:00,S-01,24.44,48.1,False
2024-02-14 10:00:00,S-01,27.44,44.2,False
2024-02-14 11:00:00,S-01,26.7,44.9,False
2024-02-14 12:00:00,S-01,27.69,44.9,False
2024-02-14 13:00:00,S-01,28.63,40.6,False
2024-02-14 14:00:00,S-01,27.64,45.6,False
2024-02-14 15:00:00,S-01,25.11,44.3,False
2024-02-14 16:00:00,S-01,25.86,48.1,False
2024-02-14 17:00:00,S-01,25.09,48.5,False
2024-02-14 18:00:00,S-01,22.49,48.8,False
2024-02-14 19:00:00,S-01,21.24,56.0,False
2024-02-14 20:00:00,S-01,20.91,59.6,False
2024-02-14 21:00:00,S-01,18.84,60.2,False
2024-02-14 22:00:00,S-01,20.62,50.1,False
2024-02-14 23:00:00,S-01,17.07,62.2,False
2024-02-15 00:00:00,S-01,17.93,58.0,False
2024-02-15 01:00:00,S-01,18.68,56.3,False
2024-02-15 02:00:00,S-01,19.07,54.2,False
2024-02-15 03:00:00,S-01,19.97,54.9,False
2024-02-15 04:00:00,S-01,20.83,58.0,False
2024-02-15 05:00:00,S-01,21.35,54.9,False
2024-02-15 06:00:00,S-01,23.42,49.6,False
2024-02-15 07:00:00,S-01,21.78,50.8,False
2024-02-15 08:00:00,S-01,24.4,48.4,False
2024-02-15 09:00:00,S-01,24.6,51.1,False
2024-02-15 10:00:00,S-01,25.86,53.4,False
2024-02-15 11:00:00,S-01,26.28,44.2,False
2024-02-15 12:00:00,S-01,25.45,48.3,False
2024-02-15 13:00:00,S-01,25.48,47.2,False
2024-02-15 14:00:00,S-01,26.17,45.2,False
2024-02-15 15:00:00,S-01,25.13,49.9,False
2024-02-15 16:00:00,S-01,23.42,52.4,False
2024-02-15 17:00:00,S-01,24.58,45.2,False
2024-02-15 18:00:00,S-01,23.71,47.4,False
2024-02-15 19:00:00,S-01,19.6,58.9,False
2024-02-15 20:00:00,S-01,20.0,55.8,False
2024-02-15 21:00:00,S-01,20.89,55.4,False
2024-02-15 22:00:00,S-01,18.82,54.8,False
2024-02-15 23:00:00,S-01,17.92,56.3,False
2024-02-16 00:00:00,S-01,17.39,59.4,False
2024-02-16 01:00:00,S-01,17.21,56.8,False
2024-02-16 02:00:00,S-01,17.83,54.2,False
2024-02-16 03:00:00,S-01,18.15,57.1,False
2024-02-16 04:00:00,S-01,19.97,57.6,False
2024-02-16 05:00:00,S-01,19.97,51.9,False
2024-02-16 06:00:00,S-01,20.93,56.9,False
2024-02-16 07:00:00,S-01,21.32,55.4,False
2024-02-16 08:00:00,S-01,23.16,48.5,False
2024-02-16 09:00:00,S-01,23.28,51.0,False
2024-02-16 10:00:00,S-01,33.15,39.0,True
2024-02-16 11:00:00,S-01,25.79,49.8,False
2024-02-16 12:00:00,S-01,25.35,50.5,False
2024-02-16 13:00:00,S-01,25.29,44.7,False
2024-02-16 14:00:00,S-01,24.75,45.2,False
2024-02-16 15:00:00,S-01,23.84,53.3,False
2024-02-16 16:00:00,S-01,22.84,51.8,False
2024-02-16 17:00:00,S-01,21.7,54.1,False
2024-02-16 18:00:00,S-01,21.5,54.1,False
2024-02-16 19:00:00,S-01,18.97,60.7,False
2024-02-16 20:00:00,S-01,19.92,51.4,False
2024-02-16 21:00:00,S-01,18.03,60.5,False
2024-02-16 22:00:00,S-01,16.76,56.4,False
2024-02-16 23:00:00,S-01,16.55,61.2,False
2024-02-17 00:00:00,S-01,16.25,63.4,False
2024-02-17 01:00:00,S-01,17.05,54.3,False
2024-02-17 02:00:00,S-01,16.74,60.0,False
2024-02-17 03:00:00,S-01,18.86,55.4,False
2024-02-17 04:00:00,S-01,18.14,56.3,False
2024-02-17 05:00:00,S-01,17.91,57.5,False
2024-02-17 06:00:00,S-01,20.18,51.6,False
2024-02-17 07:00:00,S-01,20.2,51.8,False
2024-02-17 08:00:00,S-01,22.74,53.6,False
2024-02-17 09:00:00,S-01,24.46,52.1,False
2024-02-17 10:00:00,S-01,24.78,47.5,False
2024-02-17 11:00:00,S-01,23.6,46.3,False
2024-02-17 12:00:00,S-01,24.21,56.7,False
2024-02-17 13:00:00,S-01,26.12,50.8,False
2024-02-17 14:00:00,S-01,24.57,50.5,False
2024-02-17 15:00:00,S-01,23.7,47.4,False
2024-02-17 16:00:00,S-01,23.74,48.7,False
2024-02-17 17:00:00,S-01,23.91,50.9,False
2024-02-17 18:00:00,S-01,21.98,49.7,False
2024-02-17 19:00:00,S-01,20.04,59.6,False
2024-02-17 20:00:00,S-01,19.28,56.2,False
2024-02-17 21:00:00,S-01,18.69,57.6,False
2024-02-17 22:00:00,S-01,17.11,55.3,False
2024-02-17 23:00:00,S-01,16.38,56.5,False
2024-02-18 00:00:00,S-01,17.17,56.0,False
2024-02-18 01:00:00,S-01,16.55,59.9,False
2024-02-18 02:00:00,S-01,17.7,56.9,False
2024-02-18 03:00:00,S-01,18.5,55.8,False
2024-02-18 04:00:00,S-01,21.16,54.4,False
2024-02-18 05:00:00,S-01,19.62,56.0,False
2024-02-18 06:00:00,S-01,21.28,57.7,False
2024-02-18 07:00:00,S-01,22.33,51.5,False
2024-02-18 08:00:00,S-01,23.82,47.3,False
2024-02-18 09:00:00,S-01,25.19,48.6,False
2024-02-18 10:00:00,S-01,24.65,53.7,False
2024-02-18 11:00:00,S-01,24.83,47.5,False
2024-02-18 12:00:00,S-01,24.36,49.8,False
2024-02-18 13:00:00,S-01,24.85,48.0,False
2024-02-18 14:00:00,S-01,25.68,49.3,False
2024-02-18 15:00:00,S-01,24.7,50.0,False
2024-02-18 16:00:00,S-01,23.08,48.8,False
2024-02-18 17:00:00,S-01,22.69,51.0,False
2024-02-18 18:00:00,S-01,22.03,55.2,False
2024-02-18 19:00:00,S-01,21.43,56.4,False
2024-02-18 20:00:00,S-01,19.65,58.0,False
2024-02-18 21:00:00,S-01,19.15,58.5,False
2024-02-18 22:00:00,S-01,17.32,57.1,False
2024-02-18 23:00:00,S-01,17.51,56.8,False
2024-02-19 00:00:00,S-01,19.65,58.1,False
2024-02-19 01:00:00,S-01,16.8,55.3,False
2024-02-19 02:00:00,S-01,18.73,56.2,False
2024-02-19 03:00:00,S-01,19.87,49.6,False
2024-02-19 04:00:00,S-01,20.28,53.4,False
2024-02-19 05:00:00,S-01,20.96,51.7,False
2024-02-19 06:00:00,S-01,22.65,48.2,False
2024-02-19 07:00:00,S-01,23.79,52.1,False
2024-02-19 08:00:00,S-01,24.74,47.0,False
2024-02-19 09:00:00,S-01,24.19,48.8,False
2024-02-19 10:00:00,S-01,26.27,46.6,False
2024-02-19 11:00:00,S-01,26.15,45.3,False
2024-02-19 12:00:00,S-01,26.59,51.2,False
2024-02-19 13:00:00,S-01,27.12,44.9,False
2024-02-19 14:00:00,S-01,27.11,47.0,False
2024-02-19 15:00:00,S-01,26.73,43.0,False
2024-02-19 16:00:00,S-01,24.83,47.7,False
2024-02-19 17:00:00,S-01,25.05,47.9,False
2024-02-19 18:00:00,S-01,24.26,48.9,False
2024-02-19 19:00:00,S-01,23.24,49.3,False
2024-02-19 20:00:00,S-01,22.52,52.3,False
2024-02-19 21:00:00,S-01,20.51,58.9,False
2024-02-19 22:00:00,S-01,19.89,54.6,False
2024-02-19 23:00:00,S-01,20.33,54.1,False
2024-02-20 00:00:00,S-01,18.48,55.6,False
2024-02-20 01:00:00,S-01,19.91,62.5,False
2024-02-20 02:00:00,S-01,19.75,60.0,False
2024-02-20 03:00:00,S-01,20.55,55.9,False
2024-02-20 04:00:00,S-01,20.31,56.6,False
2024-02-20 05:00:00,S-01,21.99,50.4,False
2024-02-20 06:00:00,S-01,23.75,50.0,False
2024-02-20 07:00:00,S-01,25.53,48.9,False
2024-02-20 08:00:00,S-01,26.6,47.3,False
2024-02-20 09:00:00,S-01,26.6,44.5,False
2024-02-20 10:00:00,S-01,27.17,44.0,False
2024-02-20 11:00:00,S-01,27.07,47.9,False
2024-02-20 12:00:00,S-01,28.21,46.0,False
2024-02-20 13:00:00,S-01,27.57,39.6,False
2024-02-20 14:00:00,S-01,27.86,45.7,False
2024-02-20 15:00:00,S-01,28.15,48.9,False
2024-02-20 16:00:00,S-01,25.9,45.9,False
2024-02-20 17:00:00,S-01,23.77,51.1,False
2024-02-20 18:00:00,S-01,23.25,46.7,False
2024-02-20 19:00:00,S-01,21.74,55.3,False
2024-02-20 20:00:00,S-01,20.98,50.5,False
2024-02-20 21:00:00,S-01,22.15,48.6,False
2024-02-20 22:00:00,S-01,20.64,53.2,False
2024-02-20 23:00:00,S-01,18.84,63.3,False
2024-02-21 00:00:00,S-01,20.43,52.6,False
2024-02-21 01:00:00,S-01,21.04,49.9,False
2024-02-21 02:00:00,S-01,20.13,56.1,False
2024-02-21 03:00:00,S-01,20.5,55.0,False
2024-02-21 04:00:00,S-01,21.58,57.9,False
2024-02-21 05:00:00,S-01,23.03,47.5,False
2024-02-21 06:00:00,S-01,24.32,45.0,False
2024-02-21 07:00:00,S-01,25.77,47.1,False
2024-02-21 08:00:00,S-01,26.73,47.9,False
2024-02-21 09:00:00,S-01,27.51,46.9,False
2024-02-21 10:00:00,S-01,28.26,48.2,False
2024-02-21 11:00:00,S-01,28.07,40.8,False
2024-02-21 12:00:00,S-01,26.42,44.8,False
2024-02-21 13:00:00,S-01,27.37,45.7,False
2024-02-21 14:00:00,S-01,27.29,48.6,False
2024-02-21 15:00:00,S-01,26.06,49.0,False
2024-02-21 16:00:00,S-01,26.23,46.2,False
2024-02-21 17:00:00,S-01,24.21,46.9,False
2024-02-21 18:00:00,S-01,22.68,54.3,False
2024-02-21 19:00:00,S-01,23.5,53.5,False
2024-02-21 20:00:00,S-01,21.87,60.7,False
2024-02-21 21:00:00,S-01,20.64,53.6,False
2024-02-21 22:00:00,S-01,20.52,59.1,False
2024-02-21 23:00:00,S-01,20.18,51.1,False
2024-02-22 00:00:00,S-01,19.42,54.0,False
2024-02-22 01:00:00,S-01,17.27,56.2,False
2024-02-22 02:00:00,S-01,19.04,54.7,False
2024-02-22 03:00:00,S-01,19.8,52.6,False
2024-02-22 04:00:00,S-01,20.16,53.1,False
2024-02-22 05:00:00,S-01,22.02,52.3,False
2024-02-22 06:00:00,S-01,23.8,49.0,False
2024-02-22 07:00:00,S-01,23.44,52.7,False
2024-02-22 08:00:00,S-01,23.83,50.1,False
2024-02-22 09:00:00,S-01,27.13,46.3,False
2024-02-22 10:00:00,S-01,25.73,52.4,False
2024-02-22 11:00:00,S-01,25.45,49.3,False
2024-02-22 12:00:00,S-01,26.71,47.3,False
2024-02-22 13:00:00,S-01,26.67,46.9,False
2024-02-22 14:00:00,S-01,25.31,48.7,False
2024-02-22 15:00:00,S-01,25.82,49.6,False
2024-02-22 16:00:00,S-01,23.91,47.9,False
2024-02-22 17:00:00,S-01,22.55,55.2,False
2024-02-22 18:00:00,S-01,22.34,56.7,False
2024-02-22 19:00:00,S-01,21.73,56.2,False
2024-02-22 20:00:00,S-01,19.59,54.0,False
2024-02-22 21:00:00,S-01,19.48,50.9,False
2024-02-22 22:00:00,S-01,18.45,55.5,False
2024-02-22 23:00:00,S-01,20.34,55.0,False
2024-02-23 00:00:00,S-01,17.33,60.6,False
2024-02-23 01:00:00,S-01,19.09,55.5,False
2024-02-23 02:00:00,S-01,18.29,56.1,False
2024-02-23 03:00:00,S-01,18.82,60.8,False
2024-02-23 04:00:00,S-01,20.28,52.6,False
2024-02-23 05:00:00,S-01,21.34,56.4,False
2024-02-23 06:00:00,S-01,22.63,54.4,False
2024-02-23 07:00:00,S-01,22.88,47.6,False
2024-02-23 08:00:00,S-01,23.06,52.1,False
2024-02-23 09:00:00,S-01,23.9,48.6,False
2024-02-23 10:00:00,S-01,25.34,45.7,False
2024-02-23 11:00:00,S-01,25.76,42.6,False
2024-02-23 12:00:00,S-01,26.51,42.5,False
2024-02-23 13:00:00,S-01,25.56,49.5,False
2024-02-23 14:00:00,S-01,25.64,47.0,False
2024-02-23 15:00:00,S-01,25.35,49.3,False
2024-02-23 16:00:00,S-01,23.41,47.7,False
2024-02-23 17:00:00,S-01,21.1,52.7,False
2024-02-23 18:00:00,S-01,20.29,53.8,False
2024-02-23 19:00:00,S-01,19.02,51.5,False
2024-02-23 20:00:00,S-01,20.46,49.5,False
2024-02-23 21:00:00,S-01,17.66,59.0,False
2024-02-23 22:00:00,S-01,27.61,46.2,True
2024-02-23 23:00:00,S-01,17.75,54.9,False
2024-02-24 00:00:00,S-01,18.5,56.4,False
2024-02-24 01:00:00,S-01,18.06,59.2,False
2024-02-24 02:00:00,S-01,17.57,63.2,False
2024-02-24 03:00:00,S-01,18.12,54.6,False
2024-02-24 04:00:00,S-01,19.17,57.7,False
2024-02-24 05:00:00,S-01,20.21,60.9,False
2024-02-24 06:00:00,S-01,20.68,54.3,False
2024-02-24 07:00:00,S-01,22.12,56.7,False
2024-02-24 08:00:00,S-01,24.4,42.0,False
2024-02-24 09:00:00,S-01,22.59,56.1,False
2024-02-24 10:00:00,S-01,18.74,56.4,True
2024-02-24 11:00:00,S-01,24.28,44.3,False
2024-02-24 12:00:00,S-01,25.3,50.8,False
2024-02-24 13:00:00,S-01,25.7,51.2,False
2024-02-24 14:00:00,S-01,24.6,52.9,False
2024-02-24 15:00:00,S-01,24.65,52.9,False
2024-02-24 16:00:00,S-01,21.96,52.5,False
2024-02-24 17:00:00,S-01,23.17,48.9,False
2024-02-24 18:00:00,S-01,20.79,52.6,False
2024-02-24 19:00:00,S-01,20.77,53.9,False
2024-02-24 20:00:00,S-01,19.48,56.7,False
2024-02-24 21:00:00,S-01,16.47,57.7,False
2024-02-24 22:00:00,S-01,17.33,58.3,False
2024-02-24 23:00:00,S-01,17.74,60.2,False
2024-02-25 00:00:00,S-01,18.71,57.4,False
2024-02-25 01:00:00,S-01,17.87,64.2,False
2024-02-25 02:00:00,S-01,18.29,63.3,False
2024-02-25 03:00:00,S-01,17.63,54.4,False
2024-02-25 04:00:00,S-01,20.77,52.3,False
2024-02-25 05:00:00,S-01,22.08,48.6,False
2024-02-25 06:00:00,S-01,21.74,49.4,False
2024-02-25 07:00:00,S-01,22.62,53.4,False
2024-02-25 08:00:00,S-01,22.52,49.0,False
2024-02-25 09:00:00,S-01,25.4,45.4,False
2024-02-25 10:00:00,S-01,27.54,45.1,False
2024-02-25 11:00:00,S-01,26.4,49.6,False
2024-02-25 12:00:00,S-01,27.02,45.4,False
2024-02-25 13:00:00,S-01,26.36,46.2,False
2024-02-25 14:00:00,S-01,24.8,51.9,False
2024-02-25 15:00:00,S-01,26.07,49.0,False
2024-02-25 16:00:00,S-01,23.24,52.4,False
2024-02-25 17:00:00,S-01,23.15,53.9,False
2024-02-25 18:00:00,S-01,22.57,48.9,False
2024-02-25 19:00:00,S-01,22.07,53.1,False
2024-02-25 20:00:00,S-01,20.79,52.1,False
2024-02-25 21:00:00,S-01,20.0,57.9,False
2024-02-25 22:00:00,S-01,18.5,59.1,False
2024-02-25 23:00:00,S-01,17.73,54.6,False
2024-02-26 00:00:00,S-01,18.74,60.4,False
2024-02-26 01:00:00,S-01,18.31,53.5,False
2024-02-26 02:00:00,S-01,18.29,60.4,False
2024-02-26 03:00:00,S-01,19.02,56.7,False
2024-02-26 04:00:00,S-01,20.53,51.7,False
2024-02-26 05:00:00,S-01,20.46,51.1,False
2024-02-26 06:00:00,S-01,21.96,51.7,False
2024-02-26 07:00:00,S-01,22.82,51.5,False
2024-02-26 08:00:00,S-01,25.29,46.5,False
2024-02-26 09:00:00,S-01,26.36,48.9,False
2024-02-26 10:00:00,S-01,28.33,40.8,False
2024-02-26 11:00:00,S-01,25.98,47.7,False
2024-02-26 12:00:00,S-01,26.82,46.7,False
2024-02-26 13:00:00,S-01,28.01,39.8,False
2024-02-26 14:00:00,S-01,26.76,47.7,False
2024-02-26 15:00:00,S-01,26.08,43.9,False
2024-02-26 16:00:00,S-01,26.93,39.2,False
2024-02-26 17:00:00,S-01,24.38,47.8,False
2024-02-26 18:00:00,S-01,22.73,51.0,False
2024-02-26 19:00:00,S-01,21.62,55.6,False
2024-02-26 20:00:00,S-01,22.02,51.1,False
2024-02-26 21:00:00,S-01,21.21,57.8,False
2024-02-26 22:00:00,S-01,19.27,60.0,False
2024-02-26 23:00:00,S-01,19.22,59.1,False
2024-02-27 00:00:00,S-01,20.34,58.4,False
2024-02-27 01:00:00,S-01,20.54,55.3,False
2024-02-27 02:00:00,S-01,20.0,53.3,False
2024-02-27 03:00:00,S-01,21.68,54.8,False
2024-02-27 04:00:00,S-01,22.5,54.8,False
2024-02-27 05:00:00,S-01,21.61,53.7,False
2024-02-27 06:00:00,S-01,23.85,49.6,False
2024-02-27 07:00:00,S-01,25.49,43.7,False
2024-02-27 08:00:00,S-01,25.69,50.1,False
2024-02-27 09:00:00,S-01,25.29,49.6,False
2024-02-27 10:00:00,S-01,27.43,42.1,False
2024-02-27 11:00:00,S-01,28.67,44.8,False
2024-02-27 12:00:00,S-01,29.49,45.7,False
2024-02-27 13:00:00,S-01,26.35,47.0,False
2024-02-27 14:00:00,S-01,29.8,45.5,False
2024-02-27 15:00:00,S-01,26.18,49.7,False
2024-02-27 16:00:00,S-01,27.03,42.1,False
2024-02-27 17:00:00,S-01,26.29,46.5,False
2024-02-27 18:00:00,S-01,25.06,50.3,False
2024-02-27 19:00:00,S-01,23.36,53.6,False
2024-02-27 20:00:00,S-01,21.34,57.5,False
2024-02-27 21:00:00,S-01,21.94,46.9,False
2024-02-27 22:00:00,S-01,20.23,54.4,False
2024-02-27 23:00:00,S-01,18.37,59.0,False
2024-02-28 00:00:00,S-01,22.51,55.5,False
2024-02-28 01:00:00,S-01,20.94,58.8,False
2024-02-28 02:00:00,S-01,22.21,49.5,False
2024-02-28 03:00:00,S-01,20.65,53.0,False
2024-02-28 04:00:00,S-01,23.36,47.8,False
2024-02-28 05:00:00,S-01,24.41,52.0,False
2024-02-28 06:00:00,S-01,25.39,44.5,False
2024-02-28 07:00:00,S-01,25.14,52.2,False
2024-02-28 08:00:00,S-01,25.14,51.5,False
2024-02-28 09:00:00,S-01,26.76,48.2,False
2024-02-28 10:00:00,S-01,25.75,41.6,False
2024-02-28 11:00:00,S-01,26.51,45.1,False
2024-02-28 12:00:00,S-01,28.05,47.5,False
2024-02-28 13:00:00,S-01,27.02,42.3,False
2024-02-28 14:00:00,S-01,27.24,45.5,False
2024-02-28 15:00:00,S-01,26.62,46.7,False
2024-02-28 16:00:00,S-01,27.38,48.7,False
2024-02-28 17:00:00,S-01,25.87,48.7,False
2024-02-28 18:00:00,S-01,23.72,51.3,False
2024-02-28 19:00:00,S-01,23.64,49.2,False
2024-02-28 20:00:00,S-01,21.05,53.7,False
2024-02-28 21:00:00,S-01,20.53,53.9,False
2024-02-28 22:00:00,S-01,27.77,47.7,True
2024-02-28 23:00:00,S-01,18.67,56.0,False
2024-02-29 00:00:00,S-01,19.26,58.9,False
2024-02-29 01:00:00,S-01,18.51,51.7,False
2024-02-29 02:00:00,S-01,20.01,58.4,False
2024-02-29 03:00:00,S-01,13.65,62.0,True
2024-02-29 04:00:00,S-01,20.68,57.4,False
2024-02-29 05:00:00,S-01,22.38,52.3,False
2024-02-29 06:00:00,S-01,22.46,54.5,False
2024-02-29 07:00:00,S-01,23.24,55.4,False
2024-02-29 08:00:00,S-01,24.08,48.4,False
2024-02-29 09:00:00,S-01,27.01,46.7,False
2024-02-29 10:00:00,S-01,28.32,44.4,False
2024-02-29 11:00:00,S-01,27.16,46.9,False
2024-02-29 12:00:00,S-01,26.28,42.6,False
2024-02-29 13:00:00,S-01,27.23,45.7,False
2024-02-29 14:00:00,S-01,25.94,47.0,False
2024-02-29 15:00:00,S-01,26.16,45.2,False
2024-02-29 16:00:00,S-01,24.87,48.5,False
2024-02-29 17:00:00,S-01,23.85,45.7,False
2024-02-29 18:00:00,S-01,23.02,55.4,False
2024-02-29 19:00:00,S-01,20.98,55.0,False
2024-02-29 20:00:00,S-01,20.11,60.4,False
2024-02-29 21:00:00,S-01,18.17,54.5,False
2024-02-29 22:00:00,S-01,18.51,53.2,False
2024-02-29 23:00:00,S-01,17.28,59.0,False
2024-03-01 00:00:00,S-01,18.11,52.2,False
2024-03-01 01:00:00,S-01,17.55,58.5,False
2024-03-01 02:00:00,S-01,18.75,54.3,False
2024-03-01 03:00:00,S-01,19.62,54.4,False
2024-03-01 04:00:00,S-01,18.91,57.0,False
2024-03-01 05:00:00,S-01,20.31,54.7,False
2024-03-01 06:00:00,S-01,21.2,59.0,False
2024-03-01 07:00:00,S-01,23.55,52.5,False
2024-03-01 08:00:00,S-01,25.24,44.8,False
2024-03-01 09:00:00,S-01,25.35,51.4,False
2024-03-01 10:00:00,S-01,24.98,44.9,False
2024-03-01 11:00:00,S-01,26.8,47.0,False
2024-03-01 12:00:00,S-01,24.52,45.8,False
2024-03-01 13:00:00,S-01,26.76,44.3,False
2024-03-01 14:00:00,S-01,24.61,53.3,False
2024-03-01 15:00:00,S-01,22.24,50.6,False
2024-03-01 16:00:00,S-01,25.73,46.1,False
2024-03-01 17:00:00,S-01,23.89,48.6,False
2024-03-01 18:00:00,S-01,20.74,53.1,False
2024-03-01 19:00:00,S-01,20.64,58.4,False
2024-03-01 20:00:00,S-01,19.35,52.2,False
2024-03-01 21:00:00,S-01,18.76,52.7,False
2024-03-01 22:00:00,S-01,16.84,60.4,False
2024-03-01 23:00:00,S-01,17.07,53.7,False
2024-03-02 00:00:00,S-01,17.84,56.4,False
2024-03-02 01:00:00,S-01,17.77,60.9,False
2024-03-02 02:00:00,S-01,18.94,56.2,False
2024-03-02 03:00:00,S-01,18.68,55.0,False
2024-03-02 04:00:00,S-01,21.32,51.2,False
2024-03-02 05:00:00,S-01,19.83,52.4,False
2024-03-02 06:00:00,S-01,21.65,51.2,False
2024-03-02 07:00:00,S-01,20.95,54.1,False
2024-03-02 08:00:00,S-01,22.45,55.6,False
2024-03-02 09:00:00,S-01,25.35,51.3,False
2024-03-02 10:00:00,S-01,24.17,48.2,False
2024-03-02 11:00:00,S-01,25.76,45.8,False
2024-03-02 12:00:00,S-01,25.44,50.4,False
2024-03-02 13:00:00,S-01,24.53,44.0,False
2024-03-02 14:00:00,S-01,24.71,47.9,False
2024-03-02 15:00:00,S-01,23.96,49.2,False
2024-03-02 16:00:00,S-01,23.17,47.8,False
2024-03-02 17:00:00,S-01,23.23,48.0,False
2024-03-02 18:00:00,S-01,22.13,53.3,False
2024-03-02 19:00:00,S-01,20.14,49.8,False
2024-03-02 20:00:00,S-01,18.94,53.4,False
2024-03-02 21:00:00,S-01,19.1,54.0,False
2024-03-02 22:00:00,S-01,18.19,57.3,False
2024-03-02 23:00:00,S-01,18.73,52.3,False
2024-03-03 00:00:00,S-01,19.93,58.1,False
2024-03-03 01:00:00,S-01,18.65,55.5,False
2024-03-03 02:00:00,S-01,18.39,56.0,False
2024-03-03 03:00:00,S-01,18.96,55.0,False
2024-03-03 04:00:00,S-01,19.28,53.7,False
2024-03-03 05:00:00,S-01,20.25,51.6,False
2024-03-03 06:00:00,S-01,21.25,56.7,False
2024-03-03 07:00:00,S-01,22.82,52.0,False
2024-03-03 08:00:00,S-01,23.81,49.9,False
2024-03-03 09:00:00,S-01,25.62,51.0,False
2024-03-03 10:00:00,S-01,25.39,46.2,False
2024-03-03 11:00:00,S-01,26.0,49.5,False
2024-03-03 12:00:00,S-01,25.37,48.4,False
2024-03-03 13:00:00,S-01,27.58,43.1,False
2024-03-03 14:00:00,S-01,26.33,49.5,False
2024-03-03 15:00:00,S-01,26.77,42.3,False
2024-03-03 16:00:00,S-01,25.2,50.5,False
2024-03-03 17:00:00,S-01,24.85,46.4,False
2024-03-03 18:00:00,S-01,22.48,53.0,False
2024-03-03 19:00:00,S-01,22.27,56.2,False
2024-03-03 20:00:00,S-01,22.96,52.9,False
2024-03-03 21:00:00,S-01,19.04,54.2,False
2024-03-03 22:00:00,S-01,20.38,54.2,False
2024-03-03 23:00:00,S-01,20.46,53.1,False
2024-03-04 00:00:00,S-01,19.36,52.1,False
2024-03-04 01:00:00,S-01,19.83,51.7,False
2024-03-04 02:00:00,S-01,20.7,54.1,False
2024-03-04 03:00:00,S-01,19.83,56.6,False
2024-03-04 04:00:00,S-01,21.59,47.7,False
2024-03-04 05:00:00,S-01,21.57,52.7,False
2024-03-04 06:00:00,S-01,22.82,52.9,False
2024-03-04 07:00:00,S-01,23.96,50.3,False
2024-03-04 08:00:00,S-01,25.37,45.4,False
2024-03-04 09:00:00,S-01,26.49,50.0,False
2024-03-04 10:00:00,S-01,27.43,42.3,False
2024-03-04 11:00:00,S-01,26.35,49.1,False
2024-03-04 12:00:00,S-01,29.32,48.3,False
2024-03-04 13:00:00,S-01,28.56,38.5,False
2024-03-04 14:00:00,S-01,27.86,46.1,False
2024-03-04 15:00:00,S-01,26.39,48.0,False
2024-03-04 16:00:00,S-01,25.83,48.4,False
2024-03-04 17:00:00,S-01,25.43,46.0,False
2024-03-04 18:00:00,S-01,24.33,48.6,False
2024-03-04 19:00:00,S-01,21.63,48.7,False
2024-03-04 20:00:00,S-01,22.69,51.9,False
2024-03-04 21:00:00,S-01,23.69,51.9,False
2024-03-04 22:00:00,S-01,19.19,53.7,False
2024-03-04 23:00:00,S-01,21.16,50.6,False
2024-03-05 00:00:00,S-01,20.55,52.7,False
2024-03-05 01:00:00,S-01,20.33,54.3,False
2024-03-05 02:00:00,S-01,21.98,52.5,False
2024-03-05 03:00:00,S-01,20.55,53.8,False
2024-03-05 04:00:00,S-01,22.51,51.9,False
2024-03-05 05:00:00,S-01,24.57,45.4,False
2024-03-05 06:00:00,S-01,24.27,41.6,False
2024-03-05 07:00:00,S-01,25.15,50.4,False
2024-03-05 08:00:00,S-01,26.58,51.0,False
2024-03-05 09:00:00,S-01,26.97,42.2,False
2024-03-05 10:00:00,S-01,29.26,41.6,False
2024-03-05 11:00:00,S-01,27.66,46.4,False
2024-03-05 12:00:00,S-01,29.28,46.4,False
2024-03-05 13:00:00,S-01,27.41,47.7,False
2024-03-05 14:00:00,S-01,28.6,48.2,False
2024-03-05 15:00:00,S-01,27.33,45.8,False
2024-03-05 16:00:00,S-01,24.48,50.6,False
2024-03-05 17:00:00,S-01,25.64,49.2,False
2024-03-05 18:00:00,S-01,23.73,49.0,False
2024-03-05 19:00:00,S-01,23.21,54.4,False
2024-03-05 20:00:00,S-01,23.87,51.9,False
2024-03-05 21:00:00,S-01,20.86,56.6,False
2024-03-05 22:00:00,S-01,20.26,53.2,False
2024-03-05 23:00:00,S-01,21.91,55.4,False
2024-03-06 00:00:00,S-01,20.68,50.8,False
2024-03-06 01:00:00,S-01,21.97,53.5,False
2024-03-06 02:00:00,S-01,21.36,45.4,False
2024-03-06 03:00:00,S-01,20.99,50.6,False
2024-03-06 04:00:00,S-01,22.47,53.9,False
2024-03-06 05:00:00,S-01,24.48,48.0,False
2024-03-06 06:00:00,S-01,25.26,48.9,False
2024-03-06 07:00:00,S-01,25.5,43.3,False
2024-03-06 08:00:00,S-01,26.48,51.5,False
2024-03-06 09:00:00,S-01,27.14,47.9,False
2024-03-06 10:00:00,S-01,27.37,45.8,False
2024-03-06 11:00:00,S-01,29.8,44.2,False
2024-03-06 12:00:00,S-01,28.32,45.7,False
2024-03-06 13:00:00,S-01,27.22,50.2,False
2024-03-06 14:00:00,S-01,27.32,46.5,False
2024-03-06 15:00:00,S-01,27.64,41.2,False
2024-03-06 16:00:00,S-01,26.7,45.9,False
2024-03-06 17:00:00,S-01,25.05,52.4,False
2024-03-06 18:00:00,S-01,23.54,52.1,False
2024-03-06 19:00:00,S-01,23.03,49.8,False
2024-03-06 20:00:00,S-01,20.63,55.7,False
2024-03-06 21:00:00,S-01,20.06,55.0,False
2024-03-06 22:00:00,S-01,21.11,55.2,False
2024-03-06 23:00:00,S-01,19.61,50.5,False
2024-03-07 00:00:00,S-01,20.13,51.9,False
2024-03-07 01:00:00,S-01,20.91,55.6,False
2024-03-07 02:00:00,S-01,20.79,53.1,False
2024-03-07 03:00:00,S-01,20.86,54.7,False
2024-03-07 04:00:00,S-01,23.37,56.4,False
2024-03-07 05:00:00,S-01,23.08,50.1,False
2024-03-07 06:00:00,S-01,23.22,51.5,False
2024-03-07 07:00:00,S-01,25.1,46.9,False
2024-03-07 08:00:00,S-01,25.74,46.0,False
2024-03-07 09:00:00,S-01,25.48,47.9,False
2024-03-07 10:00:00,S-01,26.82,42.3,False
2024-03-07 11:00:00,S-01,26.97,40.2,False
2024-03-07 12:00:00,S-01,25.57,52.0,False
2024-03-07 13:00:00,S-01,26.86,46.2,False
2024-03-07 14:00:00,S-01,26.32,50.4,False
2024-03-07 15:00:00,S-01,25.5,48.5,False
2024-03-07 16:00:00,S-01,23.62,50.8,False
2024-03-07 17:00:00,S-01,23.67,52.3,False
2024-03-07 18:00:00,S-01,22.84,53.4,False
2024-03-07 19:00:00,S-01,21.87,48.9,False
2024-03-07 20:00:00,S-01,19.83,58.4,False
2024-03-07 21:00:00,S-01,20.41,51.4,False
2024-03-07 22:00:00,S-01,18.2,57.5,False
2024-03-07 23:00:00,S-01,18.57,63.9,False
2024-03-08 00:00:00,S-01,19.64,55.4,False
2024-03-08 01:00:00,S-01,18.08,61.9,False
2024-03-08 02:00:00,S-01,18.59,55.4,False
2024-03-08 03:00:00,S-01,20.48,55.9,False
2024-03-08 04:00:00,S-01,20.06,54.8,False
2024-03-08 05:00:00,S-01,21.06,54.7,False
2024-03-08 06:00:00,S-01,22.47,49.2,False
2024-03-08 07:00:00,S-01,24.15,47.0,False
2024-03-08 08:00:00,S-01,22.4,52.8,False
2024-03-08 09:00:00,S-01,24.32,44.9,False
2024-03-08 10:00:00,S-01,24.77,46.5,False
2024-03-08 11:00:00,S-01,25.07,50.5,False
2024-03-08 12:00:00,S-01,25.37,46.5,False
2024-03-08 13:00:00,S-01,25.21,45.8,False
2024-03-08 14:00:00,S-01,25.72,44.6,False
2024-03-08 15:00:00,S-01,24.07,50.2,False
2024-03-08 16:00:00,S-01,24.05,48.8,False
2024-03-08 17:00:00,S-01,23.29,51.2,False
2024-03-08 18:00:00,S-01,21.3,52.6,False
2024-03-08 19:00:00,S-01,20.95,59.0,False
2024-03-08 20:00:00,S-01,21.2,52.0,False
2024-03-08 21:00:00,S-01,19.28,49.8,False
2024-03-08 22:00:00,S-01,17.84,57.6,False
2024-03-08 23:00:00,S-01,17.9,57.2,False
2024-03-09 00:00:00,S-01,17.05,58.7,False
2024-03-09 01:00:00,S-01,18.15,52.2,False
2024-03-09 02:00:00,S-01,19.03,59.2,False
2024-03-09 03:00:00,S-01,18.28,56.7,False
2024-03-09 04:00:00,S-01,19.61,55.1,False
2024-03-09 05:00:00,S-01,21.65,48.1,False
2024-03-09 06:00:00,S-01,21.37,54.4,False
2024-03-09 07:00:00,S-01,22.97,51.0,False
2024-03-09 08:00:00,S-01,22.95,55.1,False
2024-03-09 09:00:00,S-01,23.95,48.8,False
2024-03-09 10:00:00,S-01,24.85,45.3,False
2024-03-09 11:00:00,S-01,27.42,46.2,False
2024-03-09 12:00:00,S-01,25.5,45.4,False
2024-03-09 13:00:00,S-01,25.28,49.6,False
2024-03-09 14:00:00,S-01,24.87,45.7,False
2024-03-09 15:00:00,S-01,24.57,48.8,False
2024-03-09 16:00:00,S-01,24.42,48.7,False
2024-03-09 17:00:00,S-01,23.11,50.9,False
2024-03-09 18:00:00,S-01,23.59,48.9,False
2024-03-09 19:00:00,S-01,21.11,51.0,False
2024-03-09 20:00:00,S-01,21.16,53.1,False
2024-03-09 21:00:00,S-01,19.43,53.7,False
2024-03-09 22:00:00,S-01,19.09,56.2,False
2024-03-09 23:00:00,S-01,17.08,57.4,False
2024-03-10 00:00:00,S-01,18.04,50.5,False
2024-03-10 01:00:00,S-01,18.26,56.6,False
2024-03-10 02:00:00,S-01,18.56,60.5,False
2024-03-10 03:00:00,S-01,17.71,58.3,False
2024-03-10 04:00:00,S-01,21.0,55.2,False
2024-03-10 05:00:00,S-01,21.0,54.8,False
2024-03-10 06:00:00,S-01,22.04,50.9,False
2024-03-10 07:00:00,S-01,23.27,46.9,False
2024-03-10 08:00:00,S-01,24.3,51.9,False
2024-03-10 09:00:00,S-01,25.69,51.0,False
2024-03-10 10:00:00,S-01,25.03,50.3,False
2024-03-10 11:00:00,S-01,25.75,49.0,False
2024-03-10 12:00:00,S-01,26.92,47.6,False
2024-03-10 13:00:00,S-01,26.72,46.6,False
2024-03-10 14:00:00,S-01,25.95,48.4,False
2024-03-10 15:00:00,S-01,25.22,48.5,False
2024-03-10 16:00:00,S-01,24.23,50.6,False
2024-03-10 17:00:00,S-01,23.95,47.2,False
2024-03-10 18:00:00,S-01,23.96,48.1,False
2024-03-10 19:00:00,S-01,21.19,54.9,False
2024-03-10 20:00:00,S-01,22.35,50.9,False
2024-03-10 21:00:00,S-01,21.03,46.5,False
2024-03-10 22:00:00,S-01,19.42,55.8,False
2024-03-10 23:00:00,S-01,20.06,48.0,False
2024-03-11 00:00:00,S-01,18.19,62.4,False
2024-03-11 01:00:00,S-01,18.17,59.0,False
2024-03-11 02:00:00,S-01,18.98,57.9,False
2024-03-11 03:00:00,S-01,20.38,52.3,False
2024-03-11 04:00:00,S-01,21.33,49.9,False
2024-03-11 05:00:00,S-01,22.2,51.5,False
2024-03-11 06:00:00,S-01,23.79,50.2,False
2024-03-11 07:00:00,S-01,23.09,48.8,False
2024-03-11 08:00:00,S-01,26.21,47.7,False
2024-03-11 09:00:00,S-01,25.57,50.0,False
2024-03-11 10:00:00,S-01,26.86,48.2,False
2024-03-11 11:00:00,S-01,27.52,42.7,False
2024-03-11 12:00:00,S-01,27.11,39.9,False
2024-03-11 13:00:00,S-01,26.85,46.5,False
2024-03-11 14:00:00,S-01,26.8,44.7,False
2024-03-11 15:00:00,S-01,27.01,47.6,False
2024-03-11 16:00:00,S-01,26.71,51.4,False
2024-03-11 17:00:00,S-01,25.77,52.5,False
2024-03-11 18:00:00,S-01,23.54,51.3,False
2024-03-11 19:00:00,S-01,22.71,54.7,False
2024-03-11 20:00:00,S-01,21.68,57.4,False
2024-03-11 21:00:00,S-01,21.99,52.5,False
2024-03-11 22:00:00,S-01,19.41,56.2,False
2024-03-11 23:00:00,S-01,21.67,55.2,False
2024-03-12 00:00:00,S-01,20.19,54.4,False
2024-03-12 01:00:00,S-01,20.13,53.1,False
2024-03-12 02:00:00,S-01,21.46,50.8,False
2024-03-12 03:00:00,S-01,22.68,51.5,False
2024-03-12 04:00:00,S-01,22.99,49.4,False
2024-03-12 05:00:00,S-01,24.55,51.6,False
2024-03-12 06:00:00,S-01,24.88,47.9,False
2024-03-12 07:00:00,S-01,26.82,50.8,False
2024-03-12 08:00:00,S-01,27.82,48.8,False
2024-03-12 09:00:00,S-01,27.59,42.1,False
2024-03-12 10:00:00,S-01,29.48,46.5,False
2024-03-12 11:00:00,S-01,28.87,42.9,False
2024-03-12 12:00:00,S-01,28.96,47.9,False
2024-03-12 13:00:00,S-01,28.03,46.6,False
2024-03-12 14:00:00,S-01,28.15,44.8,False
2024-03-12 15:00:00,S-01,28.38,46.6,False
2024-03-12 16:00:00,S-01,25.89,46.1,False
2024-03-12 17:00:00,S-01,26.5,47.9,False
2024-03-12 18:00:00,S-01,25.22,49.6,False
2024-03-12 19:00:00,S-01,24.13,49.4,False
2024-03-12 20:00:00,S-01,21.18,54.5,False
2024-03-12 21:00:00,S-01,22.03,49.5,False
2024-03-12 22:00:00,S-01,21.99,54.0,False
2024-03-12 23:00:00,S-01,20.45,50.8,False
2024-03-13 00:00:00,S-01,20.99,55.4,False
2024-03-13 01:00:00,S-01,19.14,57.2,False
2024-03-13 02:00:00,S-01,21.97,54.5,False
2024-03-13 03:00:00,S-01,21.52,51.4,False
2024-03-13 04:00:00,S-01,23.56,59.2,False
2024-03-13 05:00:00,S-01,22.33,51.3,False
2024-03-13 06:00:00,S-01,25.37,48.8,False
2024-03-13 07:00:00,S-01,25.64,45.9,False
2024-03-13 08:00:00,S-01,27.42,50.0,False
2024-03-13 09:00:00,S-01,26.83,45.3,False
2024-03-13 10:00:00,S-01,27.68,48.4,False
2024-03-13 11:00:00,S-01,30.34,39.7,False
2024-03-13 12:00:00,S-01,27.99,46.1,False
2024-03-13 13:00:00,S-01,27.92,44.3,False
2024-03-13 14:00:00,S-01,27.83,48.1,False
2024-03-13 15:00:00,S-01,26.56,46.1,False
2024-03-13 16:00:00,S-01,27.46,43.4,False
2024-03-13 17:00:00,S-01,26.88,47.9,False
2024-03-13 18:00:00,S-01,23.86,46.8,False
2024-03-13 19:00:00,S-01,21.97,49.7,False
2024-03-13 20:00:00,S-01,23.28,53.1,False
2024-03-13 21:00:00,S-01,22.35,46.7,False
2024-03-13 22:00:00,S-01,21.44,55.3,False
2024-03-13 23:00:00,S-01,21.26,52.2,False
2024-03-14 00:00:00,S-01,19.46,52.9,False
2024-03-14 01:00:00,S-01,20.11,55.4,False
2024-03-14 02:00:00,S-01,19.48,57.3,False
2024-03-14 03:00:00,S-01,20.04,53.1,False
2024-03-14 04:00:00,S-01,22.74,51.1,False
2024-03-14 05:00:00,S-01,22.33,54.3,False
2024-03-14 06:00:00,S-01,25.67,50.2,False
2024-03-14 07:00:00,S-01,24.89,48.8,False
2024-03-14 08:00:00,S-01,25.23,46.4,False
2024-03-14 09:00:00,S-01,27.16,43.6,False
2024-03-14 10:00:00,S-01,28.54,42.9,False
2024-03-14 11:00:00,S-01,27.83,47.4,False
2024-03-14 12:00:00,S-01,26.55,48.6,False
2024-03-14 13:00:00,S-01,27.63,46.6,False
2024-03-14 14:00:00,S-01,27.98,49.2,False
2024-03-14 15:00:00,S-01,25.8,47.1,False
2024-03-14 16:00:00,S-01,24.69,48.2,False
2024-03-14 17:00:00,S-01,25.11,47.7,False
2024-03-14 18:00:00,S-01,23.32,56.3,False
2024-03-14 19:00:00,S-01,21.24,47.6,False
2024-03-14 20:00:00,S-01,20.8,54.8,False
2024-03-14 21:00:00,S-01,19.62,56.6,False
2024-03-14 22:00:00,S-01,19.77,55.3,False
2024-03-14 23:00:00,S-01,19.17,62.5,False
2024-03-15 00:00:00,S-01,19.82,58.4,False
2024-03-15 01:00:00,S-01,19.56,57.6,False
2024-03-15 02:00:00,S-01,18.09,54.7,False
2024-03-15 03:00:00,S-01,20.26,56.0,False
2024-03-15 04:00:00,S-01,21.43,52.1,False
2024-03-15 05:00:00,S-01,22.0,52.6,False
2024-03-15 06:00:00,S-01,23.45,51.3,False
2024-03-15 07:00:00,S-01,23.18,49.7,False
2024-03-15 08:00:00,S-01,23.79,52.2,False
2024-03-15 09:00:00,S-01,26.08,52.2,False
2024-03-15 10:00:00,S-01,25.08,51.8,False
2024-03-15 11:00:00,S-01,24.57,50.1,False
2024-03-15 12:00:00,S-01,27.22,40.8,False
2024-03-15 13:00:00,S-01,25.66,51.2,False
2024-03-15 14:00:00,S-01,25.56,51.3,False
2024-03-15 15:00:00,S-01,24.02,49.6,False
2024-03-15 16:00:00,S-01,23.22,49.7,False
2024-03-15 17:00:00,S-01,22.37,54.0,False
2024-03-15 18:00:00,S-01,21.95,50.3,False
2024-03-15 19:00:00,S-01,21.48,55.4,False
2024-03-15 20:00:00,S-01,18.36,53.9,False
2024-03-15 21:00:00,S-01,19.95,52.4,False
2024-03-15 22:00:00,S-01,17.75,57.7,False
2024-03-15 23:00:00,S-01,17.43,53.9,False
2024-03-16 00:00:00,S-01,18.68,56.5,False
2024-03-16 01:00:00,S-01,18.2,58.6,False
2024-03-16 02:00:00,S-01,17.43,54.3,False
2024-03-16 03:00:00,S-01,20.76,56.7,False
2024-03-16 04:00:00,S-01,19.42,54.1,False
2024-03-16 05:00:00,S-01,21.27,55.0,False
2024-03-16 06:00:00,S-01,22.27,52.8,False
2024-03-16 07:00:00,S-01,24.28,48.5,False
2024-03-16 08:00:00,S-01,23.76,49.0,False
2024-03-16 09:00:00,S-01,25.76,43.2,False
2024-03-16 10:00:00,S-01,25.01,47.0,False
2024-03-16 11:00:00,S-01,26.91,44.5,False
2024-03-16 12:00:00,S-01,25.55,52.9,False
2024-03-16 13:00:00,S-01,25.75,50.9,False
2024-03-16 14:00:00,S-01,27.18,42.5,False
2024-03-16 15:00:00,S-01,25.3,50.9,False
2024-03-16 16:00:00,S-01,24.32,50.4,False
2024-03-16 17:00:00,S-01,25.09,47.8,False
2024-03-16 18:00:00,S-01,22.57,53.2,False
2024-03-16 19:00:00,S-01,20.62,56.5,False
2024-03-16 20:00:00,S-01,20.93,52.3,False
2024-03-16 21:00:00,S-01,18.6,55.9,False
2024-03-16 22:00:00,S-01,19.84,55.6,False
2024-03-16 23:00:00,S-01,19.54,52.8,False
2024-03-17 00:00:00,S-01,18.02,57.9,False
2024-03-17 01:00:00,S-01,18.15,57.0,False
2024-03-17 02:00:00,S-01,19.23,54.0,False
2024-03-17 03:00:00,S-01,19.78,52.9,False
2024-03-17 04:00:00,S-01,19.85,56.0,False
2024-03-17 05:00:00,S-01,22.1,54.9,False
2024-03-17 06:00:00,S-01,21.09,54.6,False
2024-03-17 07:00:00,S-01,23.46,48.4,False
2024-03-17 08:00:00,S-01,24.5,51.7,False
2024-03-17 09:00:00,S-01,25.48,48.9,False
2024-03-17 10:00:00,S-01,26.63,48.7,False
2024-03-17 11:00:00,S-01,25.85,51.2,False
2024-03-17 12:00:00,S-01,27.49,43.5,False
2024-03-17 13:00:00,S-01,26.79,46.4,False
2024-03-17 14:00:00,S-01,26.07,46.0,False
2024-03-17 15:00:00,S-01,24.92,46.6,False
2024-03-17 16:00:00,S-01,24.29,55.5,False
2024-03-17 17:00:00,S-01,24.62,52.1,False
2024-03-17 18:00:00,S-01,22.58,46.9,False
2024-03-17 19:00:00,S-01,22.42,53.3,False
2024-03-17 20:00:00,S-01,22.31,50.7,False
2024-03-17 21:00:00,S-01,21.52,56.4,False
2024-03-17 22:00:00,S-01,21.36,53.6,False
2024-03-17 23:00:00,S-01,19.54,55.1,False
2024-03-18 00:00:00,S-01,18.83,56.8,False
2024-03-18 01:00:00,S-01,20.71,55.2,False
2024-03-18 02:00:00,S-01,20.6,54.4,False
2024-03-18 03:00:00,S-01,21.94,52.0,False
2024-03-18 04:00:00,S-01,21.94,52.3,False
2024-03-18 05:00:00,S-01,23.91,51.7,False
2024-03-18 06:00:00,S-01,24.72,46.2,False
2024-03-18 07:00:00,S-01,25.71,48.1,False
2024-03-18 08:00:00,S-01,26.56,46.8,False
2024-03-18 09:00:00,S-01,27.36,44.8,False
2024-03-18 10:00:00,S-01,27.91,47.6,False
2024-03-18 11:00:00,S-01,28.36,41.3,False
2024-03-18 12:00:00,S-01,29.16,43.0,False
2024-03-18 13:00:00,S-01,27.88,43.2,False
2024-03-18 14:00:00,S-01,29.33,45.3,False
2024-03-18 15:00:00,S-01,27.27,45.0,False
2024-03-18 16:00:00,S-01,27.36,46.3,False
2024-03-18 17:00:00,S-01,25.58,49.4,False
2024-03-18 18:00:00,S-01,24.47,45.2,False
2024-03-18 19:00:00,S-01,25.3,49.9,False
2024-03-18 20:00:00,S-01,22.51,49.9,False
2024-03-18 21:00:00,S-01,20.95,53.1,False
2024-03-18 22:00:00,S-01,20.8,53.7,False
2024-03-18 23:00:00,S-01,20.76,56.4,False
2024-03-19 00:00:00,S-01,22.64,53.9,False
2024-03-19 01:00:00,S-01,21.25,58.4,False
2024-03-19 02:00:00,S-01,22.27,52.8,False
2024-03-19 03:00:00,S-01,21.39,52.0,False
2024-03-19 04:00:00,S-01,23.33,49.6,False
2024-03-19 05:00:00,S-01,24.58,51.3,False
2024-03-19 06:00:00,S-01,26.55,51.6,False
2024-03-19 07:00:00,S-01,25.61,49.2,False
2024-03-19 08:00:00,S-01,27.64,44.2,False
2024-03-19 09:00:00,S-01,28.25,45.9,False
2024-03-19 10:00:00,S-01,27.84,46.3,False
2024-03-19 11:00:00,S-01,29.06,44.2,False
2024-03-19 12:00:00,S-01,29.02,42.1,False
2024-03-19 13:00:00,S-01,27.25,39.2,False
2024-03-19 14:00:00,S-01,29.2,42.5,False
2024-03-19 15:00:00,S-01,28.53,47.7,False
2024-03-19 16:00:00,S-01,26.92,47.3,False
2024-03-19 17:00:00,S-01,25.24,42.5,False
2024-03-19 18:00:00,S-01,26.46,47.3,False
2024-03-19 19:00:00,S-01,24.46,44.5,False
2024-03-19 20:00:00,S-01,24.09,55.7,False
2024-03-19 21:00:00,S-01,23.58,51.2,False
2024-03-19 22:00:00,S-01,21.39,50.0,False
2024-03-19 23:00:00,S-01,22.05,54.8,False
2024-03-20 00:00:00,S-01,21.06,51.5,False
2024-03-20 01:00:00,S-01,21.33,55.0,False
2024-03-20 02:00:00,S-01,21.7,53.0,False
2024-03-20 03:00:00,S-01,22.38,48.8,False
2024-03-20 04:00:00,S-01,24.09,52.0,False
2024-03-20 05:00:00,S-01,24.24,46.2,False
2024-03-20 06:00:00,S-01,25.03,52.7,False
2024-03-20 07:00:00,S-01,25.95,48.0,False
2024-03-20 08:00:00,S-01,27.38,43.3,False
2024-03-20 09:00:00,S-01,27.19,41.3,False
2024-03-20 10:00:00,S-01,28.11,49.8,False
2024-03-20 11:00:00,S-01,28.84,48.5,False
2024-03-20 12:00:00,S-01,28.54,41.2,False
2024-03-20 13:00:00,S-01,28.72,49.1,False
2024-03-20 14:00:00,S-01,27.9,46.0,False
2024-03-20 15:00:00,S-01,29.31,43.2,False
2024-03-20 16:00:00,S-01,27.91,45.3,False
2024-03-20 17:00:00,S-01,26.2,46.8,False
2024-03-20 18:00:00,S-01,24.72,53.3,False
2024-03-20 19:00:00,S-01,25.44,48.9,False
2024-03-20 20:00:00,S-01,22.94,46.3,False
2024-03-20 21:00:00,S-01,21.73,58.8,False
2024-03-20 22:00:00,S-01,21.36,55.8,False
2024-03-20 23:00:00,S-01,20.92,50.8,False
2024-03-21 00:00:00,S-01,21.62,52.1,False
2024-03-21 01:00:00,S-01,20.56,51.8,False
2024-03-21 02:00:00,S-01,22.61,52.0,False
2024-03-21 03:00:00,S-01,20.81,55.1,False
2024-03-21 04:00:00,S-01,22.85,52.3,False
2024-03-21 05:00:00,S-01,22.4,50.4,False
2024-03-21 06:00:00,S-01,25.64,46.0,False
2024-03-21 07:00:00,S-01,24.9,51.5,False
2024-03-21 08:00:00,S-01,26.03,47.5,False
2024-03-21 09:00:00,S-01,27.59,52.2,False
2024-03-21 10:00:00,S-01,28.44,42.6,False
2024-03-21 11:00:00,S-01,26.89,48.9,False
2024-03-21 12:00:00,S-01,27.59,46.0,False
2024-03-21 13:00:00,S-01,26.56,45.0,False
2024-03-21 14:00:00,S-01,33.56,42.5,True
2024-03-21 15:00:00,S-01,26.45,47.6,False
2024-03-21 16:00:00,S-01,25.37,46.1,False
2024-03-21 17:00:00,S-01,24.08,49.2,False
2024-03-21 18:00:00,S-01,23.23,54.0,False
2024-03-21 19:00:00,S-01,21.86,49.3,False
2024-03-21 20:00:00,S-01,21.86,56.6,False
2024-03-21 21:00:00,S-01,21.77,54.8,False
2024-03-21 22:00:00,S-01,18.33,56.2,False
2024-03-21 23:00:00,S-01,19.33,59.6,False
2024-03-22 00:00:00,S-01,18.9,61.2,False
2024-03-22 01:00:00,S-01,19.72,57.0,False
2024-03-22 02:00:00,S-01,18.92,56.8,False
2024-03-22 03:00:00,S-01,20.15,60.0,False
2024-03-22 04:00:00,S-01,20.22,58.9,False
2024-03-22 05:00:00,S-01,22.53,49.4,False
2024-03-22 06:00:00,S-01,23.04,50.8,False
2024-03-22 07:00:00,S-01,23.83,49.8,False
2024-03-22 08:00:00,S-01,25.18,47.6,False
2024-03-22 09:00:00,S-01,25.48,44.2,False
2024-03-22 10:00:00,S-01,25.03,51.5,False
2024-03-22 11:00:00,S-01,27.11,46.7,False
2024-03-22 12:00:00,S-01,26.97,46.9,False
2024-03-22 13:00:00,S-01,26.45,51.2,False
2024-03-22 14:00:00,S-01,26.93,45.1,False
2024-03-22 15:00:00,S-01,26.45,47.1,False
2024-03-22 16:00:00,S-01,23.75,51.3,False
2024-03-22 17:00:00,S-01,23.01,50.2,False
2024-03-22 18:00:00,S-01,23.81,50.1,False
2024-03-22 19:00:00,S-01,22.65,54.0,False
2024-03-22 20:00:00,S-01,19.94,55.0,False
2024-03-22 21:00:00,S-01,18.74,60.3,False
2024-03-22 22:00:00,S-01,18.52,54.7,False
2024-03-22 23:00:00,S-01,18.22,57.7,False
2024-03-23 00:00:00,S-01,17.21,54.3,False
2024-03-23 01:00:00,S-01,18.63,56.3,False
2024-03-23 02:00:00,S-01,17.97,55.5,False
2024-03-23 03:00:00,S-01,18.65,60.5,False
2024-03-23 04:00:00,S-01,21.18,55.7,False
2024-03-23 05:00:00,S-01,20.87,55.4,False
2024-03-23 06:00:00,S-01,22.39,57.3,False
2024-03-23 07:00:00,S-01,23.99,54.3,False
2024-03-23 08:00:00,S-01,25.11,50.9,False
2024-03-23 09:00:00,S-01,25.02,47.0,False
2024-03-23 10:00:00,S-01,25.97,43.8,False
2024-03-23 11:00:00,S-01,25.69,48.1,False
2024-03-23 12:00:00,S-01,27.9,44.5,False
2024-03-23 13:00:00,S-01,26.9,44.9,False
2024-03-23 14:00:00,S-01,25.11,48.0,False
2024-03-23 15:00:00,S-01,25.38,43.9,False
2024-03-23 16:00:00,S-01,25.14,53.0,False
2024-03-23 17:00:00,S-01,24.01,47.0,False
2024-03-23 18:00:00,S-01,24.08,48.2,False
2024-03-23 19:00:00,S-01,22.71,53.4,False
2024-03-23 20:00:00,S-01,20.25,50.1,False
2024-03-23 21:00:00,S-01,19.81,57.8,False
2024-03-23 22:00:00,S-01,18.25,59.8,False
2024-03-23 23:00:00,S-01,19.11,55.2,False
2024-03-24 00:00:00,S-01,18.93,53.2,False
2024-03-24 01:00:00,S-01,21.15,52.3,False
2024-03-24 02:00:00,S-01,19.5,50.4,False
2024-03-24 03:00:00,S-01,18.43,60.8,False
2024-03-24 04:00:00,S-01,20.43,54.6,False
2024-03-24 05:00:00,S-01,22.07,50.4,False
2024-03-24 06:00:00,S-01,22.06,50.0,False
2024-03-24 07:00:00,S-01,23.45,52.5,False
2024-03-24 08:00:00,S-01,24.86,53.4,False
2024-03-24 09:00:00,S-01,26.31,43.8,False
2024-03-24 10:00:00,S-01,26.59,45.5,False
2024-03-24 11:00:00,S-01,26.46,42.3,False
2024-03-24 12:00:00,S-01,27.99,47.3,False
2024-03-24 13:00:00,S-01,26.84,47.2,False
2024-03-24 14:00:00,S-01,26.53,53.6,False
2024-03-24 15:00:00,S-01,25.24,48.4,False
2024-03-24 16:00:00,S-01,24.95,47.8,False
2024-03-24 17:00:00,S-01,25.19,46.8,False
2024-03-24 18:00:00,S-01,22.39,54.6,False
2024-03-24 19:00:00,S-01,22.65,47.2,False
2024-03-24 20:00:00,S-01,22.37,54.3,False
2024-03-24 21:00:00,S-01,20.73,54.8,False
2024-03-24 22:00:00,S-01,20.64,52.8,False
2024-03-24 23:00:00,S-01,19.22,53.4,False
2024-03-25 00:00:00,S-01,21.08,56.7,False
2024-03-25 01:00:00,S-01,21.11,59.0,False
2024-03-25 02:00:00,S-01,20.87,52.7,False
2024-03-25 03:00:00,S-01,19.97,56.5,False
2024-03-25 04:00:00,S-01,28.03,50.3,True
2024-03-25 05:00:00,S-01,24.07,48.4,False
2024-03-25 06:00:00,S-01,25.75,47.4,False
2024-03-25 07:00:00,S-01,25.71,44.7,False
2024-03-25 08:00:00,S-01,27.49,45.6,False
2024-03-25 09:00:00,S-01,26.89,46.5,False
2024-03-25 10:00:00,S-01,27.91,44.3,False
2024-03-25 11:00:00,S-01,28.52,42.7,False
2024-03-25 12:00:00,S-01,29.05,39.6,False
2024-03-25 13:00:00,S-01,27.4,42.3,False
2024-03-25 14:00:00,S-01,29.03,41.4,False
2024-03-25 15:00:00,S-01,28.75,46.3,False
2024-03-25 16:00:00,S-01,25.99,46.4,False
2024-03-25 17:00:00,S-01,24.91,46.7,False
2024-03-25 18:00:00,S-01,25.28,50.5,False
2024-03-25 19:00:00,S-01,23.49,52.4,False
2024-03-25 20:00:00,S-01,21.2,51.4,False
2024-03-25 21:00:00,S-01,22.95,49.7,False
2024-03-25 22:00:00,S-01,21.84,54.7,False
2024-03-25 23:00:00,S-01,20.97,54.9,False
2024-03-26 00:00:00,S-01,22.94,49.1,False
2024-03-26 01:00:00,S-01,21.54,53.8,False
2024-03-26 02:00:00,S-01,21.26,53.4,False
2024-03-26 03:00:00,S-01,22.61,55.0,False
2024-03-26 04:00:00,S-01,22.55,49.5,False
2024-03-26 05:00:00,S-01,23.77,53.0,False
2024-03-26 06:00:00,S-01,25.75,49.3,False
2024-03-26 07:00:00,S-01,26.06,44.8,False
2024-03-26 08:00:00,S-01,27.13,49.5,False
2024-03-26 09:00:00,S-01,29.68,46.0,False
2024-03-26 10:00:00,S-01,29.69,39.6,False
2024-03-26 11:00:00,S-01,30.06,48.6,False
2024-03-26 12:00:00,S-01,29.99,39.7,False
2024-03-26 13:00:00,S-01,29.83,40.6,False
2024-03-26 14:00:00,S-01,30.22,41.8,False
2024-03-26 15:00:00,S-01,28.41,47.1,False
2024-03-26 16:00:00,S-01,29.09,45.8,False
2024-03-26 17:00:00,S-01,25.89,47.7,False
2024-03-26 18:00:00,S-01,25.41,52.4,False
2024-03-26 19:00:00,S-01,23.48,52.0,False
2024-03-26 20:00:00,S-01,23.34,55.0,False
2024-03-26 21:00:00,S-01,23.2,59.2,False
2024-03-26 22:00:00,S-01,23.3,51.6,False
2024-03-26 23:00:00,S-01,21.21,46.2,False
2024-03-27 00:00:00,S-01,21.59,51.8,False
2024-03-27 01:00:00,S-01,21.43,50.2,False
2024-03-27 02:00:00,S-01,21.51,53.5,False
2024-03-27 03:00:00,S-01,21.77,53.2,False
2024-03-27 04:00:00,S-01,23.58,47.2,False
2024-03-27 05:00:00,S-01,23.09,48.0,False
2024-03-27 06:00:00,S-01,25.58,47.5,False
2024-03-27 07:00:00,S-01,26.52,46.6,False
2024-03-27 08:00:00,S-01,26.92,39.2,False
2024-03-27 09:00:00,S-01,27.44,48.9,False
2024-03-27 10:00:00,S-01,27.74,45.8,False
2024-03-27 11:00:00,S-01,30.72,42.1,False
2024-03-27 12:00:00,S-01,28.25,46.0,False
2024-03-27 13:00:00,S-01,30.4,39.6,False
2024-03-27 14:00:00,S-01,29.2,43.8,False
2024-03-27 15:00:00,S-01,27.76,48.7,False
2024-03-27 16:00:00,S-01,26.25,50.6,False
2024-03-27 17:00:00,S-01,27.01,47.9,False
2024-03-27 18:00:00,S-01,26.48,46.4,False
2024-03-27 19:00:00,S-01,23.27,48.7,False
2024-03-27 20:00:00,S-01,22.77,55.5,False
2024-03-27 21:00:00,S-01,22.98,52.9,False
2024-03-27 22:00:00,S-01,21.73,51.7,False
2024-03-27 23:00:00,S-01,22.61,45.6,False
2024-03-28 00:00:00,S-01,20.37,52.0,False
2024-03-28 01:00:00,S-01,21.35,47.8,False
2024-03-28 02:00:00,S-01,20.26,58.3,False
2024-03-28 03:00:00,S-01,23.53,51.3,False
2024-03-28 04:00:00,S-01,22.04,50.4,False
2024-03-28 05:00:00,S-01,21.77,52.1,False
2024-03-28 06:00:00,S-01,24.42,57.3,False
2024-03-28 07:00:00,S-01,25.39,52.1,False
2024-03-28 08:00:00,S-01,27.95,41.5,False
2024-03-28 09:00:00,S-01,26.92,46.3,False
2024-03-28 10:00:00,S-01,27.76,42.1,False
2024-03-28 11:00:00,S-01,28.59,39.6,False
2024-03-28 12:00:00,S-01,29.47,44.1,False
2024-03-28 13:00:00,S-01,27.96,52.5,False
2024-03-28 14:00:00,S-01,28.39,49.5,False
2024-03-28 15:00:00,S-01,27.28,46.4,False
2024-03-28 16:00:00,S-01,25.75,47.0,False
2024-03-28 17:00:00,S-01,25.03,49.6,False
2024-03-28 18:00:00,S-01,23.9,53.4,False
2024-03-28 19:00:00,S-01,22.06,48.2,False
2024-03-28 20:00:00,S-01,22.74,46.2,False
2024-03-28 21:00:00,S-01,19.79,60.8,False
2024-03-28 22:00:00,S-01,21.14,54.5,False
2024-03-28 23:00:00,S-01,20.52,59.1,False
2024-03-29 00:00:00,S-01,19.5,56.3,False
2024-03-29 01:00:00,S-01,19.05,60.5,False
2024-03-29 02:00:00,S-01,19.83,53.4,False
2024-03-29 03:00:00,S-01,20.98,55.3,False
2024-03-29 04:00:00,S-01,21.98,57.2,False
2024-03-29 05:00:00,S-01,22.54,55.0,False
2024-03-29 06:00:00,S-01,24.09,48.7,False
2024-03-29 07:00:00,S-01,23.85,53.0,False
2024-03-29 08:00:00,S-01,25.41,46.5,False
2024-03-29 09:00:00,S-01,24.76,45.1,False
2024-03-29 10:00:00,S-01,27.22,47.9,False
2024-03-29 11:00:00,S-01,27.1,50.6,False
2024-03-29 12:00:00,S-01,26.74,49.4,False
2024-03-29 13:00:00,S-01,27.84,41.9,False
2024-03-29 14:00:00,S-01,27.03,49.1,False
2024-03-29 15:00:00,S-01,23.56,52.7,False
2024-03-29 16:00:00,S-01,24.99,47.6,False
2024-03-29 17:00:00,S-01,22.8,44.3,False
2024-03-29 18:00:00,S-01,23.76,53.5,False
2024-03-29 19:00:00,S-01,23.84,53.0,False
2024-03-29 20:00:00,S-01,20.45,55.9,False
2024-03-29 21:00:00,S-01,20.08,49.8,False
2024-03-29 22:00:00,S-01,19.17,51.6,False
2024-03-29 23:00:00,S-01,19.24,58.9,False
2024-03-30 00:00:00,S-01,19.33,58.2,False
2024-03-30 01:00:00,S-01,19.97,56.5,False
2024-03-30 02:00:00,S-01,18.54,56.0,False
2024-03-30 03:00:00,S-01,21.22,54.7,False
2024-03-30 04:00:00,S-01,20.04,53.3,False
2024-03-30 05:00:00,S-01,21.97,51.7,False
2024-03-30 06:00:00,S-01,23.71,48.0,False
2024-03-30 07:00:00,S-01,24.39,50.5,False
2024-03-30 08:00:00,S-01,24.04,48.9,False
2024-03-30 09:00:00,S-01,25.07,51.8,False
2024-03-30 10:00:00,S-01,25.9,50.1,False
2024-03-30 11:00:00,S-01,26.64,44.6,False
2024-03-30 12:00:00,S-01,27.75,51.2,False
2024-03-30 13:00:00,S-01,25.68,44.8,False
2024-03-30 14:00:00,S-01,26.7,48.3,False
2024-03-30 15:00:00,S-01,26.2,50.8,False
2024-03-30 16:00:00,S-01,25.35,52.4,False
2024-03-30 17:00:00,S-01,24.34,43.2,False
2024-03-30 18:00:00,S-01,24.17,53.0,False
2024-03-30 19:00:00,S-01,22.34,55.8,False
2024-03-30 20:00:00,S-01,21.7,57.3,False
2024-03-30 21:00:00,S-01,20.67,47.5,False
2024-03-30 22:00:00,S-01,21.05,51.7,False
2024-03-30 23:00:00,S-01,17.73,57.4,False
2024-03-31 00:00:00,S-01,20.17,53.5,False
2024-03-31 01:00:00,S-01,19.11,60.1,False
2024-03-31 02:00:00,S-01,19.54,53.5,False
2024-03-31 03:00:00,S-01,19.66,59.1,False
2024-03-31 04:00:00,S-01,19.81,56.9,False
2024-03-31 05:00:00,S-01,22.01,48.2,False
2024-03-31 06:00:00,S-01,22.85,48.6,False
2024-03-31 07:00:00,S-01,24.87,47.7,False
2024-03-31 08:00:00,S-01,24.31,50.1,False
2024-03-31 09:00:00,S-01,27.51,49.0,False
2024-03-31 10:00:00,S-01,27.27,45.7,False
2024-03-31 11:00:00,S-01,27.31,49.0,False
2024-03-31 12:00:00,S-01,27.13,41.7,False
2024-03-31 13:00:00,S-01,26.98,37.5,False
2024-03-31 14:00:00,S-01,26.36,46.4,False
2024-03-31 15:00:00,S-01,26.25,48.9,False
2024-03-31 16:00:00,S-01,25.91,46.8,False
2024-03-31 17:00:00,S-01,24.86,46.1,False
2024-03-31 18:00:00,S-01,22.89,52.8,False
2024-03-31 19:00:00,S-01,22.83,57.4,False
2024-03-31 20:00:00,S-01,21.42,53.0,False
2024-03-31 21:00:00,S-01,21.49,51.0,False
2024-03-31 22:00:00,S-01,22.28,49.7,False
2024-03-31 23:00:00,S-01,20.95,59.8,False
2024-04-01 00:00:00,S-01,20.12,54.7,False
2024-04-01 01:00:00,S-01,19.26,57.7,False
2024-04-01 02:00:00,S-01,19.89,58.8,False
2024-04-01 03:00:00,S-01,20.36,57.8,False
2024-04-01 04:00:00,S-01,23.18,48.4,False
2024-04-01 05:00:00,S-01,23.01,54.3,False
2024-04-01 06:00:00,S-01,24.76,51.8,False
2024-04-01 07:00:00,S-01,25.31,50.1,False
2024-04-01 08:00:00,S-01,26.9,49.7,False
2024-04-01 09:00:00,S-01,28.83,42.7,False
2024-04-01 10:00:00,S-01,27.85,45.4,False
2024-04-01 11:00:00,S-01,28.58,43.1,False
2024-04-01 12:00:00,S-01,28.4,47.2,False
2024-04-01 13:00:00,S-01,29.66,41.5,False
2024-04-01 14:00:00,S-01,27.79,46.8,False
2024-04-01 15:00:00,S-01,27.12,43.2,False
2024-04-01 16:00:00,S-01,26.13,47.3,False
2024-04-01 17:00:00,S-01,25.2,47.7,False
2024-04-01 18:00:00,S-01,25.72,47.8,False
2024-04-01 19:00:00,S-01,26.4,47.7,False
2024-04-01 20:00:00,S-01,22.63,51.3,False
2024-04-01 21:00:00,S-01,23.4,50.3,False
2024-04-01 22:00:00,S-01,22.25,46.1,False
2024-04-01 23:00:00,S-01,20.81,57.3,False
2024-04-02 00:00:00,S-01,21.37,51.5,False
2024-04-02 01:00:00,S-01,21.57,52.4,False
2024-04-02 02:00:00,S-01,21.64,50.5,False
2024-04-02 03:00:00,S-01,24.41,52.7,False
2024-04-02 04:00:00,S-01,22.2,49.6,False
2024-04-02 05:00:00,S-01,25.02,50.5,False
2024-04-02 06:00:00,S-01,26.04,51.3,False
2024-04-02 07:00:00,S-01,26.38,52.3,False
2024-04-02 08:00:00,S-01,27.95,49.0,False
2024-04-02 09:00:00,S-01,29.38,45.6,False
2024-04-02 10:00:00,S-01,29.46,40.1,False
2024-04-02 11:00:00,S-01,30.08,46.8,False
2024-04-02 12:00:00,S-01,30.46,46.0,False
2024-04-02 13:00:00,S-01,28.15,47.7,False
2024-04-02 14:00:00,S-01,30.57,44.7,False
2024-04-02 15:00:00,S-01,30.59,42.5,False
2024-04-02 16:00:00,S-01,28.73,43.0,False
2024-04-02 17:00:00,S-01,27.8,48.9,False
2024-04-02 18:00:00,S-01,24.83,53.0,False
2024-04-02 19:00:00,S-01,24.82,46.1,False
2024-04-02 20:00:00,S-01,23.3,53.8,False
2024-04-02 21:00:00,S-01,22.65,52.6,False
2024-04-02 22:00:00,S-01,23.25,53.8,False
2024-04-02 23:00:00,S-01,21.43,54.1,False
2024-04-03 00:00:00,S-01,21.82,56.2,False
2024-04-03 01:00:00,S-01,20.52,57.5,False
2024-04-03 02:00:00,S-01,22.31,54.9,False
2024-04-03 03:00:00,S-01,23.13,47.2,False
2024-04-03 04:00:00,S-01,23.3,53.5,False
2024-04-03 05:00:00,S-01,24.24,50.1,False
2024-04-03 06:00:00,S-01,27.34,42.9,False
2024-04-03 07:00:00,S-01,25.87,50.1,False
2024-04-03 08:00:00,S-01,26.94,42.6,False
2024-04-03 09:00:00,S-01,27.93,48.2,False
2024-04-03 10:00:00,S-01,30.15,47.9,False
2024-04-03 11:00:00,S-01,31.24,40.1,False
2024-04-03 12:00:00,S-01,29.93,45.9,False
2024-04-03 13:00:00,S-01,28.92,45.7,False
2024-04-03 14:00:00,S-01,28.71,46.5,False
2024-04-03 15:00:00,S-01,29.23,39.9,False
2024-04-03 16:00:00,S-01,26.79,48.7,False
2024-04-03 17:00:00,S-01,27.67,46.2,False
2024-04-03 18:00:00,S-01,26.57,49.4,False
2024-04-03 19:00:00,S-01,24.41,49.8,False
2024-04-03 20:00:00,S-01,23.87,53.7,False
2024-04-03 21:00:00,S-01,23.08,52.2,False
2024-04-03 22:00:00,S-01,23.04,53.4,False
2024-04-03 23:00:00,S-01,20.51,58.5,False
2024-04-04 00:00:00,S-01,22.11,53.1,False
2024-04-04 01:00:00,S-01,20.95,56.9,False
2024-04-04 02:00:00,S-01,20.99,54.6,False
2024-04-04 03:00:00,S-01,22.27,53.9,False
2024-04-04 04:00:00,S-01,22.79,50.2,False
2024-04-04 05:00:00,S-01,23.08,53.7,False
2024-04-04 06:00:00,S-01,23.58,54.4,False
2024-04-04 07:00:00,S-01,25.09,48.7,False
2024-04-04 08:00:00,S-01,27.91,47.9,False
2024-04-04 09:00:00,S-01,29.1,45.4,False
2024-04-04 10:00:00,S-01,28.63,41.5,False
2024-04-04 11:00:00,S-01,29.4,44.9,False
2024-04-04 12:00:00,S-01,28.12,49.3,False
2024-04-04 13:00:00,S-01,28.28,43.7,False
2024-04-04 14:00:00,S-01,28.12,40.1,False
2024-04-04 15:00:00,S-01,26.34,48.1,False
2024-04-04 16:00:00,S-01,25.53,46.6,False
2024-04-04 17:00:00,S-01,25.38,54.3,False
2024-04-04 18:00:00,S-01,23.96,50.2,False
2024-04-04 19:00:00,S-01,22.28,52.4,False
2024-04-04 20:00:00,S-01,22.42,50.3,False
2024-04-04 21:00:00,S-01,21.02,54.6,False
2024-04-04 22:00:00,S-01,21.36,51.8,False
2024-04-04 23:00:00,S-01,20.09,52.3,False
2024-04-05 00:00:00,S-01,19.67,55.3,False
2024-04-05 01:00:00,S-01,20.1,52.6,False
2024-04-05 02:00:00,S-01,20.21,58.7,False
2024-04-05 03:00:00,S-01,20.41,51.2,False
2024-04-05 04:00:00,S-01,21.4,53.2,False
2024-04-05 05:00:00,S-01,23.24,49.2,False
2024-04-05 06:00:00,S-01,24.15,46.0,False
2024-04-05 07:00:00,S-01,25.66,53.2,False
2024-04-05 08:00:00,S-01,24.2,43.9,False
2024-04-05 09:00:00,S-01,26.03,52.2,False
2024-04-05 10:00:00,S-01,26.61,43.0,False
2024-04-05 11:00:00,S-01,27.45,46.4,False
2024-04-05 12:00:00,S-01,27.05,53.3,False
2024-04-05 13:00:00,S-01,26.83,40.6,False
2024-04-05 14:00:00,S-01,27.44,42.1,False
2024-04-05 15:00:00,S-01,26.29,51.4,False
2024-04-05 16:00:00,S-01,24.36,50.4,False
2024-04-05 17:00:00,S-01,25.37,47.1,False
2024-04-05 18:00:00,S-01,24.04,50.2,False
2024-04-05 19:00:00,S-01,21.73,50.2,False
2024-04-05 20:00:00,S-01,21.87,53.2,False
2024-04-05 21:00:00,S-01,19.77,59.8,False
2024-04-05 22:00:00,S-01,20.61,53.3,False
2024-04-05 23:00:00,S-01,19.12,56.6,False
2024-04-06 00:00:00,S-01,18.5,60.4,False
2024-04-06 01:00:00,S-01,18.97,62.2,False
2024-04-06 02:00:00,S-01,19.05,54.5,False
2024-04-06 03:00:00,S-01,20.45,55.5,False
2024-04-06 04:00:00,S-01,21.26,51.9,False
2024-04-06 05:00:00,S-01,22.11,50.7,False
2024-04-06 06:00:00,S-01,22.67,50.7,False
2024-04-06 07:00:00,S-01,21.23,51.8,False
2024-04-06 08:00:00,S-01,25.2,43.8,False
2024-04-06 09:00:00,S-01,24.45,43.9,False
2024-04-06 10:00:00,S-01,26.8,44.8,False
2024-04-06 11:00:00,S-01,27.92,46.0,False
2024-04-06 12:00:00,S-01,27.39,49.8,False
2024-04-06 13:00:00,S-01,26.74,45.5,False
2024-04-06 14:00:00,S-01,26.52,46.8,False
2024-04-06 15:00:00,S-01,25.94,49.9,False
2024-04-06 16:00:00,S-01,24.8,51.5,False
2024-04-06 17:00:00,S-01,23.84,50.2,False
2024-04-06 18:00:00,S-01,22.55,51.9,False
2024-04-06 19:00:00,S-01,23.24,56.7,False
2024-04-06 20:00:00,S-01,21.34,52.5,False
2024-04-06 21:00:00,S-01,21.32,52.1,False
2024-04-06 22:00:00,S-01,19.75,50.6,False
2024-04-06 23:00:00,S-01,19.64,56.8,False
2024-04-07 00:00:00,S-01,19.35,55.1,False
2024-04-07 01:00:00,S-01,20.03,60.7,False
2024-04-07 02:00:00,S-01,20.76,53.2,False
2024-04-07 03:00:00,S-01,20.96,56.3,False
2024-04-07 04:00:00,S-01,21.1,56.5,False
2024-04-07 05:00:00,S-01,22.03,57.5,False
2024-04-07 06:00:00,S-01,25.06,45.2,False
2024-04-07 07:00:00,S-01,24.59,54.2,False
2024-04-07 08:00:00,S-01,25.59,48.4,False
2024-04-07 09:00:00,S-01,27.88,45.3,False
2024-04-07 10:00:00,S-01,28.26,44.3,False
2024-04-07 11:00:00,S-01,28.27,44.0,False
2024-04-07 12:00:00,S-01,27.71,44.8,False
2024-04-07 13:00:00,S-01,29.83,36.5,False
2024-04-07 14:00:00,S-01,27.91,47.1,False
2024-04-07 15:00:00,S-01,27.46,46.3,False
2024-04-07 16:00:00,S-01,26.11,45.0,False
2024-04-07 17:00:00,S-01,24.21,49.9,False
2024-04-07 18:00:00,S-01,23.29,57.9,False
2024-04-07 19:00:00,S-01,23.71,51.8,False
2024-04-07 20:00:00,S-01,22.79,50.6,False
2024-04-07 21:00:00,S-01,21.51,58.3,False
2024-04-07 22:00:00,S-01,20.19,52.5,False
2024-04-07 23:00:00,S-01,19.63,55.1,False
2024-04-08 00:00:00,S-01,20.44,53.0,False
2024-04-08 01:00:00,S-01,19.73,54.7,False
2024-04-08 02:00:00,S-01,22.08,54.8,False
2024-04-08 03:00:00,S-01,22.97,53.2,False
2024-04-08 04:00:00,S-01,25.2,46.7,False
2024-04-08 05:00:00,S-01,24.66,49.1,False
2024-04-08 06:00:00,S-01,24.58,49.9,False
2024-04-08 07:00:00,S-01,25.44,47.4,False
2024-04-08 08:00:00,S-01,24.4,49.7,False
2024-04-08 09:00:00,S-01,27.57,43.9,False
2024-04-08 10:00:00,S-01,28.59,42.6,False
2024-04-08 11:00:00,S-01,29.96,43.3,False
2024-04-08 12:00:00,S-01,29.87,40.2,False
2024-04-08 13:00:00,S-01,29.77,44.6,False
2024-04-08 14:00:00,S-01,29.12,43.6,False
2024-04-08 15:00:00,S-01,28.89,41.7,False
2024-04-08 16:00:00,S-01,28.74,42.8,False
2024-04-08 17:00:00,S-01,25.81,46.7,False
2024-04-08 18:00:00,S-01,25.31,48.3,False
2024-04-08 19:00:00,S-01,23.57,51.1,False
2024-04-08 20:00:00,S-01,25.06,48.4,False
2024-04-08 21:00:00,S-01,24.02,47.7,False
2024-04-08 22:00:00,S-01,22.99,55.7,False
2024-04-08 23:00:00,S-01,21.06,56.5,False
2024-04-09 00:00:00,S-01,22.06,52.9,False
2024-04-09 01:00:00,S-01,21.91,55.6,False
2024-04-09 02:00:00,S-01,22.6,52.9,False
2024-04-09 03:00:00,S-01,23.05,50.7,False
2024-04-09 04:00:00,S-01,24.48,50.0,False
2024-04-09 05:00:00,S-01,24.74,57.2,False
2024-04-09 06:00:00,S-01,26.8,49.8,False
2024-04-09 07:00:00,S-01,27.37,49.3,False
2024-04-09 08:00:00,S-01,27.93,44.4,False
2024-04-09 09:00:00,S-01,28.92,46.1,False
2024-04-09 10:00:00,S-01,29.32,50.5,False
2024-04-09 11:00:00,S-01,30.74,43.4,False
2024-04-09 12:00:00,S-01,30.02,46.2,False
2024-04-09 13:00:00,S-01,30.35,46.3,False
2024-04-09 14:00:00,S-01,29.41,45.7,False
2024-04-09 15:00:00,S-01,27.91,50.2,False
2024-04-09 16:00:00,S-01,29.0,45.0,False
2024-04-09 17:00:00,S-01,26.47,48.8,False
2024-04-09 18:00:00,S-01,26.83,45.1,False
2024-04-09 19:00:00,S-01,25.59,56.1,False
2024-04-09 20:00:00,S-01,22.96,52.4,False
2024-04-09 21:00:00,S-01,22.7,52.2,False
2024-04-09 22:00:00,S-01,22.4,56.2,False
2024-04-09 23:00:00,S-01,21.75,51.6,False
2024-04-10 00:00:00,S-01,21.32,53.5,False
2024-04-10 01:00:00,S-01,22.98,49.2,False
2024-04-10 02:00:00,S-01,22.58,52.1,False
2024-04-10 03:00:00,S-01,23.7,49.5,False
2024-04-10 04:00:00,S-01,23.86,52.0,False
2024-04-10 05:00:00,S-01,25.39,48.2,False
2024-04-10 06:00:00,S-01,25.56,46.7,False
2024-04-10 07:00:00,S-01,27.15,45.6,False
2024-04-10 08:00:00,S-01,28.58,44.4,False
2024-04-10 09:00:00,S-01,37.96,32.0,True
2024-04-10 10:00:00,S-01,29.16,46.8,False
2024-04-10 11:00:00,S-01,29.02,46.2,False
2024-04-10 12:00:00,S-01,30.13,43.3,False
2024-04-10 13:00:00,S-01,30.1,39.5,False
2024-04-10 14:00:00,S-01,29.18,45.6,False
2024-04-10 15:00:00,S-01,28.1,41.6,False
2024-04-10 16:00:00,S-01,28.29,45.7,False
2024-04-10 17:00:00,S-01,28.83,44.6,False
2024-04-10 18:00:00,S-01,25.53,46.7,False
2024-04-10 19:00:00,S-01,24.96,46.7,False
2024-04-10 20:00:00,S-01,23.99,48.3,False
2024-04-10 21:00:00,S-01,20.76,60.1,False
2024-04-10 22:00:00,S-01,22.23,51.6,False
2024-04-10 23:00:00,S-01,21.12,53.1,False
2024-04-11 00:00:00,S-01,22.61,54.7,False
2024-04-11 01:00:00,S-01,21.38,54.6,False
2024-04-11 02:00:00,S-01,21.31,56.6,False
2024-04-11 03:00:00,S-01,22.35,48.7,False
2024-04-11 04:00:00,S-01,23.43,47.8,False
2024-04-11 05:00:00,S-01,23.76,60.2,False
2024-04-11 06:00:00,S-01,25.15,48.8,False
2024-04-11 07:00:00,S-01,25.09,48.1,False
2024-04-11 08:00:00,S-01,26.91,47.3,False
2024-04-11 09:00:00,S-01,28.48,47.8,False
2024-04-11 10:00:00,S-01,30.02,39.6,False
2024-04-11 11:00:00,S-01,29.36,44.7,False
2024-04-11 12:00:00,S-01,29.09,44.1,False
2024-04-11 13:00:00,S-01,29.63,45.5,False
2024-04-11 14:00:00,S-01,29.04,44.7,False
2024-04-11 15:00:00,S-01,28.87,42.9,False
2024-04-11 16:00:00,S-01,27.52,43.5,False
2024-04-11 17:00:00,S-01,25.54,41.4,False
2024-04-11 18:00:00,S-01,24.76,52.2,False
2024-04-11 19:00:00,S-01,23.61,46.5,False
2024-04-11 20:00:00,S-01,22.69,50.7,False
2024-04-11 21:00:00,S-01,21.73,57.8,False
2024-04-11 22:00:00,S-01,20.25,53.6,False
2024-04-11 23:00:00,S-01,18.75,58.4,False
2024-04-12 00:00:00,S-01,19.71,54.8,False
2024-04-12 01:00:00,S-01,18.71,58.6,False
2024-04-12 02:00:00,S-01,20.74,54.3,False
2024-04-12 03:00:00,S-01,21.28,52.1,False
2024-04-12 04:00:00,S-01,20.72,58.1,False
2024-04-12 05:00:00,S-01,23.53,50.1,False
2024-04-12 06:00:00,S-01,24.67,45.6,False
2024-04-12 07:00:00,S-01,25.04,48.1,False
2024-04-12 08:00:00,S-01,27.23,48.0,False
2024-04-12 09:00:00,S-01,28.18,42.0,False
2024-04-12 10:00:00,S-01,26.32,49.8,False
2024-04-12 11:00:00,S-01,28.47,47.1,False
2024-04-12 12:00:00,S-01,28.1,51.5,False
2024-04-12 13:00:00,S-01,27.91,43.7,False
2024-04-12 14:00:00,S-01,27.9,47.5,False
2024-04-12 15:00:00,S-01,25.91,43.2,False
2024-04-12 16:00:00,S-01,25.16,47.7,False
2024-04-12 17:00:00,S-01,23.98,50.6,False
2024-04-12 18:00:00,S-01,22.98,52.7,False
2024-04-12 19:00:00,S-01,22.45,52.0,False
2024-04-12 20:00:00,S-01,20.38,54.4,False
2024-04-12 21:00:00,S-01,19.86,53.5,False
2024-04-12 22:00:00,S-01,20.5,53.2,False
2024-04-12 23:00:00,S-01,19.57,56.5,False
2024-04-13 00:00:00,S-01,19.79,56.9,False
2024-04-13 01:00:00,S-01,18.1,59.2,False
2024-04-13 02:00:00,S-01,19.37,58.7,False
2024-04-13 03:00:00,S-01,20.19,58.3,False
2024-04-13 04:00:00,S-01,21.48,48.1,False
2024-04-13 05:00:00,S-01,21.95,51.2,False
2024-04-13 06:00:00,S-01,24.2,49.6,False
2024-04-13 07:00:00,S-01,24.45,47.9,False
2024-04-13 08:00:00,S-01,25.48,51.5,False
2024-04-13 09:00:00,S-01,26.31,49.7,False
2024-04-13 10:00:00,S-01,27.51,45.8,False
2024-04-13 11:00:00,S-01,26.98,47.1,False
2024-04-13 12:00:00,S-01,28.4,48.6,False
2024-04-13 13:00:00,S-01,27.75,44.8,False
2024-04-13 14:00:00,S-01,27.13,45.6,False
2024-04-13 15:00:00,S-01,26.42,50.0,False
2024-04-13 16:00:00,S-01,26.0,49.2,False
2024-04-13 17:00:00,S-01,25.45,52.6,False
2024-04-13 18:00:00,S-01,24.38,50.9,False
2024-04-13 19:00:00,S-01,22.92,53.7,False
2024-04-13 20:00:00,S-01,22.39,50.6,False
2024-04-13 21:00:00,S-01,20.98,51.2,False
2024-04-13 22:00:00,S-01,21.29,53.5,False
2024-04-13 23:00:00,S-01,19.9,47.6,False
2024-04-14 00:00:00,S-01,18.16,58.5,False
2024-04-14 01:00:00,S-01,21.06,56.6,False
2024-04-14 02:00:00,S-01,20.52,54.7,False
2024-04-14 03:00:00,S-01,20.17,54.2,False
2024-04-14 04:00:00,S-01,21.82,56.0,False
2024-04-14 05:00:00,S-01,22.28,52.2,False
2024-04-14 06:00:00,S-01,25.75,51.0,False
2024-04-14 07:00:00,S-01,25.55,54.7,False
2024-04-14 08:00:00,S-01,24.91,51.3,False
2024-04-14 09:00:00,S-01,27.48,48.8,False
2024-04-14 10:00:00,S-01,27.41,47.6,False
2024-04-14 11:00:00,S-01,29.71,44.1,False
2024-04-14 12:00:00,S-01,27.52,46.8,False
2024-04-14 13:00:00,S-01,26.48,47.5,False
2024-04-14 14:00:00,S-01,27.99,48.6,False
2024-04-14 15:00:00,S-01,27.08,42.0,False
2024-04-14 16:00:00,S-01,26.25,46.8,False
2024-04-14 17:00:00,S-01,23.96,52.2,False
2024-04-14 18:00:00,S-01,25.04,46.6,False
2024-04-14 19:00:00,S-01,25.05,48.7,False
2024-04-14 20:00:00,S-01,21.28,51.5,False
2024-04-14 21:00:00,S-01,22.97,52.8,False
2024-04-14 22:00:00,S-01,21.0,56.4,False
2024-04-14 23:00:00,S-01,23.0,55.7,False
2024-04-15 00:00:00,S-01,21.39,54.9,False
2024-04-15 01:00:00,S-01,21.08,51.7,False
2024-04-15 02:00:00,S-01,22.58,52.7,False
2024-04-15 03:00:00,S-01,22.81,53.3,False
2024-04-15 04:00:00,S-01,22.8,55.8,False
2024-04-15 05:00:00,S-01,24.86,43.1,False
2024-04-15 06:00:00,S-01,24.98,50.2,False
2024-04-15 07:00:00,S-01,25.05,43.8,False
2024-04-15 08:00:00,S-01,29.12,46.2,False
2024-04-15 09:00:00,S-01,28.1,46.6,False
2024-04-15 10:00:00,S-01,28.58,46.2,False
2024-04-15 11:00:00,S-01,29.8,45.9,False
2024-04-15 12:00:00,S-01,28.47,46.0,False
2024-04-15 13:00:00,S-01,28.55,43.0,False
2024-04-15 14:00:00,S-01,28.88,45.4,False
2024-04-15 15:00:00,S-01,28.28,48.6,False
2024-04-15 16:00:00,S-01,27.97,45.2,False
2024-04-15 17:00:00,S-01,27.9,45.7,False
2024-04-15 18:00:00,S-01,25.63,44.8,False
2024-04-15 19:00:00,S-01,25.42,51.9,False
2024-04-15 20:00:00,S-01,24.58,48.1,False
2024-04-15 21:00:00,S-01,22.45,50.0,False
2024-04-15 22:00:00,S-01,22.9,50.3,False
2024-04-15 23:00:00,S-01,21.61,50.7,False
2024-04-16 00:00:00,S-01,23.11,50.6,False
2024-04-16 01:00:00,S-01,22.8,55.4,False
2024-04-16 02:00:00,S-01,22.88,53.9,False
2024-04-16 03:00:00,S-01,22.46,56.2,False
2024-04-16 04:00:00,S-01,24.49,54.0,False
2024-04-16 05:00:00,S-01,24.78,46.8,False
2024-04-16 06:00:00,S-01,27.02,48.0,False
2024-04-16 07:00:00,S-01,27.42,50.5,False
2024-04-16 08:00:00,S-01,27.85,52.2,False
2024-04-16 09:00:00,S-01,30.09,38.9,False
2024-04-16 10:00:00,S-01,30.58,38.3,False
2024-04-16 11:00:00,S-01,29.95,44.5,False
2024-04-16 12:00:00,S-01,31.5,40.3,False
2024-04-16 13:00:00,S-01,30.21,40.0,False
2024-04-16 14:00:00,S-01,29.82,44.4,False
2024-04-16 15:00:00,S-01,29.54,41.4,False
2024-04-16 16:00:00,S-01,28.01,39.0,False
2024-04-16 17:00:00,S-01,27.3,46.2,False
2024-04-16 18:00:00,S-01,26.5,47.6,False
2024-04-16 19:00:00,S-01,26.81,48.7,False
2024-04-16 20:00:00,S-01,25.82,50.8,False
2024-04-16 21:00:00,S-01,23.59,51.3,False
2024-04-16 22:00:00,S-01,24.44,49.1,False
2024-04-16 23:00:00,S-01,22.71,49.9,False
2024-04-17 00:00:00,S-01,22.9,46.9,False
2024-04-17 01:00:00,S-01,23.43,49.7,False
2024-04-17 02:00:00,S-01,23.34,53.9,False
2024-04-17 03:00:00,S-01,25.66,50.1,False
2024-04-17 04:00:00,S-01,24.73,55.3,False
2024-04-17 05:00:00,S-01,24.53,49.2,False
2024-04-17 06:00:00,S-01,27.54,40.9,False
2024-04-17 07:00:00,S-01,27.18,48.8,False
2024-04-17 08:00:00,S-01,28.21,48.2,False
2024-04-17 09:00:00,S-01,26.86,43.5,False
2024-04-17 10:00:00,S-01,30.66,37.7,False
2024-04-17 11:00:00,S-01,30.88,42.4,False
2024-04-17 12:00:00,S-01,30.97,43.9,False
2024-04-17 13:00:00,S-01,30.95,38.7,False
2024-04-17 14:00:00,S-01,31.08,40.8,False
2024-04-17 15:00:00,S-01,29.02,42.0,False
2024-04-17 16:00:00,S-01,28.94,41.0,False
2024-04-17 17:00:00,S-01,26.59,43.4,False
2024-04-17 18:00:00,S-01,25.82,48.5,False
2024-04-17 19:00:00,S-01,25.87,46.9,False
2024-04-17 20:00:00,S-01,24.33,47.9,False
2024-04-17 21:00:00,S-01,22.08,45.1,False
2024-04-17 22:00:00,S-01,22.75,56.8,False
2024-04-17 23:00:00,S-01,21.87,50.1,False
2024-04-18 00:00:00,S-01,21.18,53.2,False
2024-04-18 01:00:00,S-01,22.27,49.1,False
2024-04-18 02:00:00,S-01,21.95,53.8,False
2024-04-18 03:00:00,S-01,21.6,48.8,False
2024-04-18 04:00:00,S-01,22.75,52.0,False
2024-04-18 05:00:00,S-01,25.96,47.4,False
2024-04-18 06:00:00,S-01,24.32,52.5,False
2024-04-18 07:00:00,S-01,26.69,43.9,False
2024-04-18 08:00:00,S-01,27.91,43.7,False
2024-04-18 09:00:00,S-01,28.71,43.9,False
2024-04-18 10:00:00,S-01,27.8,51.7,False
2024-04-18 11:00:00,S-01,28.87,40.2,False
2024-04-18 12:00:00,S-01,29.32,44.7,False
2024-04-18 13:00:00,S-01,29.66,41.6,False
2024-04-18 14:00:00,S-01,28.05,46.3,False
2024-04-18 15:00:00,S-01,26.94,48.6,False
2024-04-18 16:00:00,S-01,27.79,46.1,False
2024-04-18 17:00:00,S-01,26.86,47.6,False
2024-04-18 18:00:00,S-01,25.18,49.6,False
2024-04-18 19:00:00,S-01,23.31,49.4,False
2024-04-18 20:00:00,S-01,23.11,50.7,False
2024-04-18 21:00:00,S-01,21.99,47.9,False
2024-04-18 22:00:00,S-01,21.89,51.8,False
2024-04-18 23:00:00,S-01,19.77,53.1,False
2024-04-19 00:00:00,S-01,20.67,53.5,False
2024-04-19 01:00:00,S-01,20.54,56.5,False
2024-04-19 02:00:00,S-01,20.13,56.0,False
2024-04-19 03:00:00,S-01,21.78,54.2,False
2024-04-19 04:00:00,S-01,22.42,55.3,False
2024-04-19 05:00:00,S-01,22.99,44.6,False
2024-04-19 06:00:00,S-01,24.63,50.7,False
2024-04-19 07:00:00,S-01,24.17,50.0,False
2024-04-19 08:00:00,S-01,26.18,47.3,False
2024-04-19 09:00:00,S-01,27.36,42.4,False
2024-04-19 10:00:00,S-01,27.84,47.2,False
2024-04-19 11:00:00,S-01,28.84,47.7,False
2024-04-19 12:00:00,S-01,27.12,49.4,False
2024-04-19 13:00:00,S-01,26.71,46.7,False
2024-04-19 14:00:00,S-01,27.68,47.6,False
2024-04-19 15:00:00,S-01,27.18,49.0,False
2024-04-19 16:00:00,S-01,27.66,51.0,False
2024-04-19 17:00:00,S-01,25.47,52.0,False
2024-04-19 18:00:00,S-01,23.22,51.6,False
2024-04-19 19:00:00,S-01,23.5,51.1,False
2024-04-19 20:00:00,S-01,21.2,54.1,False
2024-04-19 21:00:00,S-01,19.84,55.9,False
2024-04-19 22:00:00,S-01,22.47,50.6,False
2024-04-19 23:00:00,S-01,20.23,57.0,False
2024-04-20 00:00:00,S-01,20.39,52.6,False
2024-04-20 01:00:00,S-01,20.4,52.2,False
2024-04-20 02:00:00,S-01,21.79,53.9,False
2024-04-20 03:00:00,S-01,21.19,51.9,False
2024-04-20 04:00:00,S-01,22.77,51.0,False
2024-04-20 05:00:00,S-01,21.93,46.7,False
2024-04-20 06:00:00,S-01,22.68,54.1,False
2024-04-20 07:00:00,S-01,25.97,47.8,False
2024-04-20 08:00:00,S-01,26.98,46.3,False
2024-04-20 09:00:00,S-01,27.04,47.9,False
2024-04-20 10:00:00,S-01,27.46,46.7,False
2024-04-20 11:00:00,S-01,27.82,43.6,False
2024-04-20 12:00:00,S-01,27.29,52.0,False
2024-04-20 13:00:00,S-01,28.95,43.0,False
2024-04-20 14:00:00,S-01,27.87,48.4,False
2024-04-20 15:00:00,S-01,27.13,51.7,False
2024-04-20 16:00:00,S-01,26.22,45.8,False
2024-04-20 17:00:00,S-01,25.81,48.3,False
2024-04-20 18:00:00,S-01,24.37,47.4,False
2024-04-20 19:00:00,S-01,23.55,53.8,False
2024-04-20 20:00:00,S-01,21.09,52.7,False
2024-04-20 21:00:00,S-01,21.63,49.9,False
2024-04-20 22:00:00,S-01,22.37,55.9,False
2024-04-20 23:00:00,S-01,11.14,68.3,True
2024-04-21 00:00:00,S-01,20.05,52.4,False
2024-04-21 01:00:00,S-01,21.04,57.1,False
2024-04-21 02:00:00,S-01,21.53,53.7,False
2024-04-21 03:00:00,S-01,21.94,60.4,False
2024-04-21 04:00:00,S-01,21.02,58.7,False
2024-04-21 05:00:00,S-01,23.73,48.9,False
2024-04-21 06:00:00,S-01,23.46,50.1,False
2024-04-21 07:00:00,S-01,24.83,46.7,False
2024-04-21 08:00:00,S-01,26.94,47.1,False
2024-04-21 09:00:00,S-01,27.14,46.6,False
2024-04-21 10:00:00,S-01,28.71,46.7,False
2024-04-21 11:00:00,S-01,31.03,42.0,False
2024-04-21 12:00:00,S-01,29.32,39.6,False
2024-04-21 13:00:00,S-01,29.2,41.6,False
2024-04-21 14:00:00,S-01,27.56,50.0,False
2024-04-21 15:00:00,S-01,27.18,49.7,False
2024-04-21 16:00:00,S-01,26.07,47.3,False
2024-04-21 17:00:00,S-01,25.58,47.9,False
2024-04-21 18:00:00,S-01,24.16,49.5,False
2024-04-21 19:00:00,S-01,23.52,50.8,False
2024-04-21 20:00:00,S-01,22.98,46.6,False
2024-04-21 21:00:00,S-01,21.57,55.7,False
2024-04-21 22:00:00,S-01,20.66,52.3,False
2024-04-21 23:00:00,S-01,20.37,55.0,False
2024-04-22 00:00:00,S-01,21.74,45.7,False
2024-04-22 01:00:00,S-01,21.62,53.7,False
2024-04-22 02:00:00,S-01,22.85,55.4,False
2024-04-22 03:00:00,S-01,23.56,44.3,False
2024-04-22 04:00:00,S-01,23.34,55.3,False
2024-04-22 05:00:00,S-01,25.17,50.2,False
2024-04-22 06:00:00,S-01,24.57,47.4,False
2024-04-22 07:00:00,S-01,28.64,40.1,False
2024-04-22 08:00:00,S-01,28.79,47.8,False
2024-04-22 09:00:00,S-01,28.55,45.5,False
2024-04-22 10:00:00,S-01,28.48,46.5,False
2024-04-22 11:00:00,S-01,30.17,42.0,False
2024-04-22 12:00:00,S-01,28.55,42.5,False
2024-04-22 13:00:00,S-01,29.34,46.3,False
2024-04-22 14:00:00,S-01,30.22,40.0,False
2024-04-22 15:00:00,S-01,29.09,46.7,False
2024-04-22 16:00:00,S-01,27.86,40.8,False
2024-04-22 17:00:00,S-01,28.1,42.6,False
2024-04-22 18:00:00,S-01,25.52,44.2,False
2024-04-22 19:00:00,S-01,25.58,52.1,False
2024-04-22 20:00:00,S-01,24.04,45.1,False
2024-04-22 21:00:00,S-01,22.97,48.2,False
2024-04-22 22:00:00,S-01,23.43,52.8,False
2024-04-22 23:00:00,S-01,21.9,53.4,False
2024-04-23 00:00:00,S-01,24.12,56.3,False
2024-04-23 01:00:00,S-01,22.3,57.5,False
2024-04-23 02:00:00,S-01,24.8,51.0,False
2024-04-23 03:00:00,S-01,23.0,53.4,False
2024-04-23 04:00:00,S-01,25.22,43.5,False
2024-04-23 05:00:00,S-01,24.77,46.8,False
2024-04-23 06:00:00,S-01,25.71,47.2,False
2024-04-23 07:00:00,S-01,27.98,44.9,False
2024-04-23 08:00:00,S-01,29.38,39.8,False
2024-04-23 09:00:00,S-01,28.67,41.9,False
2024-04-23 10:00:00,S-01,31.29,39.0,False
2024-04-23 11:00:00,S-01,30.12,45.9,False
2024-04-23 12:00:00,S-01,31.02,43.0,False
2024-04-23 13:00:00,S-01,31.09,40.7,False
2024-04-23 14:00:00,S-01,30.88,41.2,False
2024-04-23 15:00:00,S-01,28.33,45.8,False
2024-04-23 16:00:00,S-01,30.25,40.7,False
2024-04-23 17:00:00,S-01,28.44,44.1,False
2024-04-23 18:00:00,S-01,26.62,42.1,False
2024-04-23 19:00:00,S-01,25.11,50.8,False
2024-04-23 20:00:00,S-01,23.6,53.4,False
2024-04-23 21:00:00,S-01,23.04,52.4,False
2024-04-23 22:00:00,S-01,23.92,51.7,False
2024-04-23 23:00:00,S-01,22.81,52.7,False
2024-04-24 00:00:00,S-01,22.03,58.4,False
2024-04-24 01:00:00,S-01,22.64,52.4,False
2024-04-24 02:00:00,S-01,24.7,45.6,False
2024-04-24 03:00:00,S-01,23.8,47.4,False
2024-04-24 04:00:00,S-01,24.41,51.8,False
2024-04-24 05:00:00,S-01,26.9,49.8,False
2024-04-24 06:00:00,S-01,27.2,48.6,False
2024-04-24 07:00:00,S-01,27.88,47.9,False
2024-04-24 08:00:00,S-01,28.3,45.6,False
2024-04-24 09:00:00,S-01,28.35,40.7,False
2024-04-24 10:00:00,S-01,29.26,41.8,False
2024-04-24 11:00:00,S-01,30.18,37.6,False
2024-04-24 12:00:00,S-01,30.49,41.3,False
2024-04-24 13:00:00,S-01,30.78,38.1,False
2024-04-24 14:00:00,S-01,30.51,42.7,False
2024-04-24 15:00:00,S-01,29.57,43.0,False
2024-04-24 16:00:00,S-01,28.7,39.0,False
2024-04-24 17:00:00,S-01,26.71,49.0,False
2024-04-24 18:00:00,S-01,24.72,51.5,False
2024-04-24 19:00:00,S-01,24.95,45.1,False
2024-04-24 20:00:00,S-01,23.59,51.1,False
2024-04-24 21:00:00,S-01,22.96,53.5,False
2024-04-24 22:00:00,S-01,22.58,51.1,False
2024-04-24 23:00:00,S-01,21.36,55.8,False
2024-04-25 00:00:00,S-01,21.28,54.0,False
2024-04-25 01:00:00,S-01,22.18,55.5,False
2024-04-25 02:00:00,S-01,22.7,52.3,False
2024-04-25 03:00:00,S-01,22.67,51.3,False
2024-04-25 04:00:00,S-01,24.37,51.2,False
2024-04-25 05:00:00,S-01,24.71,51.6,False
2024-04-25 06:00:00,S-01,25.05,49.6,False
2024-04-25 07:00:00,S-01,26.88,45.4,False
2024-04-25 08:00:00,S-01,29.27,41.6,False
2024-04-25 09:00:00,S-01,27.99,44.3,False
2024-04-25 10:00:00,S-01,30.05,41.3,False
2024-04-25 11:00:00,S-01,30.56,42.9,False
2024-04-25 12:00:00,S-01,30.74,42.6,False
2024-04-25 13:00:00,S-01,28.7,44.3,False
2024-04-25 14:00:00,S-01,30.51,42.3,False
2024-04-25 15:00:00,S-01,28.3,45.5,False
2024-04-25 16:00:00,S-01,27.13,50.9,False
2024-04-25 17:00:00,S-01,26.13,51.1,False
2024-04-25 18:00:00,S-01,25.7,46.5,False
2024-04-25 19:00:00,S-01,24.18,51.2,False
2024-04-25 20:00:00,S-01,22.98,50.4,False
2024-04-25 21:00:00,S-01,23.27,50.8,False
2024-04-25 22:00:00,S-01,20.97,53.1,False
2024-04-25 23:00:00,S-01,20.27,52.8,False
2024-04-26 00:00:00,S-01,21.55,49.2,False
2024-04-26 01:00:00,S-01,21.57,46.0,False
2024-04-26 02:00:00,S-01,22.23,52.9,False
2024-04-26 03:00:00,S-01,21.09,57.1,False
2024-04-26 04:00:00,S-01,23.6,48.0,False
2024-04-26 05:00:00,S-01,24.04,51.6,False
2024-04-26 06:00:00,S-01,26.05,46.6,False
2024-04-26 07:00:00,S-01,24.64,50.2,False
2024-04-26 08:00:00,S-01,20.18,52.4,True
2024-04-26 09:00:00,S-01,27.13,45.7,False
2024-04-26 10:00:00,S-01,26.68,46.6,False
2024-04-26 11:00:00,S-01,27.74,38.8,False
2024-04-26 12:00:00,S-01,29.32,44.4,False
2024-04-26 13:00:00,S-01,27.88,45.1,False
2024-04-26 14:00:00,S-01,27.24,39.1,False
2024-04-26 15:00:00,S-01,27.85,47.4,False
2024-04-26 16:00:00,S-01,27.09,46.3,False
2024-04-26 17:00:00,S-01,26.1,48.2,False
2024-04-26 18:00:00,S-01,23.62,51.6,False
2024-04-26 19:00:00,S-01,23.15,50.0,False
2024-04-26 20:00:00,S-01,23.04,48.2,False
2024-04-26 21:00:00,S-01,20.84,52.6,False
2024-04-26 22:00:00,S-01,20.12,53.6,False
2024-04-26 23:00:00,S-01,20.96,60.2,False
2024-04-27 00:00:00,S-01,21.4,58.6,False
2024-04-27 01:00:00,S-01,19.36,54.3,False
2024-04-27 02:00:00,S-01,18.59,55.4,False
2024-04-27 03:00:00,S-01,20.14,55.7,False
2024-04-27 04:00:00,S-01,21.32,55.0,False
2024-04-27 05:00:00,S-01,22.98,49.3,False
2024-04-27 06:00:00,S-01,24.62,46.5,False
2024-04-27 07:00:00,S-01,25.05,54.5,False
2024-04-27 08:00:00,S-01,25.58,51.3,False
2024-04-27 09:00:00,S-01,27.09,41.9,False
2024-04-27 10:00:00,S-01,26.85,41.6,False
2024-04-27 11:00:00,S-01,27.99,42.9,False
2024-04-27 12:00:00,S-01,27.66,46.4,False
2024-04-27 13:00:00,S-01,30.2,44.3,False
2024-04-27 14:00:00,S-01,28.33,43.9,False
2024-04-27 15:00:00,S-01,26.39,42.6,False
2024-04-27 16:00:00,S-01,25.45,49.0,False
2024-04-27 17:00:00,S-01,24.96,50.7,False
2024-04-27 18:00:00,S-01,22.98,51.3,False
2024-04-27 19:00:00,S-01,22.71,50.2,False
2024-04-27 20:00:00,S-01,21.77,54.5,False
2024-04-27 21:00:00,S-01,22.27,52.0,False
2024-04-27 22:00:00,S-01,20.62,50.9,False
2024-04-27 23:00:00,S-01,19.96,55.2,False
2024-04-28 00:00:00,S-01,19.42,51.8,False
2024-04-28 01:00:00,S-01,19.72,58.1,False
2024-04-28 02:00:00,S-01,21.05,55.0,False
2024-04-28 03:00:00,S-01,21.61,50.1,False
2024-04-28 04:00:00,S-01,23.56,51.3,False
2024-04-28 05:00:00,S-01,23.16,54.8,False
2024-04-28 06:00:00,S-01,25.59,42.0,False
2024-04-28 07:00:00,S-01,26.03,47.3,False
2024-04-28 08:00:00,S-01,26.83,51.5,False
2024-04-28 09:00:00,S-01,26.11,43.1,False
2024-04-28 10:00:00,S-01,27.37,45.6,False
2024-04-28 11:00:00,S-01,29.44,39.4,False
2024-04-28 12:00:00,S-01,30.16,42.5,False
2024-04-28 13:00:00,S-01,29.12,37.0,False
2024-04-28 14:00:00,S-01,29.22,39.1,False
2024-04-28 15:00:00,S-01,27.7,44.1,False
2024-04-28 16:00:00,S-01,26.96,47.0,False
2024-04-28 17:00:00,S-01,25.81,49.0,False
2024-04-28 18:00:00,S-01,26.15,48.8,False
2024-04-28 19:00:00,S-01,24.66,52.7,False
2024-04-28 20:00:00,S-01,23.29,53.0,False
2024-04-28 21:00:00,S-01,22.45,54.1,False
2024-04-28 22:00:00,S-01,22.58,48.9,False
2024-04-28 23:00:00,S-01,22.05,52.0,False
2024-04-29 00:00:00,S-01,21.05,63.0,False
2024-04-29 01:00:00,S-01,23.28,57.6,False
2024-04-29 02:00:00,S-01,22.57,54.3,False
2024-04-29 03:00:00,S-01,23.07,53.4,False
2024-04-29 04:00:00,S-01,25.13,51.7,False
2024-04-29 05:00:00,S-01,25.78,46.8,False
2024-04-29 06:00:00,S-01,25.99,53.5,False
2024-04-29 07:00:00,S-01,27.58,44.7,False
2024-04-29 08:00:00,S-01,27.31,45.9,False
2024-04-29 09:00:00,S-01,28.54,51.1,False
2024-04-29 10:00:00,S-01,27.94,39.3,False
2024-04-29 11:00:00,S-01,31.17,42.6,False
2024-04-29 12:00:00,S-01,28.87,39.2,False
2024-04-29 13:00:00,S-01,30.85,40.0,False
2024-04-29 14:00:00,S-01,29.29,43.5,False
2024-04-29 15:00:00,S-01,28.59,43.6,False
2024-04-29 16:00:00,S-01,28.43,45.3,False
2024-04-29 17:00:00,S-01,27.89,43.2,False
2024-04-29 18:00:00,S-01,27.17,46.0,False
2024-04-29 19:00:00,S-01,27.11,42.9,False
2024-04-29 20:00:00,S-01,25.06,47.7,False
2024-04-29 21:00:00,S-01,24.69,45.2,False
2024-04-29 22:00:00,S-01,22.91,53.4,False
2024-04-29 23:00:00,S-01,23.6,46.8,False
2024-01-01 00:00:00,S-02,18.02,55.7,False
2024-01-01 01:00:00,S-02,17.34,62.0,False
2024-01-01 02:00:00,S-02,17.89,60.8,False
2024-01-01 03:00:00,S-02,19.75,57.7,False
2024-01-01 04:00:00,S-02,19.79,57.7,False
2024-01-01 05:00:00,S-02,19.24,56.5,False
2024-01-01 06:00:00,S-02,22.22,53.8,False
2024-01-01 07:00:00,S-02,20.63,49.5,False
2024-01-01 08:00:00,S-02,24.14,47.2,False
2024-01-01 09:00:00,S-02,24.5,47.7,False
2024-01-01 10:00:00,S-02,24.4,52.4,False
2024-01-01 11:00:00,S-02,26.02,53.2,False
2024-01-01 12:00:00,S-02,25.91,49.2,False
2024-01-01 13:00:00,S-02,27.65,46.8,False
2024-01-01 14:00:00,S-02,25.37,53.7,False
2024-01-01 15:00:00,S-02,26.67,47.7,False
2024-01-01 16:00:00,S-02,25.45,52.2,False
2024-01-01 17:00:00,S-02,22.95,54.5,False
2024-01-01 18:00:00,S-02,21.8,50.7,False
2024-01-01 19:00:00,S-02,22.5,54.7,False
2024-01-01 20:00:00,S-02,20.43,56.9,False
2024-01-01 21:00:00,S-02,19.88,53.5,False
2024-01-01 22:00:00,S-02,18.95,55.0,False
2024-01-01 23:00:00,S-02,17.84,55.6,False
2024-01-02 00:00:00,S-02,18.4,62.8,False
2024-01-02 01:00:00,S-02,18.11,65.4,False
2024-01-02 02:00:00,S-02,18.09,61.2,False
2024-01-02 03:00:00,S-02,19.74,61.8,False
2024-01-02 04:00:00,S-02,22.25,50.1,False
2024-01-02 05:00:00,S-02,23.11,57.3,False
2024-01-02 06:00:00,S-02,22.84,59.3,False
2024-01-02 07:00:00,S-02,24.06,56.8,False
2024-01-02 08:00:00,S-02,25.34,47.6,False
2024-01-02 09:00:00,S-02,26.87,51.8,False
2024-01-02 10:00:00,S-02,26.69,48.4,False
2024-01-02 11:00:00,S-02,26.48,52.2,False
2024-01-02 12:00:00,S-02,26.7,46.9,False
2024-01-02 13:00:00,S-02,27.79,47.5,False
2024-01-02 14:00:00,S-02,28.57,44.8,False
2024-01-02 15:00:00,S-02,25.38,51.8,False
2024-01-02 16:00:00,S-02,23.42,52.4,False
2024-01-02 17:00:00,S-02,24.74,54.4,False
2024-01-02 18:00:00,S-02,23.0,55.7,False
2024-01-02 19:00:00,S-02,22.14,55.5,False
2024-01-02 20:00:00,S-02,22.04,54.2,False
2024-01-02 21:00:00,S-02,20.28,55.6,False
2024-01-02 22:00:00,S-02,18.53,58.6,False
2024-01-02 23:00:00,S-02,17.62,61.9,False
2024-01-03 00:00:00,S-02,19.0,58.4,False
2024-01-03 01:00:00,S-02,18.24,59.8,False
2024-01-03 02:00:00,S-02,19.78,57.0,False
2024-01-03 03:00:00,S-02,19.15,57.6,False
2024-01-03 04:00:00,S-02,20.7,54.0,False
2024-01-03 05:00:00,S-02,20.75,50.3,False
2024-01-03 06:00:00,S-02,22.65,55.3,False
2024-01-03 07:00:00,S-02,23.59,54.2,False
2024-01-03 08:00:00,S-02,25.36,47.5,False
2024-01-03 09:00:00,S-02,26.76,54.4,False
2024-01-03 10:00:00,S-02,26.15,45.9,False
2024-01-03 11:00:00,S-02,25.98,52.6,False
2024-01-03 12:00:00,S-02,28.33,47.6,False
2024-01-03 13:00:00,S-02,26.89,49.5,False
2024-01-03 14:00:00,S-02,26.65,52.2,False
2024-01-03 15:00:00,S-02,25.98,52.4,False
2024-01-03 16:00:00,S-02,25.79,49.9,False
2024-01-03 17:00:00,S-02,24.43,48.3,False
2024-01-03 18:00:00,S-02,23.09,49.5,False
2024-01-03 19:00:00,S-02,22.08,54.9,False
2024-01-03 20:00:00,S-02,19.77,61.8,False
2024-01-03 21:00:00,S-02,19.1,60.5,False
2024-01-03 22:00:00,S-02,18.82,58.1,False
2024-01-03 23:00:00,S-02,18.53,59.6,False
2024-01-04 00:00:00,S-02,18.29,60.9,False
2024-01-04 01:00:00,S-02,18.61,63.6,False
2024-01-04 02:00:00,S-02,18.73,56.1,False
2024-01-04 03:00:00,S-02,18.95,60.2,False
2024-01-04 04:00:00,S-02,18.78,59.1,False
2024-01-04 05:00:00,S-02,21.65,52.6,False
2024-01-04 06:00:00,S-02,22.44,50.8,False
2024-01-04 07:00:00,S-02,22.25,57.9,False
2024-01-04 08:00:00,S-02,24.26,52.7,False
2024-01-04 09:00:00,S-02,24.95,50.2,False
2024-01-04 10:00:00,S-02,25.28,50.8,False
2024-01-04 11:00:00,S-02,24.1,54.8,False
2024-01-04 12:00:00,S-02,24.68,51.5,False
2024-01-04 13:00:00,S-02,24.98,55.6,False
2024-01-04 14:00:00,S-02,26.29,48.5,False
2024-01-04 15:00:00,S-02,23.63,50.1,False
2024-01-04 16:00:00,S-02,23.16,52.7,False
2024-01-04 17:00:00,S-02,21.53,52.2,False
2024-01-04 18:00:00,S-02,20.93,54.7,False
2024-01-04 19:00:00,S-02,20.51,59.9,False
2024-01-04 20:00:00,S-02,17.57,64.8,False
2024-01-04 21:00:00,S-02,16.08,63.4,False
2024-01-04 22:00:00,S-02,18.18,59.6,False
2024-01-04 23:00:00,S-02,17.23,57.4,False
2024-01-05 00:00:00,S-02,16.54,58.0,False
2024-01-05 01:00:00,S-02,17.88,60.5,False
2024-01-05 02:00:00,S-02,18.24,59.4,False
2024-01-05 03:00:00,S-02,16.38,59.4,False
2024-01-05 04:00:00,S-02,18.7,57.0,False
2024-01-05 05:00:00,S-02,20.64,60.7,False
2024-01-05 06:00:00,S-02,20.21,59.5,False
2024-01-05 07:00:00,S-02,21.49,55.2,False
2024-01-05 08:00:00,S-02,23.43,53.4,False
2024-01-05 09:00:00,S-02,23.24,56.7,False
2024-01-05 10:00:00,S-02,23.1,54.2,False
2024-01-05 11:00:00,S-02,23.87,52.9,False
2024-01-05 12:00:00,S-02,23.46,48.0,False
2024-01-05 13:00:00,S-02,24.8,46.0,False
2024-01-05 14:00:00,S-02,22.55,48.0,False
2024-01-05 15:00:00,S-02,24.06,45.2,False
2024-01-05 16:00:00,S-02,21.09,55.5,False
2024-01-05 17:00:00,S-02,21.45,56.1,False
2024-01-05 18:00:00,S-02,19.18,55.2,False
2024-01-05 19:00:00,S-02,19.05,59.3,False
2024-01-05 20:00:00,S-02,19.13,59.2,False
2024-01-05 21:00:00,S-02,18.37,58.5,False
2024-01-05 22:00:00,S-02,17.86,55.0,False
2024-01-05 23:00:00,S-02,16.33,65.5,False
2024-01-06 00:00:00,S-02,16.34,65.3,False
2024-01-06 01:00:00,S-02,16.57,59.2,False
2024-01-06 02:00:00,S-02,17.27,65.9,False
2024-01-06 03:00:00,S-02,17.09,60.4,False
2024-01-06 04:00:00,S-02,19.11,55.5,False
2024-01-06 05:00:00,S-02,19.46,56.2,False
2024-01-06 06:00:00,S-02,21.15,49.9,False
2024-01-06 07:00:00,S-02,21.65,53.8,False
2024-01-06 08:00:00,S-02,22.78,48.7,False
2024-01-06 09:00:00,S-02,22.49,57.2,False
2024-01-06 10:00:00,S-02,23.39,53.7,False
2024-01-06 11:00:00,S-02,23.1,48.9,False
2024-01-06 12:00:00,S-02,24.04,53.7,False
2024-01-06 13:00:00,S-02,24.02,46.8,False
2024-01-06 14:00:00,S-02,24.45,51.9,False
2024-01-06 15:00:00,S-02,22.15,55.7,False
2024-01-06 16:00:00,S-02,24.94,51.1,False
2024-01-06 17:00:00,S-02,21.32,51.9,False
2024-01-06 18:00:00,S-02,21.41,54.8,False
2024-01-06 19:00:00,S-02,20.23,56.0,False
2024-01-06 20:00:00,S-02,16.44,61.3,False
2024-01-06 21:00:00,S-02,17.45,64.3,False
2024-01-06 22:00:00,S-02,18.24,64.0,False
2024-01-06 23:00:00,S-02,14.75,67.8,False
2024-01-07 00:00:00,S-02,17.21,58.3,False
2024-01-07 01:00:00,S-02,16.04,59.3,False
2024-01-07 02:00:00,S-02,16.83,60.7,False
2024-01-07 03:00:00,S-02,18.06,60.4,False
2024-01-07 04:00:00,S-02,17.26,53.9,False
2024-01-07 05:00:00,S-02,19.92,55.1,False
2024-01-07 06:00:00,S-02,20.33,61.8,False
2024-01-07 07:00:00,S-02,21.33,51.5,False
2024-01-07 08:00:00,S-02,23.5,50.4,False
2024-01-07 09:00:00,S-02,26.62,46.7,False
2024-01-07 10:00:00,S-02,24.77,52.5,False
2024-01-07 11:00:00,S-02,25.39,50.1,False
2024-01-07 12:00:00,S-02,25.1,49.7,False
2024-01-07 13:00:00,S-02,24.48,46.9,False
2024-01-07 14:00:00,S-02,24.92,52.7,False
2024-01-07 15:00:00,S-02,25.34,50.4,False
2024-01-07 16:00:00,S-02,23.51,50.6,False
2024-01-07 17:00:00,S-02,23.16,53.1,False
2024-01-07 18:00:00,S-02,21.29,57.6,False
2024-01-07 19:00:00,S-02,22.51,49.4,False
2024-01-07 20:00:00,S-02,18.26,54.2,False
2024-01-07 21:00:00,S-02,19.28,54.6,False
2024-01-07 22:00:00,S-02,18.67,55.8,False
2024-01-07 23:00:00,S-02,18.1,49.9,False
2024-01-08 00:00:00,S-02,16.92,58.7,False
2024-01-08 01:00:00,S-02,17.1,63.6,False
2024-01-08 02:00:00,S-02,18.28,57.9,False
2024-01-08 03:00:00,S-02,19.24,60.8,False
2024-01-08 04:00:00,S-02,19.07,49.3,False
2024-01-08 05:00:00,S-02,20.21,56.2,False
2024-01-08 06:00:00,S-02,22.6,57.8,False
2024-01-08 07:00:00,S-02,24.07,56.6,False
2024-01-08 08:00:00,S-02,23.82,50.7,False
2024-01-08 09:00:00,S-02,24.59,48.8,False
2024-01-08 10:00:00,S-02,25.26,51.6,False
2024-01-08 11:00:00,S-02,28.28,43.2,False
2024-01-08 12:00:00,S-02,26.88,47.5,False
2024-01-08 13:00:00,S-02,26.35,44.2,False
2024-01-08 14:00:00,S-02,26.86,48.8,False
2024-01-08 15:00:00,S-02,27.3,48.1,False
2024-01-08 16:00:00,S-02,25.62,54.9,False
2024-01-08 17:00:00,S-02,22.63,54.7,False
2024-01-08 18:00:00,S-02,22.71,51.6,False
2024-01-08 19:00:00,S-02,21.46,54.8,False
2024-01-08 20:00:00,S-02,20.59,52.2,False
2024-01-08 21:00:00,S-02,19.11,58.0,False
2024-01-08 22:00:00,S-02,19.17,57.1,False
2024-01-08 23:00:00,S-02,18.26,60.2,False
2024-01-09 00:00:00,S-02,19.3,60.4,False
2024-01-09 01:00:00,S-02,19.24,51.7,False
2024-01-09 02:00:00,S-02,18.5,59.6,False
2024-01-09 03:00:00,S-02,18.93,60.3,False
2024-01-09 04:00:00,S-02,20.78,52.3,False
2024-01-09 05:00:00,S-02,22.68,59.3,False
2024-01-09 06:00:00,S-02,23.61,50.3,False
2024-01-09 07:00:00,S-02,24.22,59.1,False
2024-01-09 08:00:00,S-02,22.62,56.0,False
2024-01-09 09:00:00,S-02,25.72,52.8,False
2024-01-09 10:00:00,S-02,26.18,50.2,False
2024-01-09 11:00:00,S-02,26.92,51.5,False
2024-01-09 12:00:00,S-02,26.36,46.1,False
2024-01-09 13:00:00,S-02,26.87,46.1,False
2024-01-09 14:00:00,S-02,26.29,43.3,False
2024-01-09 15:00:00,S-02,28.38,48.4,False
2024-01-09 16:00:00,S-02,25.94,47.5,False
2024-01-09 17:00:00,S-02,24.27,53.9,False
2024-01-09 18:00:00,S-02,23.35,54.6,False
2024-01-09 19:00:00,S-02,22.26,50.1,False
2024-01-09 20:00:00,S-02,21.54,57.1,False
2024-01-09 21:00:00,S-02,20.23,57.3,False
2024-01-09 22:00:00,S-02,19.9,57.5,False
2024-01-09 23:00:00,S-02,20.33,57.8,False
2024-01-10 00:00:00,S-02,20.03,56.7,False
2024-01-10 01:00:00,S-02,19.73,57.2,False
2024-01-10 02:00:00,S-02,20.94,58.8,False
2024-01-10 03:00:00,S-02,20.67,53.0,False
2024-01-10 04:00:00,S-02,20.52,52.6,False
2024-01-10 05:00:00,S-02,20.85,53.5,False
2024-01-10 06:00:00,S-02,22.71,56.7,False
2024-01-10 07:00:00,S-02,24.22,50.8,False
2024-01-10 08:00:00,S-02,25.53,55.9,False
2024-01-10 09:00:00,S-02,26.88,39.3,False
2024-01-10 10:00:00,S-02,26.16,47.3,False
2024-01-10 11:00:00,S-02,26.35,47.8,False
2024-01-10 12:00:00,S-02,27.72,48.4,False
2024-01-10 13:00:00,S-02,27.87,51.4,False
2024-01-10 14:00:00,S-02,26.11,48.9,False
2024-01-10 15:00:00,S-02,26.09,46.4,False
2024-01-10 16:00:00,S-02,26.06,52.1,False
2024-01-10 17:00:00,S-02,24.2,56.4,False
2024-01-10 18:00:00,S-02,22.83,45.7,False
2024-01-10 19:00:00,S-02,20.13,58.4,False
2024-01-10 20:00:00,S-02,21.85,55.5,False
2024-01-10 21:00:00,S-02,20.43,53.8,False
2024-01-10 22:00:00,S-02,19.33,56.2,False
2024-01-10 23:00:00,S-02,18.41,59.6,False
2024-01-11 00:00:00,S-02,17.6,59.8,False
2024-01-11 01:00:00,S-02,18.61,57.7,False
2024-01-11 02:00:00,S-02,18.95,54.5,False
2024-01-11 03:00:00,S-02,20.5,57.1,False
2024-01-11 04:00:00,S-02,19.43,55.5,False
2024-01-11 05:00:00,S-02,22.47,54.1,False
2024-01-11 06:00:00,S-02,22.32,52.2,False
2024-01-11 07:00:00,S-02,24.23,52.3,False
2024-01-11 08:00:00,S-02,23.41,55.0,False
2024-01-11 09:00:00,S-02,25.24,51.2,False
2024-01-11 10:00:00,S-02,26.52,50.9,False
2024-01-11 11:00:00,S-02,25.98,45.4,False
2024-01-11 12:00:00,S-02,24.79,52.4,False
2024-01-11 13:00:00,S-02,25.52,51.0,False
2024-01-11 14:00:00,S-02,25.76,48.0,False
2024-01-11 15:00:00,S-02,23.52,52.1,False
2024-01-11 16:00:00,S-02,22.6,45.3,False
2024-01-11 17:00:00,S-02,22.93,53.5,False
2024-01-11 18:00:00,S-02,20.89,54.5,False
2024-01-11 19:00:00,S-02,21.11,48.6,False
2024-01-11 20:00:00,S-02,18.6,60.0,False
2024-01-11 21:00:00,S-02,17.19,58.2,False
2024-01-11 22:00:00,S-02,17.36,60.8,False
2024-01-11 23:00:00,S-02,18.73,57.6,False
2024-01-12 00:00:00,S-02,16.65,62.3,False
2024-01-12 01:00:00,S-02,17.43,60.1,False
2024-01-12 02:00:00,S-02,17.98,58.3,False
2024-01-12 03:00:00,S-02,17.61,61.1,False
2024-01-12 04:00:00,S-02,20.03,59.3,False
2024-01-12 05:00:00,S-02,20.22,49.7,False
2024-01-12 06:00:00,S-02,21.43,55.2,False
2024-01-12 07:00:00,S-02,20.72,54.1,False
2024-01-12 08:00:00,S-02,21.59,51.6,False
2024-01-12 09:00:00,S-02,21.57,58.8,False
2024-01-12 10:00:00,S-02,24.23,54.6,False
2024-01-12 11:00:00,S-02,24.56,48.2,False
2024-01-12 12:00:00,S-02,25.43,46.9,False
2024-01-12 13:00:00,S-02,25.87,52.2,False
2024-01-12 14:00:00,S-02,24.05,50.0,False
2024-01-12 15:00:00,S-02,23.37,51.8,False
2024-01-12 16:00:00,S-02,23.09,47.2,False
2024-01-12 17:00:00,S-02,22.97,52.8,False
2024-01-12 18:00:00,S-02,20.02,60.2,False
2024-01-12 19:00:00,S-02,20.13,55.2,False
2024-01-12 20:00:00,S-02,18.44,58.3,False
2024-01-12 21:00:00,S-02,17.53,65.0,False
2024-01-12 22:00:00,S-02,17.8,62.1,False
2024-01-12 23:00:00,S-02,16.1,65.7,False
2024-01-13 00:00:00,S-02,15.73,63.8,False
2024-01-13 01:00:00,S-02,17.24,63.7,False
2024-01-13 02:00:00,S-02,17.08,55.3,False
2024-01-13 03:00:00,S-02,17.52,57.3,False
2024-01-13 04:00:00,S-02,18.45,53.7,False
2024-01-13 05:00:00,S-02,19.92,63.5,False
2024-01-13 06:00:00,S-02,20.26,57.0,False
2024-01-13 07:00:00,S-02,22.21,53.8,False
2024-01-13 08:00:00,S-02,22.9,51.0,False
2024-01-13 09:00:00,S-02,24.59,48.2,False
2024-01-13 10:00:00,S-02,25.06,42.3,False
2024-01-13 11:00:00,S-02,25.15,57.3,False
2024-01-13 12:00:00,S-02,24.45,51.2,False
2024-01-13 13:00:00,S-02,24.58,51.5,False
2024-01-13 14:00:00,S-02,23.63,48.2,False
2024-01-13 15:00:00,S-02,25.77,49.7,False
2024-01-13 16:00:00,S-02,22.51,54.9,False
2024-01-13 17:00:00,S-02,22.19,53.9,False
2024-01-13 18:00:00,S-02,21.82,56.4,False
2024-01-13 19:00:00,S-02,18.63,55.9,False
2024-01-13 20:00:00,S-02,18.13,60.0,False
2024-01-13 21:00:00,S-02,17.68,62.2,False
2024-01-13 22:00:00,S-02,16.59,62.5,False
2024-01-13 23:00:00,S-02,16.01,62.7,False
2024-01-14 00:00:00,S-02,16.51,60.7,False
2024-01-14 01:00:00,S-02,18.13,56.1,False
2024-01-14 02:00:00,S-02,18.12,60.7,False
2024-01-14 03:00:00,S-02,18.24,57.7,False
2024-01-14 04:00:00,S-02,19.11,55.0,False
2024-01-14 05:00:00,S-02,18.76,60.6,False
2024-01-14 06:00:00,S-02,21.73,49.9,False
2024-01-14 07:00:00,S-02,22.6,52.0,False
2024-01-14 08:00:00,S-02,22.4,56.2,False
2024-01-14 09:00:00,S-02,24.31,54.4,False
2024-01-14 10:00:00,S-02,24.68,50.0,False
2024-01-14 11:00:00,S-02,24.87,51.1,False
2024-01-14 12:00:00,S-02,24.68,52.8,False
2024-01-14 13:00:00,S-02,24.85,50.8,False
2024-01-14 14:00:00,S-02,24.29,49.3,False
2024-01-14 15:00:00,S-02,24.83,52.3,False
2024-01-14 16:00:00,S-02,23.98,52.5,False
2024-01-14 17:00:00,S-02,23.04,53.4,False
2024-01-14 18:00:00,S-02,21.66,58.1,False
2024-01-14 19:00:00,S-02,20.5,57.1,False
2024-01-14 20:00:00,S-02,21.55,53.5,False
2024-01-14 21:00:00,S-02,17.65,60.1,False
2024-01-14 22:00:00,S-02,19.52,63.2,False
2024-01-14 23:00:00,S-02,18.51,56.4,False
2024-01-15 00:00:00,S-02,18.2,58.1,False
2024-01-15 01:00:00,S-02,17.93,56.9,False
2024-01-15 02:00:00,S-02,18.62,59.5,False
2024-01-15 03:00:00,S-02,18.54,54.7,False
2024-01-15 04:00:00,S-02,19.27,59.0,False
2024-01-15 05:00:00,S-02,21.31,57.5,False
2024-01-15 06:00:00,S-02,21.17,53.1,False
2024-01-15 07:00:00,S-02,24.26,49.1,False
2024-01-15 08:00:00,S-02,25.5,45.7,False
2024-01-15 09:00:00,S-02,22.74,53.6,False
2024-01-15 10:00:00,S-02,24.94,47.5,False
2024-01-15 11:00:00,S-02,26.85,46.7,False
2024-01-15 12:00:00,S-02,26.99,47.1,False
2024-01-15 13:00:00,S-02,26.83,46.5,False
2024-01-15 14:00:00,S-02,26.73,51.2,False
2024-01-15 15:00:00,S-02,26.4,53.9,False
2024-01-15 16:00:00,S-02,25.72,43.5,False
2024-01-15 17:00:00,S-02,25.54,47.7,False
2024-01-15 18:00:00,S-02,23.14,53.8,False
2024-01-15 19:00:00,S-02,22.82,50.2,False
2024-01-15 20:00:00,S-02,19.91,55.3,False
2024-01-15 21:00:00,S-02,20.32,57.0,False
2024-01-15 22:00:00,S-02,18.85,62.3,False
2024-01-15 23:00:00,S-02,20.58,59.6,False
2024-01-16 00:00:00,S-02,21.24,54.4,False
2024-01-16 01:00:00,S-02,19.98,57.2,False
2024-01-16 02:00:00,S-02,18.94,57.0,False
2024-01-16 03:00:00,S-02,20.56,55.6,False
2024-01-16 04:00:00,S-02,21.53,51.4,False
2024-01-16 05:00:00,S-02,22.66,48.3,False
2024-01-16 06:00:00,S-02,24.43,50.4,False
2024-01-16 07:00:00,S-02,25.39,53.2,False
2024-01-16 08:00:00,S-02,23.49,54.9,False
2024-01-16 09:00:00,S-02,27.56,42.1,False
2024-01-16 10:00:00,S-02,26.72,48.1,False
2024-01-16 11:00:00,S-02,27.09,46.4,False
2024-01-16 12:00:00,S-02,28.82,47.1,False
2024-01-16 13:00:00,S-02,27.35,44.7,False
2024-01-16 14:00:00,S-02,26.08,52.2,False
2024-01-16 15:00:00,S-02,25.49,49.6,False
2024-01-16 16:00:00,S-02,25.77,51.6,False
2024-01-16 17:00:00,S-02,25.5,52.8,False
2024-01-16 18:00:00,S-02,24.94,45.0,False
2024-01-16 19:00:00,S-02,22.57,53.1,False
2024-01-16 20:00:00,S-02,21.36,59.7,False
2024-01-16 21:00:00,S-02,22.2,54.2,False
2024-01-16 22:00:00,S-02,19.9,60.0,False
2024-01-16 23:00:00,S-02,21.02,56.8,False
2024-01-17 00:00:00,S-02,19.9,55.4,False
2024-01-17 01:00:00,S-02,20.03,57.6,False
2024-01-17 02:00:00,S-02,20.03,59.9,False
2024-01-17 03:00:00,S-02,21.08,59.4,False
2024-01-17 04:00:00,S-02,21.28,59.6,False
2024-01-17 05:00:00,S-02,22.06,51.0,False
2024-01-17 06:00:00,S-02,23.5,55.1,False
2024-01-17 07:00:00,S-02,24.1,47.7,False
2024-01-17 08:00:00,S-02,25.81,49.4,False
2024-01-17 09:00:00,S-02,26.43,48.4,False
2024-01-17 10:00:00,S-02,26.76,50.6,False
2024-01-17 11:00:00,S-02,27.18,49.1,False
2024-01-17 12:00:00,S-02,27.26,51.8,False
2024-01-17 13:00:00,S-02,28.67,44.6,False
2024-01-17 14:00:00,S-02,26.83,51.1,False
2024-01-17 15:00:00,S-02,16.33,62.4,True
2024-01-17 16:00:00,S-02,25.07,50.7,False
2024-01-17 17:00:00,S-02,24.83,47.4,False
2024-01-17 18:00:00,S-02,23.06,54.8,False
2024-01-17 19:00:00,S-02,22.02,55.3,False
2024-01-17 20:00:00,S-02,20.93,58.0,False
2024-01-17 21:00:00,S-02,20.39,56.2,False
2024-01-17 22:00:00,S-02,19.89,56.2,False
2024-01-17 23:00:00,S-02,19.49,58.6,False
2024-01-18 00:00:00,S-02,17.64,61.0,False
2024-01-18 01:00:00,S-02,18.18,61.0,False
2024-01-18 02:00:00,S-02,17.28,65.7,False
2024-01-18 03:00:00,S-02,20.61,54.2,False
2024-01-18 04:00:00,S-02,21.63,60.8,False
2024-01-18 05:00:00,S-02,22.7,44.7,False
2024-01-18 06:00:00,S-02,22.76,56.4,False
2024-01-18 07:00:00,S-02,24.54,48.9,False
2024-01-18 08:00:00,S-02,24.51,57.4,False
2024-01-18 09:00:00,S-02,25.21,47.9,False
2024-01-18 10:00:00,S-02,24.66,54.4,False
2024-01-18 11:00:00,S-02,25.61,47.1,False
2024-01-18 12:00:00,S-02,25.85,46.4,False
2024-01-18 13:00:00,S-02,26.86,51.0,False
2024-01-18 14:00:00,S-02,27.0,51.0,False
2024-01-18 15:00:00,S-02,24.61,49.2,False
2024-01-18 16:00:00,S-02,24.4,58.7,False
2024-01-18 17:00:00,S-02,23.31,51.9,False
2024-01-18 18:00:00,S-02,21.38,59.8,False
2024-01-18 19:00:00,S-02,19.54,54.3,False
2024-01-18 20:00:00,S-02,19.29,54.8,False
2024-01-18 21:00:00,S-02,17.87,59.6,False
2024-01-18 22:00:00,S-02,18.08,56.1,False
2024-01-18 23:00:00,S-02,17.77,60.8,False
2024-01-19 00:00:00,S-02,17.55,53.3,False
2024-01-19 01:00:00,S-02,17.65,60.1,False
2024-01-19 02:00:00,S-02,18.52,56.9,False
2024-01-19 03:00:00,S-02,17.98,56.3,False
2024-01-19 04:00:00,S-02,20.22,57.2,False
2024-01-19 05:00:00,S-02,19.09,57.2,False
2024-01-19 06:00:00,S-02,21.47,53.7,False
2024-01-19 07:00:00,S-02,22.72,55.9,False
2024-01-19 08:00:00,S-02,22.71,54.4,False
2024-01-19 09:00:00,S-02,22.85,54.5,False
2024-01-19 10:00:00,S-02,25.24,54.5,False
2024-01-19 11:00:00,S-02,24.55,51.1,False
2024-01-19 12:00:00,S-02,25.82,52.3,False
2024-01-19 13:00:00,S-02,25.64,48.8,False
2024-01-19 14:00:00,S-02,24.59,53.1,False
2024-01-19 15:00:00,S-02,23.93,53.7,False
2024-01-19 16:00:00,S-02,23.86,50.5,False
2024-01-19 17:00:00,S-02,22.39,49.4,False
2024-01-19 18:00:00,S-02,20.28,52.6,False
2024-01-19 19:00:00,S-02,20.1,53.9,False
2024-01-19 20:00:00,S-02,19.43,59.1,False
2024-01-19 21:00:00,S-02,18.3,58.4,False
2024-01-19 22:00:00,S-02,17.64,58.7,False
2024-01-19 23:00:00,S-02,16.96,61.9,False
2024-01-20 00:00:00,S-02,16.83,62.8,False
2024-01-20 01:00:00,S-02,16.31,65.4,False
2024-01-20 02:00:00,S-02,16.31,59.4,False
2024-01-20 03:00:00,S-02,18.97,59.7,False
2024-01-20 04:00:00,S-02,18.39,60.8,False
2024-01-20 05:00:00,S-02,20.04,53.9,False
2024-01-20 06:00:00,S-02,19.71,57.5,False
2024-01-20 07:00:00,S-02,22.07,51.6,False
2024-01-20 08:00:00,S-02,22.25,53.4,False
2024-01-20 09:00:00,S-02,26.11,50.7,False
2024-01-20 10:00:00,S-02,23.58,47.4,False
2024-01-20 11:00:00,S-02,24.03,49.3,False
2024-01-20 12:00:00,S-02,25.7,47.5,False
2024-01-20 13:00:00,S-02,25.74,50.2,False
2024-01-20 14:00:00,S-02,22.77,51.3,False
2024-01-20 15:00:00,S-02,24.04,53.1,False
2024-01-20 16:00:00,S-02,23.72,49.8,False
2024-01-20 17:00:00,S-02,21.11,53.9,False
2024-01-20 18:00:00,S-02,21.62,56.7,False
2024-01-20 19:00:00,S-02,19.65,58.2,False
2024-01-20 20:00:00,S-02,18.34,59.2,False
2024-01-20 21:00:00,S-02,18.05,59.0,False
2024-01-20 22:00:00,S-02,17.36,63.0,False
2024-01-20 23:00:00,S-02,16.26,65.4,False
2024-01-21 00:00:00,S-02,19.04,56.8,False
2024-01-21 01:00:00,S-02,17.08,58.1,False
2024-01-21 02:00:00,S-02,17.28,56.9,False
2024-01-21 03:00:00,S-02,19.23,62.9,False
2024-01-21 04:00:00,S-02,19.37,54.9,False
2024-01-21 05:00:00,S-02,21.49,51.1,False
2024-01-21 06:00:00,S-02,21.3,56.0,False
2024-01-21 07:00:00,S-02,22.87,56.5,False
2024-01-21 08:00:00,S-02,23.68,48.7,False
2024-01-21 09:00:00,S-02,24.62,50.9,False
2024-01-21 10:00:00,S-02,25.01,46.5,False
2024-01-21 11:00:00,S-02,25.54,48.1,False
2024-01-21 12:00:00,S-02,27.14,53.1,False
2024-01-21 13:00:00,S-02,25.19,51.1,False
2024-01-21 14:00:00,S-02,24.95,50.1,False
2024-01-21 15:00:00,S-02,24.53,51.6,False
2024-01-21 16:00:00,S-02,24.48,52.3,False
2024-01-21 17:00:00,S-02,23.44,52.4,False
2024-01-21 18:00:00,S-02,22.88,49.8,False
2024-01-21 19:00:00,S-02,20.1,53.2,False
2024-01-21 20:00:00,S-02,20.46,62.2,False
2024-01-21 21:00:00,S-02,19.34,55.3,False
2024-01-21 22:00:00,S-02,18.68,62.0,False
2024-01-21 23:00:00,S-02,18.69,56.2,False
2024-01-22 00:00:00,S-02,16.92,64.4,False
2024-01-22 01:00:00,S-02,18.9,60.2,False
2024-01-22 02:00:00,S-02,19.25,57.1,False
2024-01-22 03:00:00,S-02,18.7,64.4,False
2024-01-22 04:00:00,S-02,20.64,53.2,False
2024-01-22 05:00:00,S-02,22.97,52.5,False
2024-01-22 06:00:00,S-02,22.52,51.2,False
2024-01-22 07:00:00,S-02,24.39,49.2,False
2024-01-22 08:00:00,S-02,24.76,50.0,False
2024-01-22 09:00:00,S-02,25.18,47.7,False
2024-01-22 10:00:00,S-02,25.79,48.9,False
2024-01-22 11:00:00,S-02,26.66,53.5,False
2024-01-22 12:00:00,S-02,28.19,41.8,False
2024-01-22 13:00:00,S-02,27.72,43.8,False
2024-01-22 14:00:00,S-02,26.17,46.6,False
2024-01-22 15:00:00,S-02,26.93,47.1,False
2024-01-22 16:00:00,S-02,25.26,53.5,False
2024-01-22 17:00:00,S-02,23.9,54.3,False
2024-01-22 18:00:00,S-02,23.8,53.7,False
2024-01-22 19:00:00,S-02,21.74,55.3,False
2024-01-22 20:00:00,S-02,20.3,63.6,False
2024-01-22 21:00:00,S-02,21.78,51.3,False
2024-01-22 22:00:00,S-02,18.72,54.9,False
2024-01-22 23:00:00,S-02,20.23,56.4,False
2024-01-23 00:00:00,S-02,18.5,59.2,False
2024-01-23 01:00:00,S-02,19.86,56.3,False
2024-01-23 02:00:00,S-02,20.16,54.1,False
2024-01-23 03:00:00,S-02,20.63,52.1,False
2024-01-23 04:00:00,S-02,20.11,55.8,False
2024-01-23 05:00:00,S-02,22.75,51.4,False
2024-01-23 06:00:00,S-02,23.87,50.7,False
2024-01-23 07:00:00,S-02,24.25,48.5,False
2024-01-23 08:00:00,S-02,25.89,53.7,False
2024-01-23 09:00:00,S-02,27.58,49.0,False
2024-01-23 10:00:00,S-02,26.88,54.1,False
2024-01-23 11:00:00,S-02,28.07,45.6,False
2024-01-23 12:00:00,S-02,27.11,48.4,False
2024-01-23 13:00:00,S-02,28.2,46.2,False
2024-01-23 14:00:00,S-02,28.02,47.2,False
2024-01-23 15:00:00,S-02,28.84,45.4,False
2024-01-23 16:00:00,S-02,26.78,48.2,False
2024-01-23 17:00:00,S-02,25.45,44.4,False
2024-01-23 18:00:00,S-02,25.18,49.8,False
2024-01-23 19:00:00,S-02,22.25,56.2,False
2024-01-23 20:00:00,S-02,22.92,47.5,False
2024-01-23 21:00:00,S-02,20.81,54.8,False
2024-01-23 22:00:00,S-02,20.11,58.4,False
2024-01-23 23:00:00,S-02,21.06,59.3,False
2024-01-24 00:00:00,S-02,20.23,56.3,False
2024-01-24 01:00:00,S-02,21.22,56.7,False
2024-01-24 02:00:00,S-02,19.41,62.7,False
2024-01-24 03:00:00,S-02,21.39,59.0,False
2024-01-24 04:00:00,S-02,21.57,53.6,False
2024-01-24 05:00:00,S-02,22.72,51.7,False
2024-01-24 06:00:00,S-02,22.44,56.9,False
2024-01-24 07:00:00,S-02,25.7,50.6,False
2024-01-24 08:00:00,S-02,26.07,47.9,False
2024-01-24 09:00:00,S-02,25.93,49.0,False
2024-01-24 10:00:00,S-02,26.25,50.2,False
2024-01-24 11:00:00,S-02,26.99,47.8,False
2024-01-24 12:00:00,S-02,28.89,45.4,False
2024-01-24 13:00:00,S-02,27.54,47.1,False
2024-01-24 14:00:00,S-02,26.92,44.1,False
2024-01-24 15:00:00,S-02,26.9,53.7,False
2024-01-24 16:00:00,S-02,25.65,53.7,False
2024-01-24 17:00:00,S-02,24.82,55.5,False
2024-01-24 18:00:00,S-02,24.15,51.4,False
2024-01-24 19:00:00,S-02,22.74,53.9,False
2024-01-24 20:00:00,S-02,22.17,55.9,False
2024-01-24 21:00:00,S-02,19.66,59.6,False
2024-01-24 22:00:00,S-02,19.97,51.4,False
2024-01-24 23:00:00,S-02,19.2,58.8,False
2024-01-25 00:00:00,S-02,19.37,54.6,False
2024-01-25 01:00:00,S-02,19.35,57.4,False
2024-01-25 02:00:00,S-02,19.23,55.7,False
2024-01-25 03:00:00,S-02,20.04,61.8,False
2024-01-25 04:00:00,S-02,21.84,56.2,False
2024-01-25 05:00:00,S-02,21.57,54.8,False
2024-01-25 06:00:00,S-02,22.01,58.5,False
2024-01-25 07:00:00,S-02,24.44,51.3,False
2024-01-25 08:00:00,S-02,25.65,47.9,False
2024-01-25 09:00:00,S-02,25.45,49.7,False
2024-01-25 10:00:00,S-02,26.34,48.1,False
2024-01-25 11:00:00,S-02,25.93,49.8,False
2024-01-25 12:00:00,S-02,26.51,51.5,False
2024-01-25 13:00:00,S-02,27.35,47.6,False
2024-01-25 14:00:00,S-02,26.66,48.6,False
2024-01-25 15:00:00,S-02,25.45,53.3,False
2024-01-25 16:00:00,S-02,24.24,52.6,False
2024-01-25 17:00:00,S-02,22.16,57.0,False
2024-01-25 18:00:00,S-02,22.6,54.1,False
2024-01-25 19:00:00,S-02,21.62,51.0,False
2024-01-25 20:00:00,S-02,21.07,52.2,False
2024-01-25 21:00:00,S-02,20.95,50.7,False
2024-01-25 22:00:00,S-02,9.96,72.2,True
2024-01-25 23:00:00,S-02,18.98,59.3,False
2024-01-26 00:00:00,S-02,17.17,58.8,False
2024-01-26 01:00:00,S-02,19.08,55.0,False
2024-01-26 02:00:00,S-02,19.17,58.9,False
2024-01-26 03:00:00,S-02,20.15,56.2,False
2024-01-26 04:00:00,S-02,20.39,57.3,False
2024-01-26 05:00:00,S-02,21.14,52.9,False
2024-01-26 06:00:00,S-02,22.93,50.0,False
2024-01-26 07:00:00,S-02,22.25,58.8,False
2024-01-26 08:00:00,S-02,24.2,48.9,False
2024-01-26 09:00:00,S-02,25.33,50.3,False
2024-01-26 10:00:00,S-02,24.47,55.4,False
2024-01-26 11:00:00,S-02,24.55,45.9,False
2024-01-26 12:00:00,S-02,25.89,51.8,False
2024-01-26 13:00:00,S-02,25.48,50.4,False
2024-01-26 14:00:00,S-02,25.43,49.9,False
2024-01-26 15:00:00,S-02,24.8,51.8,False
2024-01-26 16:00:00,S-02,22.84,49.9,False
2024-01-26 17:00:00,S-02,22.71,46.9,False
2024-01-26 18:00:00,S-02,22.27,59.7,False
2024-01-26 19:00:00,S-02,20.06,55.9,False
2024-01-26 20:00:00,S-02,19.13,60.5,False
2024-01-26 21:00:00,S-02,17.62,62.9,False
2024-01-26 22:00:00,S-02,18.49,59.5,False
2024-01-26 23:00:00,S-02,18.96,59.4,False
2024-01-27 00:00:00,S-02,16.23,63.4,False
2024-01-27 01:00:00,S-02,18.02,63.9,False
2024-01-27 02:00:00,S-02,18.52,60.0,False
2024-01-27 03:00:00,S-02,18.01,62.9,False
2024-01-27 04:00:00,S-02,18.98,57.2,False
2024-01-27 05:00:00,S-02,19.42,56.2,False
2024-01-27 06:00:00,S-02,20.66,56.3,False
2024-01-27 07:00:00,S-02,22.44,55.1,False
2024-01-27 08:00:00,S-02,23.79,53.9,False
2024-01-27 09:00:00,S-02,24.21,57.5,False
2024-01-27 10:00:00,S-02,25.43,52.8,False
2024-01-27 11:00:00,S-02,19.2,58.0,True
2024-01-27 12:00:00,S-02,24.41,57.4,False
2024-01-27 13:00:00,S-02,26.33,50.2,False
2024-01-27 14:00:00,S-02,25.74,51.0,False
2024-01-27 15:00:00,S-02,23.65,53.9,False
2024-01-27 16:00:00,S-02,24.78,50.1,False
2024-01-27 17:00:00,S-02,22.82,50.2,False
2024-01-27 18:00:00,S-02,21.55,55.3,False
2024-01-27 19:00:00,S-02,21.93,53.6,False
2024-01-27 20:00:00,S-02,17.56,57.2,False
2024-01-27 21:00:00,S-02,17.45,60.2,False
2024-01-27 22:00:00,S-02,18.66,57.8,False
2024-01-27 23:00:00,S-02,17.55,58.0,False
2024-01-28 00:00:00,S-02,16.9,55.2,False
2024-01-28 01:00:00,S-02,18.99,57.5,False
2024-01-28 02:00:00,S-02,18.63,63.7,False
2024-01-28 03:00:00,S-02,17.94,61.9,False
2024-01-28 04:00:00,S-02,19.29,60.9,False
2024-01-28 05:00:00,S-02,21.47,55.0,False
2024-01-28 06:00:00,S-02,23.28,56.0,False
2024-01-28 07:00:00,S-02,21.41,53.1,False
2024-01-28 08:00:00,S-02,24.18,50.4,False
2024-01-28 09:00:00,S-02,24.57,52.9,False
2024-01-28 10:00:00,S-02,24.19,47.6,False
2024-01-28 11:00:00,S-02,25.87,49.9,False
2024-01-28 12:00:00,S-02,24.94,51.8,False
2024-01-28 13:00:00,S-02,25.69,55.0,False
2024-01-28 14:00:00,S-02,27.02,46.3,False
2024-01-28 15:00:00,S-02,25.58,51.4,False
2024-01-28 16:00:00,S-02,25.02,48.9,False
2024-01-28 17:00:00,S-02,23.97,50.4,False
2024-01-28 18:00:00,S-02,22.8,45.4,False
2024-01-28 19:00:00,S-02,22.3,51.3,False
2024-01-28 20:00:00,S-02,19.73,60.6,False
2024-01-28 21:00:00,S-02,19.59,58.8,False
2024-01-28 22:00:00,S-02,19.95,57.3,False
2024-01-28 23:00:00,S-02,18.38,66.1,False
2024-01-29 00:00:00,S-02,18.53,60.2,False
2024-01-29 01:00:00,S-02,20.01,53.1,False
2024-01-29 02:00:00,S-02,20.72,55.3,False
2024-01-29 03:00:00,S-02,19.74,56.9,False
2024-01-29 04:00:00,S-02,20.47,61.0,False
2024-01-29 05:00:00,S-02,22.58,51.0,False
2024-01-29 06:00:00,S-02,23.43,54.0,False
2024-01-29 07:00:00,S-02,23.78,55.2,False
2024-01-29 08:00:00,S-02,25.8,47.5,False
2024-01-29 09:00:00,S-02,26.65,49.1,False
2024-01-29 10:00:00,S-02,26.97,42.5,False
2024-01-29 11:00:00,S-02,29.65,45.5,False
2024-01-29 12:00:00,S-02,28.61,39.9,False
2024-01-29 13:00:00,S-02,28.1,45.9,False
2024-01-29 14:00:00,S-02,27.92,52.4,False
2024-01-29 15:00:00,S-02,28.84,47.4,False
2024-01-29 16:00:00,S-02,26.61,49.0,False
2024-01-29 17:00:00,S-02,24.27,52.1,False
2024-01-29 18:00:00,S-02,24.1,58.3,False
2024-01-29 19:00:00,S-02,22.91,55.0,False
2024-01-29 20:00:00,S-02,21.49,58.1,False
2024-01-29 21:00:00,S-02,21.35,53.9,False
2024-01-29 22:00:00,S-02,20.75,54.6,False
2024-01-29 23:00:00,S-02,20.15,53.5,False
2024-01-30 00:00:00,S-02,19.72,56.6,False
2024-01-30 01:00:00,S-02,20.92,53.6,False
2024-01-30 02:00:00,S-02,19.46,60.4,False
2024-01-30 03:00:00,S-02,22.02,56.3,False
2024-01-30 04:00:00,S-02,22.24,53.8,False
2024-01-30 05:00:00,S-02,23.44,51.1,False
2024-01-30 06:00:00,S-02,22.43,45.3,False
2024-01-30 07:00:00,S-02,26.66,47.1,False
2024-01-30 08:00:00,S-02,24.98,51.7,False
2024-01-30 09:00:00,S-02,26.51,51.0,False
2024-01-30 10:00:00,S-02,28.35,37.7,False
2024-01-30 11:00:00,S-02,27.79,40.4,False
2024-01-30 12:00:00,S-02,28.09,47.6,False
2024-01-30 13:00:00,S-02,26.54,45.9,False
2024-01-30 14:00:00,S-02,27.56,47.1,False
2024-01-30 15:00:00,S-02,27.44,46.5,False
2024-01-30 16:00:00,S-02,26.99,50.2,False
2024-01-30 17:00:00,S-02,25.27,45.0,False
2024-01-30 18:00:00,S-02,24.63,49.6,False
2024-01-30 19:00:00,S-02,23.77,55.1,False
2024-01-30 20:00:00,S-02,21.93,55.1,False
2024-01-30 21:00:00,S-02,21.04,53.1,False
2024-01-30 22:00:00,S-02,22.53,55.1,False
2024-01-30 23:00:00,S-02,19.92,57.8,False
2024-01-31 00:00:00,S-02,21.4,52.5,False
2024-01-31 01:00:00,S-02,20.62,58.1,False
2024-01-31 02:00:00,S-02,22.1,56.3,False
2024-01-31 03:00:00,S-02,21.07,55.1,False
2024-01-31 04:00:00,S-02,22.79,56.3,False
2024-01-31 05:00:00,S-02,23.58,49.0,False
2024-01-31 06:00:00,S-02,24.16,54.1,False
2024-01-31 07:00:00,S-02,25.59,49.5,False
2024-01-31 08:00:00,S-02,25.69,47.2,False
2024-01-31 09:00:00,S-02,27.03,46.6,False
2024-01-31 10:00:00,S-02,27.39,51.4,False
2024-01-31 11:00:00,S-02,28.66,44.8,False
2024-01-31 12:00:00,S-02,28.1,46.1,False
2024-01-31 13:00:00,S-02,26.91,46.6,False
2024-01-31 14:00:00,S-02,27.28,45.7,False
2024-01-31 15:00:00,S-02,26.82,51.5,False
2024-01-31 16:00:00,S-02,25.32,57.0,False
2024-01-31 17:00:00,S-02,26.07,53.5,False
2024-01-31 18:00:00,S-02,24.26,53.2,False
2024-01-31 19:00:00,S-02,23.53,54.8,False
2024-01-31 20:00:00,S-02,21.26,54.3,False
2024-01-31 21:00:00,S-02,20.68,54.5,False
2024-01-31 22:00:00,S-02,21.1,52.0,False
2024-01-31 23:00:00,S-02,18.74,62.6,False
2024-02-01 00:00:00,S-02,19.96,55.9,False
2024-02-01 01:00:00,S-02,19.83,54.9,False
2024-02-01 02:00:00,S-02,19.72,55.3,False
2024-02-01 03:00:00,S-02,20.77,56.5,False
2024-02-01 04:00:00,S-02,20.63,54.4,False
2024-02-01 05:00:00,S-02,22.56,53.8,False
2024-02-01 06:00:00,S-02,22.42,54.4,False
2024-02-01 07:00:00,S-02,23.35,56.8,False
2024-02-01 08:00:00,S-02,26.36,45.5,False
2024-02-01 09:00:00,S-02,25.49,51.1,False
2024-02-01 10:00:00,S-02,24.96,48.8,False
2024-02-01 11:00:00,S-02,27.73,46.3,False
2024-02-01 12:00:00,S-02,26.44,53.9,False
2024-02-01 13:00:00,S-02,24.09,53.8,False
2024-02-01 14:00:00,S-02,26.36,48.0,False
2024-02-01 15:00:00,S-02,26.44,50.5,False
2024-02-01 16:00:00,S-02,25.11,50.6,False
2024-02-01 17:00:00,S-02,25.17,53.9,False
2024-02-01 18:00:00,S-02,22.63,52.2,False
2024-02-01 19:00:00,S-02,22.11,55.7,False
2024-02-01 20:00:00,S-02,19.83,56.4,False
2024-02-01 21:00:00,S-02,19.87,57.0,False
2024-02-01 22:00:00,S-02,20.26,56.1,False
2024-02-01 23:00:00,S-02,19.0,56.2,False
2024-02-02 00:00:00,S-02,18.55,58.9,False
2024-02-02 01:00:00,S-02,16.96,63.4,False
2024-02-02 02:00:00,S-02,18.57,56.7,False
2024-02-02 03:00:00,S-02,18.44,57.6,False
2024-02-02 04:00:00,S-02,20.85,56.9,False
2024-02-02 05:00:00,S-02,20.58,53.9,False
2024-02-02 06:00:00,S-02,22.43,56.5,False
2024-02-02 07:00:00,S-02,22.36,56.1,False
2024-02-02 08:00:00,S-02,25.55,43.4,False
2024-02-02 09:00:00,S-02,23.94,50.2,False
2024-02-02 10:00:00,S-02,25.57,46.9,False
2024-02-02 11:00:00,S-02,27.89,49.8,False
2024-02-02 12:00:00,S-02,26.09,52.3,False
2024-02-02 13:00:00,S-02,25.07,47.2,False
2024-02-02 14:00:00,S-02,25.81,47.8,False
2024-02-02 15:00:00,S-02,25.44,50.1,False
2024-02-02 16:00:00,S-02,24.49,50.3,False
2024-02-02 17:00:00,S-02,21.27,57.4,False
2024-02-02 18:00:00,S-02,21.93,57.4,False
2024-02-02 19:00:00,S-02,19.03,59.7,False
2024-02-02 20:00:00,S-02,21.21,58.6,False
2024-02-02 21:00:00,S-02,18.93,60.9,False
2024-02-02 22:00:00,S-02,17.86,59.2,False
2024-02-02 23:00:00,S-02,18.34,57.5,False
2024-02-03 00:00:00,S-02,18.04,57.0,False
2024-02-03 01:00:00,S-02,16.85,63.0,False
2024-02-03 02:00:00,S-02,19.46,60.1,False
2024-02-03 03:00:00,S-02,18.62,61.5,False
2024-02-03 04:00:00,S-02,18.25,58.0,False
2024-02-03 05:00:00,S-02,21.7,53.6,False
2024-02-03 06:00:00,S-02,22.84,54.2,False
2024-02-03 07:00:00,S-02,23.66,56.1,False
2024-02-03 08:00:00,S-02,24.08,53.0,False
2024-02-03 09:00:00,S-02,23.77,53.0,False
2024-02-03 10:00:00,S-02,25.86,47.4,False
2024-02-03 11:00:00,S-02,27.0,49.7,False
2024-02-03 12:00:00,S-02,26.33,50.8,False
2024-02-03 13:00:00,S-02,26.83,45.8,False
2024-02-03 14:00:00,S-02,24.57,56.5,False
2024-02-03 15:00:00,S-02,25.37,47.7,False
2024-02-03 16:00:00,S-02,24.5,54.2,False
2024-02-03 17:00:00,S-02,21.64,54.3,False
2024-02-03 18:00:00,S-02,20.52,56.7,False
2024-02-03 19:00:00,S-02,20.23,54.2,False
2024-02-03 20:00:00,S-02,19.93,55.3,False
2024-02-03 21:00:00,S-02,19.43,59.6,False
2024-02-03 22:00:00,S-02,18.29,58.3,False
2024-02-03 23:00:00,S-02,18.05,58.2,False
2024-02-04 00:00:00,S-02,17.91,62.0,False
2024-02-04 01:00:00,S-02,18.24,61.1,False
2024-02-04 02:00:00,S-02,19.08,58.4,False
2024-02-04 03:00:00,S-02,19.68,57.9,False
2024-02-04 04:00:00,S-02,20.12,61.8,False
2024-02-04 05:00:00,S-02,21.38,54.7,False
2024-02-04 06:00:00,S-02,21.89,55.7,False
2024-02-04 07:00:00,S-02,23.96,53.3,False
2024-02-04 08:00:00,S-02,23.94,48.0,False
2024-02-04 09:00:00,S-02,26.52,43.3,False
2024-02-04 10:00:00,S-02,25.89,50.2,False
2024-02-04 11:00:00,S-02,26.58,51.5,False
2024-02-04 12:00:00,S-02,25.94,50.3,False
2024-02-04 13:00:00,S-02,26.19,47.8,False
2024-02-04 14:00:00,S-02,26.25,47.4,False
2024-02-04 15:00:00,S-02,25.55,52.6,False
2024-02-04 16:00:00,S-02,24.27,50.8,False
2024-02-04 17:00:00,S-02,22.93,48.6,False
2024-02-04 18:00:00,S-02,22.91,55.4,False
2024-02-04 19:00:00,S-02,22.02,55.1,False
2024-02-04 20:00:00,S-02,21.43,56.3,False
2024-02-04 21:00:00,S-02,21.21,58.5,False
2024-02-04 22:00:00,S-02,19.39,61.5,False
2024-02-04 23:00:00,S-02,17.72,61.2,False
2024-02-05 00:00:00,S-02,19.11,57.4,False
2024-02-05 01:00:00,S-02,17.95,53.1,False
2024-02-05 02:00:00,S-02,18.85,59.1,False
2024-02-05 03:00:00,S-02,21.39,54.7,False
2024-02-05 04:00:00,S-02,21.9,58.5,False
2024-02-05 05:00:00,S-02,21.96,58.3,False
2024-02-05 06:00:00,S-02,23.06,54.6,False
2024-02-05 07:00:00,S-02,24.59,55.4,False
2024-02-05 08:00:00,S-02,24.29,51.5,False
2024-02-05 09:00:00,S-02,26.95,48.4,False
2024-02-05 10:00:00,S-02,26.98,46.0,False
2024-02-05 11:00:00,S-02,29.17,44.9,False
2024-02-05 12:00:00,S-02,27.06,49.0,False
2024-02-05 13:00:00,S-02,28.61,49.6,False
2024-02-05 14:00:00,S-02,26.92,46.4,False
2024-02-05 15:00:00,S-02,27.69,50.0,False
2024-02-05 16:00:00,S-02,25.32,57.4,False
2024-02-05 17:00:00,S-02,25.77,45.9,False
2024-02-05 18:00:00,S-02,23.85,51.5,False
2024-02-05 19:00:00,S-02,22.55,53.8,False
2024-02-05 20:00:00,S-02,22.17,57.2,False
2024-02-05 21:00:00,S-02,21.88,60.5,False
2024-02-05 22:00:00,S-02,21.23,59.0,False
2024-02-05 23:00:00,S-02,21.8,54.6,False
2024-02-06 00:00:00,S-02,21.1,53.0,False
2024-02-06 01:00:00,S-02,18.52,58.5,False
2024-02-06 02:00:00,S-02,20.73,55.8,False
2024-02-06 03:00:00,S-02,20.13,57.4,False
2024-02-06 04:00:00,S-02,22.27,51.5,False
2024-02-06 05:00:00,S-02,24.07,56.5,False
2024-02-06 06:00:00,S-02,23.57,50.4,False
2024-02-06 07:00:00,S-02,24.76,53.1,False
2024-02-06 08:00:00,S-02,26.8,49.3,False
2024-02-06 09:00:00,S-02,27.31,44.8,False
2024-02-06 10:00:00,S-02,29.45,45.7,False
2024-02-06 11:00:00,S-02,28.86,46.3,False
2024-02-06 12:00:00,S-02,29.18,45.3,False
2024-02-06 13:00:00,S-02,30.03,47.2,False
2024-02-06 14:00:00,S-02,27.85,46.0,False
2024-02-06 15:00:00,S-02,27.62,55.2,False
2024-02-06 16:00:00,S-02,26.01,53.0,False
2024-02-06 17:00:00,S-02,26.05,46.9,False
2024-02-06 18:00:00,S-02,25.63,42.7,False
2024-02-06 19:00:00,S-02,24.87,54.7,False
2024-02-06 20:00:00,S-02,14.76,63.9,True
2024-02-06 21:00:00,S-02,21.41,55.4,False
2024-02-06 22:00:00,S-02,20.73,53.1,False
2024-02-06 23:00:00,S-02,19.82,52.8,False
2024-02-07 00:00:00,S-02,20.88,50.3,False
2024-02-07 01:00:00,S-02,21.99,62.0,False
2024-02-07 02:00:00,S-02,19.41,62.3,False
2024-02-07 03:00:00,S-02,20.18,55.0,False
2024-02-07 04:00:00,S-02,23.85,57.8,False
2024-02-07 05:00:00,S-02,22.39,48.5,False
2024-02-07 06:00:00,S-02,24.95,53.0,False
2024-02-07 07:00:00,S-02,24.69,53.3,False
2024-02-07 08:00:00,S-02,27.26,45.6,False
2024-02-07 09:00:00,S-02,28.07,45.8,False
2024-02-07 10:00:00,S-02,28.18,43.9,False
2024-02-07 11:00:00,S-02,29.08,46.1,False
2024-02-07 12:00:00,S-02,28.56,50.4,False
2024-02-07 13:00:00,S-02,28.8,49.2,False
2024-02-07 14:00:00,S-02,29.37,46.8,False
2024-02-07 15:00:00,S-02,28.12,50.4,False
2024-02-07 16:00:00,S-02,25.85,44.5,False
2024-02-07 17:00:00,S-02,24.73,57.1,False
2024-02-07 18:00:00,S-02,24.11,51.7,False
2024-02-07 19:00:00,S-02,23.04,49.3,False
2024-02-07 20:00:00,S-02,22.27,53.0,False
2024-02-07 21:00:00,S-02,20.86,53.9,False
2024-02-07 22:00:00,S-02,21.18,55.7,False
2024-02-07 23:00:00,S-02,20.24,57.5,False
2024-02-08 00:00:00,S-02,20.32,49.5,False
2024-02-08 01:00:00,S-02,20.12,60.4,False
2024-02-08 02:00:00,S-02,20.96,60.8,False
2024-02-08 03:00:00,S-02,20.09,53.6,False
2024-02-08 04:00:00,S-02,23.09,57.5,False
2024-02-08 05:00:00,S-02,23.02,56.9,False
2024-02-08 06:00:00,S-02,24.08,54.9,False
2024-02-08 07:00:00,S-02,25.2,55.4,False
2024-02-08 08:00:00,S-02,26.48,44.9,False
2024-02-08 09:00:00,S-02,26.98,50.6,False
2024-02-08 10:00:00,S-02,27.17,45.2,False
2024-02-08 11:00:00,S-02,27.18,55.3,False
2024-02-08 12:00:00,S-02,26.09,46.6,False
2024-02-08 13:00:00,S-02,27.39,44.3,False
2024-02-08 14:00:00,S-02,26.51,52.3,False
2024-02-08 15:00:00,S-02,25.82,51.7,False
2024-02-08 16:00:00,S-02,27.11,48.4,False
2024-02-08 17:00:00,S-02,22.69,54.0,False
2024-02-08 18:00:00,S-02,23.13,54.9,False
2024-02-08 19:00:00,S-02,22.97,58.4,False
2024-02-08 20:00:00,S-02,21.75,52.6,False
2024-02-08 21:00:00,S-02,21.09,53.8,False
2024-02-08 22:00:00,S-02,18.4,57.0,False
2024-02-08 23:00:00,S-02,18.2,58.8,False
2024-02-09 00:00:00,S-02,19.28,57.7,False
2024-02-09 01:00:00,S-02,18.63,54.6,False
2024-02-09 02:00:00,S-02,20.59,57.0,False
2024-02-09 03:00:00,S-02,20.0,53.0,False
2024-02-09 04:00:00,S-02,20.75,55.0,False
2024-02-09 05:00:00,S-02,21.87,53.8,False
2024-02-09 06:00:00,S-02,22.29,53.3,False
2024-02-09 07:00:00,S-02,23.6,56.9,False
2024-02-09 08:00:00,S-02,23.89,57.0,False
2024-02-09 09:00:00,S-02,25.19,53.8,False
2024-02-09 10:00:00,S-02,25.43,55.0,False
2024-02-09 11:00:00,S-02,26.39,48.3,False
2024-02-09 12:00:00,S-02,25.16,54.8,False
2024-02-09 13:00:00,S-02,24.93,50.7,False
2024-02-09 14:00:00,S-02,26.06,50.2,False
2024-02-09 15:00:00,S-02,25.21,51.4,False
2024-02-09 16:00:00,S-02,23.4,48.7,False
2024-02-09 17:00:00,S-02,23.0,51.4,False
2024-02-09 18:00:00,S-02,21.28,54.8,False
2024-02-09 19:00:00,S-02,22.7,54.7,False
2024-02-09 20:00:00,S-02,18.83,57.8,False
2024-02-09 21:00:00,S-02,20.61,53.5,False
2024-02-09 22:00:00,S-02,17.93,55.8,False
2024-02-09 23:00:00,S-02,18.51,58.6,False
2024-02-10 00:00:00,S-02,17.82,55.9,False
2024-02-10 01:00:00,S-02,17.85,55.9,False
2024-02-10 02:00:00,S-02,19.29,57.3,False
2024-02-10 03:00:00,S-02,19.83,57.5,False
2024-02-10 04:00:00,S-02,19.77,54.6,False
2024-02-10 05:00:00,S-02,20.24,51.2,False
2024-02-10 06:00:00,S-02,23.66,53.3,False
2024-02-10 07:00:00,S-02,24.16,54.3,False
2024-02-10 08:00:00,S-02,24.12,50.6,False
2024-02-10 09:00:00,S-02,24.61,50.1,False
2024-02-10 10:00:00,S-02,25.73,43.0,False
2024-02-10 11:00:00,S-02,25.97,52.3,False
2024-02-10 12:00:00,S-02,27.01,45.1,False
2024-02-10 13:00:00,S-02,25.16,52.8,False
2024-02-10 14:00:00,S-02,25.57,48.4,False
2024-02-10 15:00:00,S-02,24.31,51.2,False
2024-02-10 16:00:00,S-02,25.17,50.0,False
2024-02-10 17:00:00,S-02,24.63,45.9,False
2024-02-10 18:00:00,S-02,22.1,62.5,False
2024-02-10 19:00:00,S-02,21.6,50.2,False
2024-02-10 20:00:00,S-02,21.36,55.5,False
2024-02-10 21:00:00,S-02,19.2,55.3,False
2024-02-10 22:00:00,S-02,18.09,58.4,False
2024-02-10 23:00:00,S-02,19.3,61.8,False
2024-02-11 00:00:00,S-02,18.77,52.7,False
2024-02-11 01:00:00,S-02,18.38,58.3,False
2024-02-11 02:00:00,S-02,20.15,58.1,False
2024-02-11 03:00:00,S-02,19.85,57.3,False
2024-02-11 04:00:00,S-02,19.1,59.1,False
2024-02-11 05:00:00,S-02,21.81,52.4,False
2024-02-11 06:00:00,S-02,22.57,48.8,False
2024-02-11 07:00:00,S-02,25.2,46.6,False
2024-02-11 08:00:00,S-02,24.7,49.9,False
2024-02-11 09:00:00,S-02,25.42,52.5,False
2024-02-11 10:00:00,S-02,26.62,49.1,False
2024-02-11 11:00:00,S-02,26.92,53.3,False
2024-02-11 12:00:00,S-02,25.79,50.2,False
2024-02-11 13:00:00,S-02,26.93,49.1,False
2024-02-11 14:00:00,S-02,26.22,49.9,False
2024-02-11 15:00:00,S-02,27.03,43.2,False
2024-02-11 16:00:00,S-02,27.05,50.1,False
2024-02-11 17:00:00,S-02,23.33,49.5,False
2024-02-11 18:00:00,S-02,22.47,52.7,False
2024-02-11 19:00:00,S-02,21.59,61.9,False
2024-02-11 20:00:00,S-02,20.83,52.1,False
2024-02-11 21:00:00,S-02,20.04,57.1,False
2024-02-11 22:00:00,S-02,20.05,57.6,False
2024-02-11 23:00:00,S-02,20.54,56.5,False
2024-02-12 00:00:00,S-02,18.55,58.6,False
2024-02-12 01:00:00,S-02,18.55,56.9,False
2024-02-12 02:00:00,S-02,18.77,64.3,False
2024-02-12 03:00:00,S-02,21.82,48.6,False
2024-02-12 04:00:00,S-02,22.88,50.3,False
2024-02-12 05:00:00,S-02,21.62,59.3,False
2024-02-12 06:00:00,S-02,22.63,55.3,False
2024-02-12 07:00:00,S-02,25.13,48.3,False
2024-02-12 08:00:00,S-02,26.92,45.8,False
2024-02-12 09:00:00,S-02,27.74,46.8,False
2024-02-12 10:00:00,S-02,27.78,55.4,False
2024-02-12 11:00:00,S-02,28.62,47.9,False
2024-02-12 12:00:00,S-02,28.53,43.5,False
2024-02-12 13:00:00,S-02,27.74,48.2,False
2024-02-12 14:00:00,S-02,29.36,43.7,False
2024-02-12 15:00:00,S-02,27.25,52.6,False
2024-02-12 16:00:00,S-02,25.58,51.0,False
2024-02-12 17:00:00,S-02,25.18,54.4,False
2024-02-12 18:00:00,S-02,23.33,53.3,False
2024-02-12 19:00:00,S-02,23.59,58.6,False
2024-02-12 20:00:00,S-02,23.53,53.8,False
2024-02-12 21:00:00,S-02,20.85,56.6,False
2024-02-12 22:00:00,S-02,22.17,51.1,False
2024-02-12 23:00:00,S-02,22.59,52.4,False
2024-02-13 00:00:00,S-02,21.12,56.6,False
2024-02-13 01:00:00,S-02,20.06,55.2,False
2024-02-13 02:00:00,S-02,20.74,63.4,False
2024-02-13 03:00:00,S-02,21.82,54.6,False
2024-02-13 04:00:00,S-02,21.92,52.2,False
2024-02-13 05:00:00,S-02,22.94,56.2,False
2024-02-13 06:00:00,S-02,24.8,49.5,False
2024-02-13 07:00:00,S-02,25.92,50.9,False
2024-02-13 08:00:00,S-02,27.54,47.5,False
2024-02-13 09:00:00,S-02,26.94,46.3,False
2024-02-13 10:00:00,S-02,30.06,48.9,False
2024-02-13 11:00:00,S-02,29.82,45.3,False
2024-02-13 12:00:00,S-02,29.84,48.3,False
2024-02-13 13:00:00,S-02,28.48,45.6,False
2024-02-13 14:00:00,S-02,30.01,40.5,False
2024-02-13 15:00:00,S-02,27.71,43.8,False
2024-02-13 16:00:00,S-02,28.62,44.9,False
2024-02-13 17:00:00,S-02,27.07,47.8,False
2024-02-13 18:00:00,S-02,24.46,51.6,False
2024-02-13 19:00:00,S-02,23.78,53.8,False
2024-02-13 20:00:00,S-02,24.67,47.5,False
2024-02-13 21:00:00,S-02,23.15,53.7,False
2024-02-13 22:00:00,S-02,21.58,51.3,False
2024-02-13 23:00:00,S-02,21.46,53.0,False
2024-02-14 00:00:00,S-02,21.31,62.9,False
2024-02-14 01:00:00,S-02,20.66,59.8,False
2024-02-14 02:00:00,S-02,21.5,53.9,False
2024-02-14 03:00:00,S-02,21.75,60.1,False
2024-02-14 04:00:00,S-02,22.75,57.8,False
2024-02-14 05:00:00,S-02,24.41,54.2,False
2024-02-14 06:00:00,S-02,24.29,56.1,False
2024-02-14 07:00:00,S-02,26.65,48.1,False
2024-02-14 08:00:00,S-02,27.09,47.9,False
2024-02-14 09:00:00,S-02,28.42,44.1,False
2024-02-14 10:00:00,S-02,29.12,47.6,False
2024-02-14 11:00:00,S-02,29.78,41.3,False
2024-02-14 12:00:00,S-02,29.39,44.0,False
2024-02-14 13:00:00,S-02,29.28,47.0,False
2024-02-14 14:00:00,S-02,28.14,45.5,False
2024-02-14 15:00:00,S-02,28.06,48.2,False
2024-02-14 16:00:00,S-02,26.02,55.1,False
2024-02-14 17:00:00,S-02,25.54,47.2,False
2024-02-14 18:00:00,S-02,25.26,54.7,False
2024-02-14 19:00:00,S-02,23.54,50.5,False
2024-02-14 20:00:00,S-02,22.93,50.5,False
2024-02-14 21:00:00,S-02,20.85,56.5,False
2024-02-14 22:00:00,S-02,22.11,57.3,False
2024-02-14 23:00:00,S-02,20.11,54.5,False
2024-02-15 00:00:00,S-02,20.7,53.8,False
2024-02-15 01:00:00,S-02,20.46,54.9,False
2024-02-15 02:00:00,S-02,21.57,52.8,False
2024-02-15 03:00:00,S-02,21.1,56.0,False
2024-02-15 04:00:00,S-02,21.38,53.0,False
2024-02-15 05:00:00,S-02,21.58,54.1,False
2024-02-15 06:00:00,S-02,23.84,53.3,False
2024-02-15 07:00:00,S-02,24.11,50.6,False
2024-02-15 08:00:00,S-02,26.4,52.6,False
2024-02-15 09:00:00,S-02,27.91,45.3,False
2024-02-15 10:00:00,S-02,25.55,47.8,False
2024-02-15 11:00:00,S-02,26.64,54.9,False
2024-02-15 12:00:00,S-02,28.01,51.7,False
2024-02-15 13:00:00,S-02,28.56,46.7,False
2024-02-15 14:00:00,S-02,27.36,50.5,False
2024-02-15 15:00:00,S-02,26.69,49.8,False
2024-02-15 16:00:00,S-02,25.95,48.1,False
2024-02-15 17:00:00,S-02,24.99,52.8,False
2024-02-15 18:00:00,S-02,24.76,52.0,False
2024-02-15 19:00:00,S-02,22.84,57.2,False
2024-02-15 20:00:00,S-02,20.34,50.9,False
2024-02-15 21:00:00,S-02,20.07,59.1,False
2024-02-15 22:00:00,S-02,19.94,57.4,False
2024-02-15 23:00:00,S-02,18.67,56.3,False
2024-02-16 00:00:00,S-02,18.92,56.8,False
2024-02-16 01:00:00,S-02,18.8,57.0,False
2024-02-16 02:00:00,S-02,19.01,54.0,False
2024-02-16 03:00:00,S-02,20.72,54.2,False
2024-02-16 04:00:00,S-02,20.63,58.4,False
2024-02-16 05:00:00,S-02,20.99,51.1,False
2024-02-16 06:00:00,S-02,22.29,52.9,False
2024-02-16 07:00:00,S-02,23.88,45.0,False
2024-02-16 08:00:00,S-02,26.48,47.3,False
2024-02-16 09:00:00,S-02,25.78,51.0,False
2024-02-16 10:00:00,S-02,27.36,47.8,False
2024-02-16 11:00:00,S-02,26.93,48.6,False
2024-02-16 12:00:00,S-02,24.91,47.6,False
2024-02-16 13:00:00,S-02,26.77,50.4,False
2024-02-16 14:00:00,S-02,25.35,47.7,False
2024-02-16 15:00:00,S-02,24.28,54.4,False
2024-02-16 16:00:00,S-02,23.65,53.1,False
2024-02-16 17:00:00,S-02,24.96,49.7,False
2024-02-16 18:00:00,S-02,21.2,59.8,False
2024-02-16 19:00:00,S-02,20.91,54.5,False
2024-02-16 20:00:00,S-02,21.36,58.2,False
2024-02-16 21:00:00,S-02,20.12,57.0,False
2024-02-16 22:00:00,S-02,17.55,59.7,False
2024-02-16 23:00:00,S-02,18.43,61.7,False
2024-02-17 00:00:00,S-02,17.95,60.6,False
2024-02-17 01:00:00,S-02,18.34,58.8,False
2024-02-17 02:00:00,S-02,19.49,57.1,False
2024-02-17 03:00:00,S-02,19.05,58.6,False
2024-02-17 04:00:00,S-02,20.09,57.0,False
2024-02-17 05:00:00,S-02,22.48,52.8,False
2024-02-17 06:00:00,S-02,20.86,52.7,False
2024-02-17 07:00:00,S-02,23.08,45.3,False
2024-02-17 08:00:00,S-02,24.73,50.8,False
2024-02-17 09:00:00,S-02,24.18,51.1,False
2024-02-17 10:00:00,S-02,25.32,54.1,False
2024-02-17 11:00:00,S-02,25.18,51.9,False
2024-02-17 12:00:00,S-02,26.52,52.4,False
2024-02-17 13:00:00,S-02,25.77,55.1,False
2024-02-17 14:00:00,S-02,26.52,48.7,False
2024-02-17 15:00:00,S-02,26.09,47.0,False
2024-02-17 16:00:00,S-02,24.5,53.9,False
2024-02-17 17:00:00,S-02,23.22,51.2,False
2024-02-17 18:00:00,S-02,22.72,52.8,False
2024-02-17 19:00:00,S-02,21.55,59.3,False
2024-02-17 20:00:00,S-02,19.59,59.0,False
2024-02-17 21:00:00,S-02,20.64,59.3,False
2024-02-17 22:00:00,S-02,19.35,53.5,False
2024-02-17 23:00:00,S-02,19.44,57.6,False
2024-02-18 00:00:00,S-02,17.61,63.0,False
2024-02-18 01:00:00,S-02,19.58,53.5,False
2024-02-18 02:00:00,S-02,21.01,56.2,False
2024-02-18 03:00:00,S-02,20.49,57.4,False
2024-02-18 04:00:00,S-02,19.7,50.3,False
2024-02-18 05:00:00,S-02,21.9,59.3,False
2024-02-18 06:00:00,S-02,22.91,51.2,False
2024-02-18 07:00:00,S-02,24.21,51.3,False
2024-02-18 08:00:00,S-02,24.86,56.0,False
2024-02-18 09:00:00,S-02,26.32,43.8,False
2024-02-18 10:00:00,S-02,26.23,50.7,False
2024-02-18 11:00:00,S-02,27.25,46.8,False
2024-02-18 12:00:00,S-02,26.69,48.9,False
2024-02-18 13:00:00,S-02,27.24,45.7,False
2024-02-18 14:00:00,S-02,27.62,51.8,False
2024-02-18 15:00:00,S-02,25.84,46.4,False
2024-02-18 16:00:00,S-02,26.0,50.7,False
2024-02-18 17:00:00,S-02,23.84,53.8,False
2024-02-18 18:00:00,S-02,23.28,52.6,False
2024-02-18 19:00:00,S-02,22.41,53.1,False
2024-02-18 20:00:00,S-02,22.7,52.8,False
2024-02-18 21:00:00,S-02,20.3,59.5,False
2024-02-18 22:00:00,S-02,21.33,56.6,False
2024-02-18 23:00:00,S-02,18.82,58.0,False
2024-02-19 00:00:00,S-02,19.79,53.8,False
2024-02-19 01:00:00,S-02,20.85,56.3,False
2024-02-19 02:00:00,S-02,21.13,57.0,False
2024-02-19 03:00:00,S-02,20.45,56.2,False
2024-02-19 04:00:00,S-02,21.17,59.7,False
2024-02-19 05:00:00,S-02,23.88,46.4,False
2024-02-19 06:00:00,S-02,23.25,60.4,False
2024-02-19 07:00:00,S-02,25.83,49.3,False
2024-02-19 08:00:00,S-02,25.96,46.2,False
2024-02-19 09:00:00,S-02,27.25,42.9,False
2024-02-19 10:00:00,S-02,29.82,47.6,False
2024-02-19 11:00:00,S-02,29.66,46.9,False
2024-02-19 12:00:00,S-02,29.27,45.0,False
2024-02-19 13:00:00,S-02,27.4,47.8,False
2024-02-19 14:00:00,S-02,28.42,47.2,False
2024-02-19 15:00:00,S-02,27.62,46.4,False
2024-02-19 16:00:00,S-02,26.72,52.2,False
2024-02-19 17:00:00,S-02,26.96,50.3,False
2024-02-19 18:00:00,S-02,23.5,52.3,False
2024-02-19 19:00:00,S-02,24.16,46.9,False
2024-02-19 20:00:00,S-02,23.08,57.2,False
2024-02-19 21:00:00,S-02,21.59,53.5,False
2024-02-19 22:00:00,S-02,22.99,50.1,False
2024-02-19 23:00:00,S-02,20.21,60.4,False
2024-02-20 00:00:00,S-02,21.16,56.9,False
2024-02-20 01:00:00,S-02,21.38,49.1,False
2024-02-20 02:00:00,S-02,19.97,51.9,False
2024-02-20 03:00:00,S-02,21.26,54.1,False
2024-02-20 04:00:00,S-02,22.49,50.1,False
2024-02-20 05:00:00,S-02,24.9,50.5,False
2024-02-20 06:00:00,S-02,26.09,57.4,False
2024-02-20 07:00:00,S-02,26.87,57.5,False
2024-02-20 08:00:00,S-02,27.57,47.6,False
2024-02-20 09:00:00,S-02,26.45,51.5,False
2024-02-20 10:00:00,S-02,29.06,48.6,False
2024-02-20 11:00:00,S-02,28.88,45.8,False
2024-02-20 12:00:00,S-02,30.4,39.9,False
2024-02-20 13:00:00,S-02,30.42,47.5,False
2024-02-20 14:00:00,S-02,30.75,43.4,False
2024-02-20 15:00:00,S-02,28.89,47.5,False
2024-02-20 16:00:00,S-02,28.15,49.2,False
2024-02-20 17:00:00,S-02,25.7,47.6,False
2024-02-20 18:00:00,S-02,25.56,55.2,False
2024-02-20 19:00:00,S-02,23.47,52.9,False
2024-02-20 20:00:00,S-02,24.23,52.4,False
2024-02-20 21:00:00,S-02,21.7,53.5,False
2024-02-20 22:00:00,S-02,21.85,56.7,False
2024-02-20 23:00:00,S-02,20.95,58.7,False
2024-02-21 00:00:00,S-02,21.09,53.8,False
2024-02-21 01:00:00,S-02,21.97,56.2,False
2024-02-21 02:00:00,S-02,21.53,53.7,False
2024-02-21 03:00:00,S-02,22.78,49.8,False
2024-02-21 04:00:00,S-02,22.6,52.7,False
2024-02-21 05:00:00,S-02,25.49,52.1,False
2024-02-21 06:00:00,S-02,24.85,52.7,False
2024-02-21 07:00:00,S-02,27.21,51.4,False
2024-02-21 08:00:00,S-02,29.06,43.9,False
2024-02-21 09:00:00,S-02,26.15,48.5,False
2024-02-21 10:00:00,S-02,27.93,47.5,False
2024-02-21 11:00:00,S-02,28.93,48.0,False
2024-02-21 12:00:00,S-02,30.15,44.3,False
2024-02-21 13:00:00,S-02,28.64,43.6,False
2024-02-21 14:00:00,S-02,28.91,41.5,False
2024-02-21 15:00:00,S-02,27.34,51.6,False
2024-02-21 16:00:00,S-02,27.52,51.0,False
2024-02-21 17:00:00,S-02,25.07,48.7,False
2024-02-21 18:00:00,S-02,25.66,54.5,False
2024-02-21 19:00:00,S-02,21.47,54.9,False
2024-02-21 20:00:00,S-02,21.36,56.6,False
2024-02-21 21:00:00,S-02,23.5,56.4,False
2024-02-21 22:00:00,S-02,21.48,53.6,False
2024-02-21 23:00:00,S-02,20.16,54.3,False
2024-02-22 00:00:00,S-02,22.5,48.6,False
2024-02-22 01:00:00,S-02,21.65,55.8,False
2024-02-22 02:00:00,S-02,22.06,55.7,False
2024-02-22 03:00:00,S-02,21.38,57.8,False
2024-02-22 04:00:00,S-02,23.01,55.0,False
2024-02-22 05:00:00,S-02,23.83,52.6,False
2024-02-22 06:00:00,S-02,23.05,56.6,False
2024-02-22 07:00:00,S-02,25.87,46.7,False
2024-02-22 08:00:00,S-02,26.14,50.6,False
2024-02-22 09:00:00,S-02,28.12,48.7,False
2024-02-22 10:00:00,S-02,28.71,46.0,False
2024-02-22 11:00:00,S-02,27.47,53.1,False
2024-02-22 12:00:00,S-02,27.59,49.1,False
2024-02-22 13:00:00,S-02,28.04,51.3,False
2024-02-22 14:00:00,S-02,27.97,50.0,False
2024-02-22 15:00:00,S-02,26.41,48.6,False
2024-02-22 16:00:00,S-02,25.77,55.7,False
2024-02-22 17:00:00,S-02,25.34,53.8,False
2024-02-22 18:00:00,S-02,24.1,52.0,False
2024-02-22 19:00:00,S-02,23.62,52.2,False
2024-02-22 20:00:00,S-02,21.84,51.5,False
2024-02-22 21:00:00,S-02,20.05,56.3,False
2024-02-22 22:00:00,S-02,18.64,57.8,False
2024-02-22 23:00:00,S-02,20.3,57.1,False
2024-02-23 00:00:00,S-02,19.18,56.6,False
2024-02-23 01:00:00,S-02,19.25,59.5,False
2024-02-23 02:00:00,S-02,19.65,57.0,False
2024-02-23 03:00:00,S-02,19.19,53.1,False
2024-02-23 04:00:00,S-02,20.94,54.2,False
2024-02-23 05:00:00,S-02,20.06,54.1,False
2024-02-23 06:00:00,S-02,22.85,49.6,False
2024-02-23 07:00:00,S-02,23.44,52.0,False
2024-02-23 08:00:00,S-02,26.6,51.7,False
2024-02-23 09:00:00,S-02,26.25,46.0,False
2024-02-23 10:00:00,S-02,26.31,43.2,False
2024-02-23 11:00:00,S-02,26.98,48.0,False
2024-02-23 12:00:00,S-02,27.55,56.8,False
2024-02-23 13:00:00,S-02,26.16,47.7,False
2024-02-23 14:00:00,S-02,26.16,50.3,False
2024-02-23 15:00:00,S-02,25.4,49.1,False
2024-02-23 16:00:00,S-02,26.87,51.2,False
2024-02-23 17:00:00,S-02,23.9,56.5,False
2024-02-23 18:00:00,S-02,21.17,55.0,False
2024-02-23 19:00:00,S-02,22.38,57.6,False
2024-02-23 20:00:00,S-02,22.86,50.2,False
2024-02-23 21:00:00,S-02,19.11,58.6,False
2024-02-23 22:00:00,S-02,22.1,50.5,False
2024-02-23 23:00:00,S-02,18.78,58.9,False
2024-02-24 00:00:00,S-02,19.5,55.6,False
2024-02-24 01:00:00,S-02,18.35,59.6,False
2024-02-24 02:00:00,S-02,18.98,54.7,False
2024-02-24 03:00:00,S-02,18.82,59.0,False
2024-02-24 04:00:00,S-02,19.79,57.5,False
2024-02-24 05:00:00,S-02,19.86,55.3,False
2024-02-24 06:00:00,S-02,23.6,50.1,False
2024-02-24 07:00:00,S-02,22.75,50.0,False
2024-02-24 08:00:00,S-02,24.97,49.7,False
2024-02-24 09:00:00,S-02,25.77,51.1,False
2024-02-24 10:00:00,S-02,25.61,49.7,False
2024-02-24 11:00:00,S-02,26.59,49.4,False
2024-02-24 12:00:00,S-02,26.63,52.7,False
2024-02-24 13:00:00,S-02,26.18,48.5,False
2024-02-24 14:00:00,S-02,26.24,50.3,False
2024-02-24 15:00:00,S-02,25.63,52.6,False
2024-02-24 16:00:00,S-02,23.94,53.7,False
2024-02-24 17:00:00,S-02,22.77,54.7,False
2024-02-24 18:00:00,S-02,22.13,54.6,False
2024-02-24 19:00:00,S-02,21.92,60.4,False
2024-02-24 20:00:00,S-02,22.02,54.2,False
2024-02-24 21:00:00,S-02,21.3,54.2,False
2024-02-24 22:00:00,S-02,19.74,59.0,False
2024-02-24 23:00:00,S-02,19.9,61.9,False
2024-02-25 00:00:00,S-02,19.12,62.2,False
2024-02-25 01:00:00,S-02,20.1,56.9,False
2024-02-25 02:00:00,S-02,19.73,59.7,False
2024-02-25 03:00:00,S-02,20.63,57.6,False
2024-02-25 04:00:00,S-02,20.94,56.0,False
2024-02-25 05:00:00,S-02,22.18,56.2,False
2024-02-25 06:00:00,S-02,24.83,52.9,False
2024-02-25 07:00:00,S-02,23.36,53.3,False
2024-02-25 08:00:00,S-02,25.36,55.6,False
2024-02-25 09:00:00,S-02,25.75,48.8,False
2024-02-25 10:00:00,S-02,27.71,51.8,False
2024-02-25 11:00:00,S-02,28.87,52.6,False
2024-02-25 12:00:00,S-02,27.3,54.5,False
2024-02-25 13:00:00,S-02,25.19,51.5,False
2024-02-25 14:00:00,S-02,27.64,47.2,False
2024-02-25 15:00:00,S-02,27.06,43.6,False
2024-02-25 16:00:00,S-02,24.38,51.4,False
2024-02-25 17:00:00,S-02,24.67,58.6,False
2024-02-25 18:00:00,S-02,23.83,47.6,False
2024-02-25 19:00:00,S-02,21.0,51.0,False
2024-02-25 20:00:00,S-02,22.56,56.3,False
2024-02-25 21:00:00,S-02,21.59,56.8,False
2024-02-25 22:00:00,S-02,20.85,50.4,False
2024-02-25 23:00:00,S-02,19.43,57.4,False
2024-02-26 00:00:00,S-02,19.64,58.3,False
2024-02-26 01:00:00,S-02,19.9,52.4,False
2024-02-26 02:00:00,S-02,21.28,58.2,False
2024-02-26 03:00:00,S-02,20.76,52.0,False
2024-02-26 04:00:00,S-02,23.68,55.9,False
2024-02-26 05:00:00,S-02,23.8,52.9,False
2024-02-26 06:00:00,S-02,22.77,51.5,False
2024-02-26 07:00:00,S-02,27.06,43.6,False
2024-02-26 08:00:00,S-02,26.82,47.7,False
2024-02-26 09:00:00,S-02,27.12,48.1,False
2024-02-26 10:00:00,S-02,28.35,46.5,False
2024-02-26 11:00:00,S-02,27.2,46.4,False
2024-02-26 12:00:00,S-02,29.06,45.4,False
2024-02-26 13:00:00,S-02,26.78,51.4,False
2024-02-26 14:00:00,S-02,27.62,45.0,False
2024-02-26 15:00:00,S-02,29.01,45.4,False
2024-02-26 16:00:00,S-02,28.15,48.5,False
2024-02-26 17:00:00,S-02,25.9,49.7,False
2024-02-26 18:00:00,S-02,24.4,54.2,False
2024-02-26 19:00:00,S-02,24.98,55.6,False
2024-02-26 20:00:00,S-02,23.25,51.9,False
2024-02-26 21:00:00,S-02,22.68,54.3,False
2024-02-26 22:00:00,S-02,22.43,45.1,False
2024-02-26 23:00:00,S-02,20.65,55.0,False
2024-02-27 00:00:00,S-02,22.11,56.4,False
2024-02-27 01:00:00,S-02,19.86,53.7,False
2024-02-27 02:00:00,S-02,23.27,56.9,False
2024-02-27 03:00:00,S-02,21.42,49.5,False
2024-02-27 04:00:00,S-02,23.06,57.3,False
2024-02-27 05:00:00,S-02,24.02,50.5,False
2024-02-27 06:00:00,S-02,26.24,46.3,False
2024-02-27 07:00:00,S-02,27.32,46.6,False
2024-02-27 08:00:00,S-02,27.98,46.5,False
2024-02-27 09:00:00,S-02,28.99,43.0,False
2024-02-27 10:00:00,S-02,29.58,41.2,False
2024-02-27 11:00:00,S-02,29.55,43.8,False
2024-02-27 12:00:00,S-02,28.17,49.9,False
2024-02-27 13:00:00,S-02,27.71,48.8,False
2024-02-27 14:00:00,S-02,27.33,52.1,False
2024-02-27 15:00:00,S-02,28.58,44.7,False
2024-02-27 16:00:00,S-02,27.61,46.7,False
2024-02-27 17:00:00,S-02,26.72,47.8,False
2024-02-27 18:00:00,S-02,25.99,50.1,False
2024-02-27 19:00:00,S-02,24.57,52.8,False
2024-02-27 20:00:00,S-02,22.97,58.6,False
2024-02-27 21:00:00,S-02,21.72,56.9,False
2024-02-27 22:00:00,S-02,20.75,56.4,False
2024-02-27 23:00:00,S-02,22.94,57.4,False
2024-02-28 00:00:00,S-02,22.53,51.5,False
2024-02-28 01:00:00,S-02,20.77,52.0,False
2024-02-28 02:00:00,S-02,22.06,56.4,False
2024-02-28 03:00:00,S-02,23.28,53.4,False
2024-02-28 04:00:00,S-02,25.05,51.2,False
2024-02-28 05:00:00,S-02,24.16,54.7,False
2024-02-28 06:00:00,S-02,25.82,48.9,False
2024-02-28 07:00:00,S-02,27.65,47.3,False
2024-02-28 08:00:00,S-02,26.18,50.6,False
2024-02-28 09:00:00,S-02,27.82,49.4,False
2024-02-28 10:00:00,S-02,29.0,49.0,False
2024-02-28 11:00:00,S-02,28.8,46.6,False
2024-02-28 12:00:00,S-02,31.27,44.1,False
2024-02-28 13:00:00,S-02,30.06,37.5,False
2024-02-28 14:00:00,S-02,29.07,49.6,False
2024-02-28 15:00:00,S-02,27.43,43.2,False
2024-02-28 16:00:00,S-02,28.09,47.0,False
2024-02-28 17:00:00,S-02,26.89,56.2,False
2024-02-28 18:00:00,S-02,24.85,50.0,False
2024-02-28 19:00:00,S-02,23.84,47.5,False
2024-02-28 20:00:00,S-02,21.97,59.3,False
2024-02-28 21:00:00,S-02,22.26,52.5,False
2024-02-28 22:00:00,S-02,22.36,53.5,False
2024-02-28 23:00:00,S-02,22.03,53.9,False
2024-02-29 00:00:00,S-02,21.49,57.3,False
2024-02-29 01:00:00,S-02,21.78,57.0,False
2024-02-29 02:00:00,S-02,20.95,55.3,False
2024-02-29 03:00:00,S-02,21.64,58.2,False
2024-02-29 04:00:00,S-02,23.81,49.5,False
2024-02-29 05:00:00,S-02,24.1,53.9,False
2024-02-29 06:00:00,S-02,24.04,50.1,False
2024-02-29 07:00:00,S-02,26.1,51.6,False
2024-02-29 08:00:00,S-02,27.29,46.1,False
2024-02-29 09:00:00,S-02,27.96,46.0,False
2024-02-29 10:00:00,S-02,28.04,51.6,False
2024-02-29 11:00:00,S-02,27.87,44.0,False
2024-02-29 12:00:00,S-02,28.71,42.8,False
2024-02-29 13:00:00,S-02,29.6,47.0,False
2024-02-29 14:00:00,S-02,27.86,46.6,False
2024-02-29 15:00:00,S-02,26.49,47.7,False
2024-02-29 16:00:00,S-02,26.45,48.7,False
2024-02-29 17:00:00,S-02,24.12,58.3,False
2024-02-29 18:00:00,S-02,24.25,48.6,False
2024-02-29 19:00:00,S-02,22.72,52.7,False
2024-02-29 20:00:00,S-02,22.75,54.0,False
2024-02-29 21:00:00,S-02,21.16,52.6,False
2024-02-29 22:00:00,S-02,21.26,55.2,False
2024-02-29 23:00:00,S-02,21.85,56.1,False
2024-03-01 00:00:00,S-02,19.57,54.6,False
2024-03-01 01:00:00,S-02,19.14,61.2,False
2024-03-01 02:00:00,S-02,20.57,52.7,False
2024-03-01 03:00:00,S-02,20.71,55.5,False
2024-03-01 04:00:00,S-02,21.68,55.8,False
2024-03-01 05:00:00,S-02,21.98,64.0,False
2024-03-01 06:00:00,S-02,23.94,46.8,False
2024-03-01 07:00:00,S-02,24.53,52.2,False
2024-03-01 08:00:00,S-02,23.59,60.1,False
2024-03-01 09:00:00,S-02,25.99,47.8,False
2024-03-01 10:00:00,S-02,27.06,51.6,False
2024-03-01 11:00:00,S-02,28.13,47.7,False
2024-03-01 12:00:00,S-02,26.77,44.4,False
2024-03-01 13:00:00,S-02,26.41,50.3,False
2024-03-01 14:00:00,S-02,27.61,45.0,False
2024-03-01 15:00:00,S-02,25.48,50.5,False
2024-03-01 16:00:00,S-02,25.22,46.0,False
2024-03-01 17:00:00,S-02,24.53,53.6,False
2024-03-01 18:00:00,S-02,23.7,45.1,False
2024-03-01 19:00:00,S-02,22.03,53.9,False
2024-03-01 20:00:00,S-02,20.12,60.5,False
2024-03-01 21:00:00,S-02,21.04,57.1,False
2024-03-01 22:00:00,S-02,19.18,56.7,False
2024-03-01 23:00:00,S-02,18.7,57.7,False
2024-03-02 00:00:00,S-02,20.65,54.7,False
2024-03-02 01:00:00,S-02,19.84,65.2,False
2024-03-02 02:00:00,S-02,18.62,58.3,False
2024-03-02 03:00:00,S-02,19.73,57.1,False
2024-03-02 04:00:00,S-02,20.75,53.7,False
2024-03-02 05:00:00,S-02,21.3,53.8,False
2024-03-02 06:00:00,S-02,21.36,57.0,False
2024-03-02 07:00:00,S-02,24.66,49.4,False
2024-03-02 08:00:00,S-02,25.61,47.7,False
2024-03-02 09:00:00,S-02,26.0,47.9,False
2024-03-02 10:00:00,S-02,26.11,48.4,False
2024-03-02 11:00:00,S-02,27.03,48.9,False
2024-03-02 12:00:00,S-02,27.54,46.3,False
2024-03-02 13:00:00,S-02,26.02,49.0,False
2024-03-02 14:00:00,S-02,26.23,47.1,False
2024-03-02 15:00:00,S-02,25.42,54.0,False
2024-03-02 16:00:00,S-02,25.66,50.3,False
2024-03-02 17:00:00,S-02,24.36,50.6,False
2024-03-02 18:00:00,S-02,22.05,55.2,False
2024-03-02 19:00:00,S-02,21.61,54.7,False
2024-03-02 20:00:00,S-02,22.65,48.9,False
2024-03-02 21:00:00,S-02,19.58,56.8,False
2024-03-02 22:00:00,S-02,19.91,61.9,False
2024-03-02 23:00:00,S-02,18.9,59.6,False
2024-03-03 00:00:00,S-02,20.35,59.9,False
2024-03-03 01:00:00,S-02,19.44,55.5,False
2024-03-03 02:00:00,S-02,19.57,52.9,False
2024-03-03 03:00:00,S-02,19.63,55.1,False
2024-03-03 04:00:00,S-02,21.27,59.3,False
2024-03-03 05:00:00,S-02,23.17,50.0,False
2024-03-03 06:00:00,S-02,24.12,49.5,False
2024-03-03 07:00:00,S-02,23.55,55.9,False
2024-03-03 08:00:00,S-02,26.95,47.7,False
2024-03-03 09:00:00,S-02,26.33,48.6,False
2024-03-03 10:00:00,S-02,26.35,50.3,False
2024-03-03 11:00:00,S-02,27.78,47.7,False
2024-03-03 12:00:00,S-02,27.35,47.1,False
2024-03-03 13:00:00,S-02,27.3,48.8,False
2024-03-03 14:00:00,S-02,26.91,46.4,False
2024-03-03 15:00:00,S-02,26.78,48.5,False
2024-03-03 16:00:00,S-02,25.66,52.0,False
2024-03-03 17:00:00,S-02,23.75,49.1,False
2024-03-03 18:00:00,S-02,24.62,50.6,False
2024-03-03 19:00:00,S-02,22.78,50.0,False
2024-03-03 20:00:00,S-02,23.29,55.1,False
2024-03-03 21:00:00,S-02,21.98,56.3,False
2024-03-03 22:00:00,S-02,21.46,57.9,False
2024-03-03 23:00:00,S-02,20.76,59.0,False
2024-03-04 00:00:00,S-02,21.61,57.9,False
2024-03-04 01:00:00,S-02,20.46,58.4,False
2024-03-04 02:00:00,S-02,20.36,54.0,False
2024-03-04 03:00:00,S-02,22.16,57.0,False
2024-03-04 04:00:00,S-02,20.51,53.4,False
2024-03-04 05:00:00,S-02,23.48,59.6,False
2024-03-04 06:00:00,S-02,25.06,51.6,False
2024-03-04 07:00:00,S-02,25.63,51.8,False
2024-03-04 08:00:00,S-02,28.03,43.5,False
2024-03-04 09:00:00,S-02,28.45,49.9,False
2024-03-04 10:00:00,S-02,28.66,49.9,False
2024-03-04 11:00:00,S-02,28.69,41.7,False
2024-03-04 12:00:00,S-02,30.11,43.0,False
2024-03-04 13:00:00,S-02,28.56,45.1,False
2024-03-04 14:00:00,S-02,28.43,44.7,False
2024-03-04 15:00:00,S-02,28.81,50.4,False
2024-03-04 16:00:00,S-02,27.9,53.8,False
2024-03-04 17:00:00,S-02,28.17,43.8,False
2024-03-04 18:00:00,S-02,25.32,53.6,False
2024-03-04 19:00:00,S-02,22.96,52.5,False
2024-03-04 20:00:00,S-02,24.14,55.9,False
2024-03-04 21:00:00,S-02,23.84,44.8,False
2024-03-04 22:00:00,S-02,22.07,53.0,False
2024-03-04 23:00:00,S-02,23.14,56.7,False
2024-03-05 00:00:00,S-02,23.22,50.6,False
2024-03-05 01:00:00,S-02,21.37,58.7,False
2024-03-05 02:00:00,S-02,21.96,52.9,False
2024-03-05 03:00:00,S-02,21.99,57.8,False
2024-03-05 04:00:00,S-02,24.33,53.3,False
2024-03-05 05:00:00,S-02,25.47,49.0,False
2024-03-05 06:00:00,S-02,26.44,46.8,False
2024-03-05 07:00:00,S-02,25.98,49.1,False
2024-03-05 08:00:00,S-02,27.36,51.4,False
2024-03-05 09:00:00,S-02,27.66,47.6,False
2024-03-05 10:00:00,S-02,28.16,45.0,False
2024-03-05 11:00:00,S-02,28.8,56.2,False
2024-03-05 12:00:00,S-02,28.76,41.5,False
2024-03-05 13:00:00,S-02,29.79,44.4,False
2024-03-05 14:00:00,S-02,29.9,46.5,False
2024-03-05 15:00:00,S-02,29.44,42.3,False
2024-03-05 16:00:00,S-02,28.09,47.1,False
2024-03-05 17:00:00,S-02,26.59,47.6,False
2024-03-05 18:00:00,S-02,26.1,45.0,False
2024-03-05 19:00:00,S-02,25.55,51.5,False
2024-03-05 20:00:00,S-02,23.87,48.7,False
2024-03-05 21:00:00,S-02,23.32,50.5,False
2024-03-05 22:00:00,S-02,22.38,57.6,False
2024-03-05 23:00:00,S-02,21.8,51.3,False
2024-03-06 00:00:00,S-02,22.11,56.1,False
2024-03-06 01:00:00,S-02,21.29,58.8,False
2024-03-06 02:00:00,S-02,23.46,55.6,False
2024-03-06 03:00:00,S-02,21.93,55.9,False
2024-03-06 04:00:00,S-02,24.41,50.8,False
2024-03-06 05:00:00,S-02,23.85,48.0,False
2024-03-06 06:00:00,S-02,27.23,48.5,False
2024-03-06 07:00:00,S-02,27.71,48.9,False
2024-03-06 08:00:00,S-02,27.27,46.5,False
2024-03-06 09:00:00,S-02,28.37,43.8,False
2024-03-06 10:00:00,S-02,28.41,49.3,False
2024-03-06 11:00:00,S-02,29.67,42.0,False
2024-03-06 12:00:00,S-02,30.16,45.9,False
2024-03-06 13:00:00,S-02,31.75,41.2,False
2024-03-06 14:00:00,S-02,28.09,42.0,False
2024-03-06 15:00:00,S-02,29.56,50.1,False
2024-03-06 16:00:00,S-02,27.19,50.0,False
2024-03-06 17:00:00,S-02,26.89,50.1,False
2024-03-06 18:00:00,S-02,26.32,44.9,False
2024-03-06 19:00:00,S-02,24.96,50.4,False
2024-03-06 20:00:00,S-02,23.85,53.0,False
2024-03-06 21:00:00,S-02,22.47,51.6,False
2024-03-06 22:00:00,S-02,21.94,59.4,False
2024-03-06 23:00:00,S-02,21.63,48.7,False
2024-03-07 00:00:00,S-02,22.31,56.1,False
2024-03-07 01:00:00,S-02,20.2,50.8,False
2024-03-07 02:00:00,S-02,21.35,50.4,False
2024-03-07 03:00:00,S-02,21.31,51.3,False
2024-03-07 04:00:00,S-02,22.32,55.7,False
2024-03-07 05:00:00,S-02,23.37,50.5,False
2024-03-07 06:00:00,S-02,25.92,47.6,False
2024-03-07 07:00:00,S-02,27.76,44.7,False
2024-03-07 08:00:00,S-02,28.02,42.6,False
2024-03-07 09:00:00,S-02,26.71,46.0,False
2024-03-07 10:00:00,S-02,28.33,43.7,False
2024-03-07 11:00:00,S-02,27.68,46.5,False
2024-03-07 12:00:00,S-02,29.06,44.7,False
2024-03-07 13:00:00,S-02,29.55,38.0,False
2024-03-07 14:00:00,S-02,28.53,44.5,False
2024-03-07 15:00:00,S-02,28.07,50.6,False
2024-03-07 16:00:00,S-02,26.36,47.6,False
2024-03-07 17:00:00,S-02,23.84,51.8,False
2024-03-07 18:00:00,S-02,22.74,51.2,False
2024-03-07 19:00:00,S-02,23.2,50.7,False
2024-03-07 20:00:00,S-02,22.74,53.1,False
2024-03-07 21:00:00,S-02,22.43,49.6,False
2024-03-07 22:00:00,S-02,20.41,55.6,False
2024-03-07 23:00:00,S-02,20.31,51.2,False
2024-03-08 00:00:00,S-02,20.28,57.3,False
2024-03-08 01:00:00,S-02,21.03,50.6,False
2024-03-08 02:00:00,S-02,20.45,58.0,False
2024-03-08 03:00:00,S-02,20.2,59.4,False
2024-03-08 04:00:00,S-02,22.77,48.4,False
2024-03-08 05:00:00,S-02,23.14,54.8,False
2024-03-08 06:00:00,S-02,24.11,50.4,False
2024-03-08 07:00:00,S-02,23.74,55.5,False
2024-03-08 08:00:00,S-02,25.71,48.1,False
2024-03-08 09:00:00,S-02,25.09,49.6,False
2024-03-08 10:00:00,S-02,25.45,49.1,False
2024-03-08 11:00:00,S-02,27.27,51.6,False
2024-03-08 12:00:00,S-02,27.21,42.1,False
2024-03-08 13:00:00,S-02,27.87,49.4,False
2024-03-08 14:00:00,S-02,28.15,47.0,False
2024-03-08 15:00:00,S-02,26.28,47.5,False
2024-03-08 16:00:00,S-02,26.92,47.5,False
2024-03-08 17:00:00,S-02,23.98,54.5,False
2024-03-08 18:00:00,S-02,24.03,54.1,False
2024-03-08 19:00:00,S-02,21.3,60.0,False
2024-03-08 20:00:00,S-02,21.46,52.8,False
2024-03-08 21:00:00,S-02,20.25,50.5,False
2024-03-08 22:00:00,S-02,19.69,55.2,False
2024-03-08 23:00:00,S-02,19.93,56.0,False
2024-03-09 00:00:00,S-02,17.75,57.9,False
2024-03-09 01:00:00,S-02,19.52,60.7,False
2024-03-09 02:00:00,S-02,19.15,64.4,False
2024-03-09 03:00:00,S-02,20.55,57.0,False
2024-03-09 04:00:00,S-02,21.6,49.2,False
2024-03-09 05:00:00,S-02,21.93,57.3,False
2024-03-09 06:00:00,S-02,22.97,51.0,False
2024-03-09 07:00:00,S-02,23.37,52.6,False
2024-03-09 08:00:00,S-02,25.73,52.1,False
2024-03-09 09:00:00,S-02,25.57,50.9,False
2024-03-09 10:00:00,S-02,27.13,47.7,False
2024-03-09 11:00:00,S-02,26.0,50.1,False
2024-03-09 12:00:00,S-02,28.45,48.6,False
2024-03-09 13:00:00,S-02,26.37,50.7,False
2024-03-09 14:00:00,S-02,27.77,53.4,False
2024-03-09 15:00:00,S-02,25.84,40.5,False
2024-03-09 16:00:00,S-02,25.85,47.1,False
2024-03-09 17:00:00,S-02,24.34,49.5,False
2024-03-09 18:00:00,S-02,24.01,54.1,False
2024-03-09 19:00:00,S-02,22.44,54.2,False
2024-03-09 20:00:00,S-02,22.55,56.0,False
2024-03-09 21:00:00,S-02,21.26,50.7,False
2024-03-09 22:00:00,S-02,20.66,55.0,False
2024-03-09 23:00:00,S-02,21.11,57.1,False
2024-03-10 00:00:00,S-02,19.07,57.4,False
2024-03-10 01:00:00,S-02,20.88,54.2,False
2024-03-10 02:00:00,S-02,20.31,56.9,False
2024-03-10 03:00:00,S-02,19.71,61.8,False
2024-03-10 04:00:00,S-02,22.19,47.5,False
2024-03-10 05:00:00,S-02,22.64,58.1,False
2024-03-10 06:00:00,S-02,25.27,51.0,False
2024-03-10 07:00:00,S-02,24.57,48.4,False
2024-03-10 08:00:00,S-02,26.02,51.2,False
2024-03-10 09:00:00,S-02,27.05,48.1,False
2024-03-10 10:00:00,S-02,25.98,52.9,False
2024-03-10 11:00:00,S-02,28.41,44.0,False
2024-03-10 12:00:00,S-02,27.37,50.5,False
2024-03-10 13:00:00,S-02,29.26,42.6,False
2024-03-10 14:00:00,S-02,29.12,46.5,False
2024-03-10 15:00:00,S-02,27.17,50.0,False
2024-03-10 16:00:00,S-02,25.1,50.1,False
2024-03-10 17:00:00,S-02,25.64,51.6,False
2024-03-10 18:00:00,S-02,24.66,49.1,False
2024-03-10 19:00:00,S-02,24.13,54.7,False
2024-03-10 20:00:00,S-02,22.39,52.1,False
2024-03-10 21:00:00,S-02,20.88,53.3,False
2024-03-10 22:00:00,S-02,21.16,54.7,False
2024-03-10 23:00:00,S-02,20.18,56.1,False
2024-03-11 00:00:00,S-02,22.31,51.2,False
2024-03-11 01:00:00,S-02,20.47,58.3,False
2024-03-11 02:00:00,S-02,20.98,54.9,False
2024-03-11 03:00:00,S-02,22.17,55.7,False
2024-03-11 04:00:00,S-02,22.07,49.5,False
2024-03-11 05:00:00,S-02,23.75,48.0,False
2024-03-11 06:00:00,S-02,25.09,49.6,False
2024-03-11 07:00:00,S-02,25.9,46.4,False
2024-03-11 08:00:00,S-02,27.11,47.5,False
2024-03-11 09:00:00,S-02,29.22,47.1,False
2024-03-11 10:00:00,S-02,29.25,48.7,False
2024-03-11 11:00:00,S-02,28.25,51.0,False
2024-03-11 12:00:00,S-02,29.18,47.8,False
2024-03-11 13:00:00,S-02,30.06,42.3,False
2024-03-11 14:00:00,S-02,28.57,47.8,False
2024-03-11 15:00:00,S-02,28.58,44.6,False
2024-03-11 16:00:00,S-02,27.71,48.9,False
2024-03-11 17:00:00,S-02,27.25,44.6,False
2024-03-11 18:00:00,S-02,25.68,53.7,False
2024-03-11 19:00:00,S-02,24.73,52.1,False
2024-03-11 20:00:00,S-02,23.22,51.8,False
2024-03-11 21:00:00,S-02,23.43,48.3,False
2024-03-11 22:00:00,S-02,21.78,55.2,False
2024-03-11 23:00:00,S-02,23.6,50.6,False
2024-03-12 00:00:00,S-02,22.06,54.8,False
2024-03-12 01:00:00,S-02,30.88,41.3,True
2024-03-12 02:00:00,S-02,23.33,50.9,False
2024-03-12 03:00:00,S-02,23.29,54.4,False
2024-03-12 04:00:00,S-02,24.29,55.8,False
2024-03-12 05:00:00,S-02,25.17,46.5,False
2024-03-12 06:00:00,S-02,25.68,49.1,False
2024-03-12 07:00:00,S-02,26.58,49.8,False
2024-03-12 08:00:00,S-02,27.75,46.7,False
2024-03-12 09:00:00,S-02,30.1,43.1,False
2024-03-12 10:00:00,S-02,29.31,51.8,False
2024-03-12 11:00:00,S-02,29.91,42.1,False
2024-03-12 12:00:00,S-02,30.03,45.5,False
2024-03-12 13:00:00,S-02,30.84,42.0,False
2024-03-12 14:00:00,S-02,31.51,42.4,False
2024-03-12 15:00:00,S-02,28.5,39.4,False
2024-03-12 16:00:00,S-02,28.89,48.5,False
2024-03-12 17:00:00,S-02,27.57,46.8,False
2024-03-12 18:00:00,S-02,26.2,46.2,False
2024-03-12 19:00:00,S-02,25.82,54.5,False
2024-03-12 20:00:00,S-02,23.4,51.6,False
2024-03-12 21:00:00,S-02,24.29,49.5,False
2024-03-12 22:00:00,S-02,23.15,50.2,False
2024-03-12 23:00:00,S-02,21.75,57.6,False
2024-03-13 00:00:00,S-02,23.72,52.1,False
2024-03-13 01:00:00,S-02,23.24,51.7,False
2024-03-13 02:00:00,S-02,23.88,47.9,False
2024-03-13 03:00:00,S-02,22.36,51.0,False
2024-03-13 04:00:00,S-02,24.14,52.6,False
2024-03-13 05:00:00,S-02,24.88,50.6,False
2024-03-13 06:00:00,S-02,26.83,42.3,False
2024-03-13 07:00:00,S-02,28.44,43.7,False
2024-03-13 08:00:00,S-02,26.71,49.1,False
2024-03-13 09:00:00,S-02,29.09,53.6,False
2024-03-13 10:00:00,S-02,29.58,42.7,False
2024-03-13 11:00:00,S-02,30.87,36.8,False
2024-03-13 12:00:00,S-02,30.12,46.7,False
2024-03-13 13:00:00,S-02,28.94,44.3,False
2024-03-13 14:00:00,S-02,29.39,41.3,False
2024-03-13 15:00:00,S-02,28.03,48.6,False
2024-03-13 16:00:00,S-02,27.37,47.0,False
2024-03-13 17:00:00,S-02,27.04,45.2,False
2024-03-13 18:00:00,S-02,25.53,45.9,False
2024-03-13 19:00:00,S-02,25.08,50.0,False
2024-03-13 20:00:00,S-02,22.6,53.6,False
2024-03-13 21:00:00,S-02,24.87,45.3,False
2024-03-13 22:00:00,S-02,23.32,55.5,False
2024-03-13 23:00:00,S-02,22.43,49.8,False
2024-03-14 00:00:00,S-02,20.6,60.0,False
2024-03-14 01:00:00,S-02,19.98,57.5,False
2024-03-14 02:00:00,S-02,21.39,54.3,False
2024-03-14 03:00:00,S-02,22.49,54.5,False
2024-03-14 04:00:00,S-02,25.28,48.4,False
2024-03-14 05:00:00,S-02,25.44,49.8,False
2024-03-14 06:00:00,S-02,34.55,44.0,True
2024-03-14 07:00:00,S-02,27.32,46.0,False
2024-03-14 08:00:00,S-02,28.24,49.1,False
2024-03-14 09:00:00,S-02,28.03,44.2,False
2024-03-14 10:00:00,S-02,29.6,44.9,False
2024-03-14 11:00:00,S-02,29.22,48.3,False
2024-03-14 12:00:00,S-02,28.49,42.7,False
2024-03-14 13:00:00,S-02,27.88,48.1,False
2024-03-14 14:00:00,S-02,28.28,40.1,False
2024-03-14 15:00:00,S-02,28.51,42.8,False
2024-03-14 16:00:00,S-02,25.7,48.4,False
2024-03-14 17:00:00,S-02,24.48,53.8,False
2024-03-14 18:00:00,S-02,25.16,52.5,False
2024-03-14 19:00:00,S-02,21.4,52.1,False
2024-03-14 20:00:00,S-02,24.09,51.2,False
2024-03-14 21:00:00,S-02,21.36,55.4,False
2024-03-14 22:00:00,S-02,21.64,49.8,False
2024-03-14 23:00:00,S-02,22.11,55.2,False
2024-03-15 00:00:00,S-02,19.21,61.5,False
2024-03-15 01:00:00,S-02,19.63,60.7,False
2024-03-15 02:00:00,S-02,22.68,51.5,False
2024-03-15 03:00:00,S-02,21.2,53.8,False
2024-03-15 04:00:00,S-02,22.11,51.2,False
2024-03-15 05:00:00,S-02,23.32,51.0,False
2024-03-15 06:00:00,S-02,24.99,49.8,False
2024-03-15 07:00:00,S-02,26.21,51.1,False
2024-03-15 08:00:00,S-02,26.14,49.4,False
2024-03-15 09:00:00,S-02,26.56,45.8,False
2024-03-15 10:00:00,S-02,27.41,50.1,False
2024-03-15 11:00:00,S-02,28.05,49.5,False
2024-03-15 12:00:00,S-02,28.97,43.9,False
2024-03-15 13:00:00,S-02,27.85,46.3,False
2024-03-15 14:00:00,S-02,28.79,45.6,False
2024-03-15 15:00:00,S-02,25.94,44.4,False
2024-03-15 16:00:00,S-02,26.22,49.4,False
2024-03-15 17:00:00,S-02,26.23,51.0,False
2024-03-15 18:00:00,S-02,24.79,56.6,False
2024-03-15 19:00:00,S-02,22.95,53.5,False
2024-03-15 20:00:00,S-02,20.97,54.5,False
2024-03-15 21:00:00,S-02,20.27,55.7,False
2024-03-15 22:00:00,S-02,20.07,58.3,False
2024-03-15 23:00:00,S-02,20.04,58.8,False
2024-03-16 00:00:00,S-02,19.43,54.6,False
2024-03-16 01:00:00,S-02,18.57,58.8,False
2024-03-16 02:00:00,S-02,19.55,59.0,False
2024-03-16 03:00:00,S-02,21.21,49.0,False
2024-03-16 04:00:00,S-02,22.3,57.9,False
2024-03-16 05:00:00,S-02,21.43,54.1,False
2024-03-16 06:00:00,S-02,23.31,55.1,False
2024-03-16 07:00:00,S-02,23.28,52.4,False
2024-03-16 08:00:00,S-02,25.16,49.6,False
2024-03-16 09:00:00,S-02,29.35,45.1,False
2024-03-16 10:00:00,S-02,27.15,48.8,False
2024-03-16 11:00:00,S-02,27.23,50.4,False
2024-03-16 12:00:00,S-02,27.18,47.1,False
2024-03-16 13:00:00,S-02,26.55,45.3,False
2024-03-16 14:00:00,S-02,25.64,47.7,False
2024-03-16 15:00:00,S-02,26.51,45.8,False
2024-03-16 16:00:00,S-02,25.51,52.2,False
2024-03-16 17:00:00,S-02,26.0,46.4,False
2024-03-16 18:00:00,S-02,22.45,58.1,False
2024-03-16 19:00:00,S-02,23.13,53.2,False
2024-03-16 20:00:00,S-02,22.94,52.7,False
2024-03-16 21:00:00,S-02,19.44,61.1,False
2024-03-16 22:00:00,S-02,20.98,54.2,False
2024-03-16 23:00:00,S-02,18.76,57.1,False
2024-03-17 00:00:00,S-02,20.4,58.4,False
2024-03-17 01:00:00,S-02,21.36,57.1,False
2024-03-17 02:00:00,S-02,20.59,52.8,False
2024-03-17 03:00:00,S-02,21.5,62.1,False
2024-03-17 04:00:00,S-02,21.57,56.4,False
2024-03-17 05:00:00,S-02,23.38,48.7,False
2024-03-17 06:00:00,S-02,25.15,49.8,False
2024-03-17 07:00:00,S-02,25.16,53.1,False
2024-03-17 08:00:00,S-02,26.21,49.8,False
2024-03-17 09:00:00,S-02,27.52,50.1,False
2024-03-17 10:00:00,S-02,28.56,53.4,False
2024-03-17 11:00:00,S-02,26.99,50.9,False
2024-03-17 12:00:00,S-02,28.57,52.3,False
2024-03-17 13:00:00,S-02,27.88,49.1,False
2024-03-17 14:00:00,S-02,28.5,44.4,False
2024-03-17 15:00:00,S-02,28.36,51.1,False
2024-03-17 16:00:00,S-02,26.99,46.1,False
2024-03-17 17:00:00,S-02,26.89,51.2,False
2024-03-17 18:00:00,S-02,24.04,53.7,False
2024-03-17 19:00:00,S-02,23.54,49.8,False
2024-03-17 20:00:00,S-02,22.16,51.9,False
2024-03-17 21:00:00,S-02,22.24,53.4,False
2024-03-17 22:00:00,S-02,21.69,55.8,False
2024-03-17 23:00:00,S-02,21.11,59.3,False
2024-03-18 00:00:00,S-02,20.2,56.6,False
2024-03-18 01:00:00,S-02,21.33,60.7,False
2024-03-18 02:00:00,S-02,21.49,57.4,False
2024-03-18 03:00:00,S-02,23.04,51.0,False
2024-03-18 04:00:00,S-02,23.21,50.9,False
2024-03-18 05:00:00,S-02,25.4,50.4,False
2024-03-18 06:00:00,S-02,25.73,48.2,False
2024-03-18 07:00:00,S-02,25.11,50.2,False
2024-03-18 08:00:00,S-02,27.51,50.0,False
2024-03-18 09:00:00,S-02,27.37,48.6,False
2024-03-18 10:00:00,S-02,30.02,47.6,False
2024-03-18 11:00:00,S-02,30.86,41.6,False
2024-03-18 12:00:00,S-02,29.85,42.3,False
2024-03-18 13:00:00,S-02,30.15,40.3,False
2024-03-18 14:00:00,S-02,28.26,41.4,False
2024-03-18 15:00:00,S-02,27.01,46.9,False
2024-03-18 16:00:00,S-02,27.62,47.7,False
2024-03-18 17:00:00,S-02,26.95,47.7,False
2024-03-18 18:00:00,S-02,24.93,50.8,False
2024-03-18 19:00:00,S-02,25.25,56.5,False
2024-03-18 20:00:00,S-02,24.51,48.0,False
2024-03-18 21:00:00,S-02,24.0,51.1,False
2024-03-18 22:00:00,S-02,24.14,50.3,False
2024-03-18 23:00:00,S-02,23.18,50.2,False
2024-03-19 00:00:00,S-02,22.12,58.2,False
2024-03-19 01:00:00,S-02,22.68,53.4,False
2024-03-19 02:00:00,S-02,23.52,56.2,False
2024-03-19 03:00:00,S-02,22.84,49.9,False
2024-03-19 04:00:00,S-02,25.64,55.6,False
2024-03-19 05:00:00,S-02,26.28,56.0,False
2024-03-19 06:00:00,S-02,26.42,46.4,False
2024-03-19 07:00:00,S-02,27.15,48.1,False
2024-03-19 08:00:00,S-02,31.77,42.2,False
2024-03-19 09:00:00,S-02,30.2,46.2,False
2024-03-19 10:00:00,S-02,30.93,39.7,False
2024-03-19 11:00:00,S-02,32.05,43.7,False
2024-03-19 12:00:00,S-02,31.54,45.1,False
2024-03-19 13:00:00,S-02,30.78,42.0,False
2024-03-19 14:00:00,S-02,30.8,37.0,False
2024-03-19 15:00:00,S-02,28.85,44.1,False
2024-03-19 16:00:00,S-02,29.36,44.3,False
2024-03-19 17:00:00,S-02,26.56,51.2,False
2024-03-19 18:00:00,S-02,27.13,46.3,False
2024-03-19 19:00:00,S-02,26.21,45.8,False
2024-03-19 20:00:00,S-02,23.51,54.4,False
2024-03-19 21:00:00,S-02,25.52,51.2,False
2024-03-19 22:00:00,S-02,22.37,56.1,False
2024-03-19 23:00:00,S-02,23.76,52.4,False
2024-03-20 00:00:00,S-02,22.33,57.1,False
2024-03-20 01:00:00,S-02,23.14,54.5,False
2024-03-20 02:00:00,S-02,22.73,48.1,False
2024-03-20 03:00:00,S-02,25.93,50.2,False
2024-03-20 04:00:00,S-02,25.55,52.4,False
2024-03-20 05:00:00,S-02,27.13,48.3,False
2024-03-20 06:00:00,S-02,27.31,52.4,False
2024-03-20 07:00:00,S-02,28.25,45.5,False
2024-03-20 08:00:00,S-02,28.74,48.3,False
2024-03-20 09:00:00,S-02,29.22,42.0,False
2024-03-20 10:00:00,S-02,30.53,44.1,False
2024-03-20 11:00:00,S-02,30.53,42.5,False
2024-03-20 12:00:00,S-02,30.38,41.3,False
2024-03-20 13:00:00,S-02,29.2,41.8,False
2024-03-20 14:00:00,S-02,29.65,45.8,False
2024-03-20 15:00:00,S-02,29.72,46.4,False
2024-03-20 16:00:00,S-02,27.97,45.3,False
2024-03-20 17:00:00,S-02,27.64,43.9,False
2024-03-20 18:00:00,S-02,26.16,46.7,False
2024-03-20 19:00:00,S-02,24.36,53.8,False
2024-03-20 20:00:00,S-02,23.45,49.0,False
2024-03-20 21:00:00,S-02,22.71,56.9,False
2024-03-20 22:00:00,S-02,22.4,48.9,False
2024-03-20 23:00:00,S-02,21.98,55.2,False
2024-03-21 00:00:00,S-02,22.93,55.2,False
2024-03-21 01:00:00,S-02,21.21,59.0,False
2024-03-21 02:00:00,S-02,20.77,54.5,False
2024-03-21 03:00:00,S-02,23.59,50.1,False
2024-03-21 04:00:00,S-02,23.44,48.4,False
2024-03-21 05:00:00,S-02,24.62,53.9,False
2024-03-21 06:00:00,S-02,27.8,47.0,False
2024-03-21 07:00:00,S-02,27.89,45.9,False
2024-03-21 08:00:00,S-02,28.08,45.8,False
2024-03-21 09:00:00,S-02,29.15,46.5,False
2024-03-21 10:00:00,S-02,29.05,46.0,False
2024-03-21 11:00:00,S-02,30.09,48.2,False
2024-03-21 12:00:00,S-02,28.88,39.6,False
2024-03-21 13:00:00,S-02,28.61,49.0,False
2024-03-21 14:00:00,S-02,28.36,45.1,False
2024-03-21 15:00:00,S-02,29.35,45.3,False
2024-03-21 16:00:00,S-02,28.45,45.7,False
2024-03-21 17:00:00,S-02,25.66,49.7,False
2024-03-21 18:00:00,S-02,26.02,51.8,False
2024-03-21 19:00:00,S-02,23.85,52.8,False
2024-03-21 20:00:00,S-02,23.84,47.8,False
2024-03-21 21:00:00,S-02,21.82,54.4,False
2024-03-21 22:00:00,S-02,22.18,53.9,False
2024-03-21 23:00:00,S-02,20.86,56.9,False
2024-03-22 00:00:00,S-02,20.53,56.3,False
2024-03-22 01:00:00,S-02,20.83,55.5,False
2024-03-22 02:00:00,S-02,21.33,58.2,False
2024-03-22 03:00:00,S-02,21.32,51.9,False
2024-03-22 04:00:00,S-02,21.45,61.6,False
2024-03-22 05:00:00,S-02,24.89,49.2,False
2024-03-22 06:00:00,S-02,24.17,48.7,False
2024-03-22 07:00:00,S-02,23.99,54.3,False
2024-03-22 08:00:00,S-02,24.55,54.5,False
2024-03-22 09:00:00,S-02,24.9,54.7,False
2024-03-22 10:00:00,S-02,27.3,52.4,False
2024-03-22 11:00:00,S-02,29.28,47.1,False
2024-03-22 12:00:00,S-02,26.93,48.7,False
2024-03-22 13:00:00,S-02,27.84,48.5,False
2024-03-22 14:00:00,S-02,26.16,49.4,False
2024-03-22 15:00:00,S-02,27.91,45.7,False
2024-03-22 16:00:00,S-02,26.45,53.9,False
2024-03-22 17:00:00,S-02,25.43,55.7,False
2024-03-22 18:00:00,S-02,25.21,50.6,False
2024-03-22 19:00:00,S-02,24.4,50.8,False
2024-03-22 20:00:00,S-02,22.91,51.8,False
2024-03-22 21:00:00,S-02,20.74,50.9,False
2024-03-22 22:00:00,S-02,19.48,55.4,False
2024-03-22 23:00:00,S-02,19.29,56.1,False
2024-03-23 00:00:00,S-02,18.56,58.5,False
2024-03-23 01:00:00,S-02,21.62,51.9,False
2024-03-23 02:00:00,S-02,20.37,50.6,False
2024-03-23 03:00:00,S-02,21.26,57.2,False
2024-03-23 04:00:00,S-02,22.14,59.4,False
2024-03-23 05:00:00,S-02,24.6,44.9,False
2024-03-23 06:00:00,S-02,23.52,52.2,False
2024-03-23 07:00:00,S-02,25.99,52.2,False
2024-03-23 08:00:00,S-02,26.24,45.8,False
2024-03-23 09:00:00,S-02,26.7,44.5,False
2024-03-23 10:00:00,S-02,25.89,49.8,False
2024-03-23 11:00:00,S-02,28.64,45.7,False
2024-03-23 12:00:00,S-02,27.42,46.0,False
2024-03-23 13:00:00,S-02,27.53,52.7,False
2024-03-23 14:00:00,S-02,27.71,52.0,False
2024-03-23 15:00:00,S-02,26.99,50.4,False
2024-03-23 16:00:00,S-02,27.03,48.2,False
2024-03-23 17:00:00,S-02,24.61,50.3,False
2024-03-23 18:00:00,S-02,24.29,54.3,False
2024-03-23 19:00:00,S-02,23.38,52.1,False
2024-03-23 20:00:00,S-02,22.23,58.6,False
2024-03-23 21:00:00,S-02,21.97,58.2,False
2024-03-23 22:00:00,S-02,20.6,54.3,False
2024-03-23 23:00:00,S-02,21.44,57.4,False
2024-03-24 00:00:00,S-02,19.76,61.8,False
2024-03-24 01:00:00,S-02,19.33,59.6,False
2024-03-24 02:00:00,S-02,20.92,52.9,False
2024-03-24 03:00:00,S-02,22.61,52.9,False
2024-03-24 04:00:00,S-02,22.08,53.4,False
2024-03-24 05:00:00,S-02,23.0,53.6,False
2024-03-24 06:00:00,S-02,24.31,51.8,False
2024-03-24 07:00:00,S-02,25.81,48.9,False
2024-03-24 08:00:00,S-02,26.54,51.6,False
2024-03-24 09:00:00,S-02,27.82,51.6,False
2024-03-24 10:00:00,S-02,26.84,47.0,False
2024-03-24 11:00:00,S-02,29.94,40.6,False
2024-03-24 12:00:00,S-02,29.37,46.8,False
2024-03-24 13:00:00,S-02,28.1,47.2,False
2024-03-24 14:00:00,S-02,29.59,46.7,False
2024-03-24 15:00:00,S-02,28.25,45.0,False
2024-03-24 16:00:00,S-02,28.32,47.8,False
2024-03-24 17:00:00,S-02,25.23,47.9,False
2024-03-24 18:00:00,S-02,26.59,52.3,False
2024-03-24 19:00:00,S-02,24.28,56.9,False
2024-03-24 20:00:00,S-02,21.64,52.2,False
2024-03-24 21:00:00,S-02,23.18,45.3,False
2024-03-24 22:00:00,S-02,21.74,53.4,False
2024-03-24 23:00:00,S-02,20.81,54.4,False
2024-03-25 00:00:00,S-02,21.39,55.9,False
2024-03-25 01:00:00,S-02,20.16,56.8,False
2024-03-25 02:00:00,S-02,22.7,55.2,False
2024-03-25 03:00:00,S-02,22.73,61.8,False
2024-03-25 04:00:00,S-02,23.58,51.0,False
2024-03-25 05:00:00,S-02,25.98,48.7,False
2024-03-25 06:00:00,S-02,25.94,51.2,False
2024-03-25 07:00:00,S-02,26.46,43.7,False
2024-03-25 08:00:00,S-02,27.24,50.7,False
2024-03-25 09:00:00,S-02,28.86,44.5,False
2024-03-25 10:00:00,S-02,30.48,40.1,False
2024-03-25 11:00:00,S-02,29.57,43.0,False
2024-03-25 12:00:00,S-02,29.39,47.3,False
2024-03-25 13:00:00,S-02,30.92,46.4,False
2024-03-25 14:00:00,S-02,29.86,48.9,False
2024-03-25 15:00:00,S-02,29.2,47.3,False
2024-03-25 16:00:00,S-02,30.16,42.7,False
2024-03-25 17:00:00,S-02,26.53,50.9,False
2024-03-25 18:00:00,S-02,26.7,48.8,False
2024-03-25 19:00:00,S-02,24.08,59.1,False
2024-03-25 20:00:00,S-02,24.38,45.6,False
2024-03-25 21:00:00,S-02,24.32,56.7,False
2024-03-25 22:00:00,S-02,24.17,54.3,False
2024-03-25 23:00:00,S-02,21.84,56.1,False
2024-03-26 00:00:00,S-02,23.47,52.6,False
2024-03-26 01:00:00,S-02,23.6,51.0,False
2024-03-26 02:00:00,S-02,23.29,50.2,False
2024-03-26 03:00:00,S-02,26.09,45.1,False
2024-03-26 04:00:00,S-02,24.92,57.3,False
2024-03-26 05:00:00,S-02,25.19,53.7,False
2024-03-26 06:00:00,S-02,27.33,50.3,False
2024-03-26 07:00:00,S-02,26.5,50.4,False
2024-03-26 08:00:00,S-02,30.31,39.0,False
2024-03-26 09:00:00,S-02,30.69,43.4,False
2024-03-26 10:00:00,S-02,30.2,45.2,False
2024-03-26 11:00:00,S-02,31.45,46.8,False
2024-03-26 12:00:00,S-02,31.54,40.2,False
2024-03-26 13:00:00,S-02,32.57,42.8,False
2024-03-26 14:00:00,S-02,30.08,44.3,False
2024-03-26 15:00:00,S-02,28.9,46.5,False
2024-03-26 16:00:00,S-02,27.47,45.8,False
2024-03-26 17:00:00,S-02,27.94,48.7,False
2024-03-26 18:00:00,S-02,25.86,50.3,False
2024-03-26 19:00:00,S-02,25.97,44.3,False
2024-03-26 20:00:00,S-02,25.49,54.2,False
2024-03-26 21:00:00,S-02,23.95,59.0,False
2024-03-26 22:00:00,S-02,22.9,51.0,False
2024-03-26 23:00:00,S-02,24.25,55.5,False
2024-03-27 00:00:00,S-02,22.96,50.6,False
2024-03-27 01:00:00,S-02,23.44,51.4,False
2024-03-27 02:00:00,S-02,24.42,57.1,False
2024-03-27 03:00:00,S-02,23.18,53.9,False
2024-03-27 04:00:00,S-02,24.31,56.5,False
2024-03-27 05:00:00,S-02,28.07,48.3,False
2024-03-27 06:00:00,S-02,26.89,51.9,False
2024-03-27 07:00:00,S-02,27.18,48.0,False
2024-03-27 08:00:00,S-02,28.77,50.9,False
2024-03-27 09:00:00,S-02,29.31,51.3,False
2024-03-27 10:00:00,S-02,29.37,47.9,False
2024-03-27 11:00:00,S-02,30.42,43.0,False
2024-03-27 12:00:00,S-02,30.84,43.0,False
2024-03-27 13:00:00,S-02,30.68,41.5,False
2024-03-27 14:00:00,S-02,30.7,46.1,False
2024-03-27 15:00:00,S-02,28.15,48.9,False
2024-03-27 16:00:00,S-02,27.48,46.1,False
2024-03-27 17:00:00,S-02,28.36,49.9,False
2024-03-27 18:00:00,S-02,26.27,47.9,False
2024-03-27 19:00:00,S-02,26.56,54.8,False
2024-03-27 20:00:00,S-02,24.8,53.9,False
2024-03-27 21:00:00,S-02,22.51,58.9,False
2024-03-27 22:00:00,S-02,23.43,50.9,False
2024-03-27 23:00:00,S-02,21.71,52.1,False
2024-03-28 00:00:00,S-02,22.57,48.6,False
2024-03-28 01:00:00,S-02,23.46,55.0,False
2024-03-28 02:00:00,S-02,24.54,48.4,False
2024-03-28 03:00:00,S-02,23.32,57.2,False
2024-03-28 04:00:00,S-02,24.73,52.0,False
2024-03-28 05:00:00,S-02,25.32,53.1,False
2024-03-28 06:00:00,S-02,26.71,45.3,False
2024-03-28 07:00:00,S-02,24.94,49.5,False
2024-03-28 08:00:00,S-02,27.63,48.6,False
2024-03-28 09:00:00,S-02,28.96,48.7,False
2024-03-28 10:00:00,S-02,29.69,41.7,False
2024-03-28 11:00:00,S-02,29.03,47.4,False
2024-03-28 12:00:00,S-02,30.41,42.2,False
2024-03-28 13:00:00,S-02,30.45,47.1,False
2024-03-28 14:00:00,S-02,29.15,45.6,False
2024-03-28 15:00:00,S-02,28.21,46.5,False
2024-03-28 16:00:00,S-02,27.22,49.9,False
2024-03-28 17:00:00,S-02,26.61,52.7,False
2024-03-28 18:00:00,S-02,26.38,48.8,False
2024-03-28 19:00:00,S-02,25.56,54.2,False
2024-03-28 20:00:00,S-02,22.92,50.7,False
2024-03-28 21:00:00,S-02,21.66,56.1,False
2024-03-28 22:00:00,S-02,21.09,52.6,False
2024-03-28 23:00:00,S-02,22.1,55.3,False
2024-03-29 00:00:00,S-02,21.29,52.9,False
2024-03-29 01:00:00,S-02,21.44,55.6,False
2024-03-29 02:00:00,S-02,21.94,56.7,False
2024-03-29 03:00:00,S-02,22.45,51.4,False
2024-03-29 04:00:00,S-02,22.82,48.6,False
2024-03-29 05:00:00,S-02,22.99,53.1,False
2024-03-29 06:00:00,S-02,24.33,53.6,False
2024-03-29 07:00:00,S-02,25.93,50.8,False
2024-03-29 08:00:00,S-02,27.08,46.0,False
2024-03-29 09:00:00,S-02,27.24,51.0,False
2024-03-29 10:00:00,S-02,27.8,47.0,False
2024-03-29 11:00:00,S-02,29.63,47.9,False
2024-03-29 12:00:00,S-02,28.23,44.7,False
2024-03-29 13:00:00,S-02,28.62,48.2,False
2024-03-29 14:00:00,S-02,27.75,51.4,False
2024-03-29 15:00:00,S-02,26.64,47.3,False
2024-03-29 16:00:00,S-02,25.25,50.0,False
2024-03-29 17:00:00,S-02,25.06,53.0,False
2024-03-29 18:00:00,S-02,23.77,54.2,False
2024-03-29 19:00:00,S-02,24.08,53.4,False
2024-03-29 20:00:00,S-02,21.46,55.1,False
2024-03-29 21:00:00,S-02,21.22,51.1,False
2024-03-29 22:00:00,S-02,21.44,55.4,False
2024-03-29 23:00:00,S-02,20.4,52.9,False
2024-03-30 00:00:00,S-02,20.75,56.5,False
2024-03-30 01:00:00,S-02,21.15,48.8,False
2024-03-30 02:00:00,S-02,19.5,62.1,False
2024-03-30 03:00:00,S-02,21.15,61.5,False
2024-03-30 04:00:00,S-02,21.53,56.7,False
2024-03-30 05:00:00,S-02,24.39,49.4,False
2024-03-30 06:00:00,S-02,24.22,51.2,False
2024-03-30 07:00:00,S-02,25.76,52.9,False
2024-03-30 08:00:00,S-02,27.72,49.9,False
2024-03-30 09:00:00,S-02,26.87,46.9,False
2024-03-30 10:00:00,S-02,27.87,51.3,False
2024-03-30 11:00:00,S-02,28.55,49.1,False
2024-03-30 12:00:00,S-02,28.15,49.0,False
2024-03-30 13:00:00,S-02,29.27,45.0,False
2024-03-30 14:00:00,S-02,28.53,46.9,False
2024-03-30 15:00:00,S-02,28.07,45.4,False
2024-03-30 16:00:00,S-02,26.48,50.0,False
2024-03-30 17:00:00,S-02,16.38,59.5,True
2024-03-30 18:00:00,S-02,24.2,55.6,False
2024-03-30 19:00:00,S-02,23.18,53.5,False
2024-03-30 20:00:00,S-02,21.21,56.3,False
2024-03-30 21:00:00,S-02,22.04,55.7,False
2024-03-30 22:00:00,S-02,21.81,55.9,False
2024-03-30 23:00:00,S-02,20.77,52.0,False
2024-03-31 00:00:00,S-02,20.28,60.6,False
2024-03-31 01:00:00,S-02,20.88,56.4,False
2024-03-31 02:00:00,S-02,21.48,53.8,False
2024-03-31 03:00:00,S-02,22.24,51.6,False
2024-03-31 04:00:00,S-02,24.3,50.0,False
2024-03-31 05:00:00,S-02,23.15,51.6,False
2024-03-31 06:00:00,S-02,25.23,50.9,False
2024-03-31 07:00:00,S-02,33.52,38.4,True
2024-03-31 08:00:00,S-02,27.09,49.0,False
2024-03-31 09:00:00,S-02,27.71,48.3,False
2024-03-31 10:00:00,S-02,27.75,45.8,False
2024-03-31 11:00:00,S-02,28.55,53.5,False
2024-03-31 12:00:00,S-02,29.8,45.0,False
2024-03-31 13:00:00,S-02,30.32,45.8,False
2024-03-31 14:00:00,S-02,28.26,47.6,False
2024-03-31 15:00:00,S-02,28.6,46.3,False
2024-03-31 16:00:00,S-02,27.86,49.7,False
2024-03-31 17:00:00,S-02,27.35,52.4,False
2024-03-31 18:00:00,S-02,25.75,50.0,False
2024-03-31 19:00:00,S-02,24.93,48.7,False
2024-03-31 20:00:00,S-02,24.39,53.5,False
2024-03-31 21:00:00,S-02,21.95,48.4,False
2024-03-31 22:00:00,S-02,22.36,54.8,False
2024-03-31 23:00:00,S-02,20.55,55.9,False
2024-04-01 00:00:00,S-02,20.3,57.7,False
2024-04-01 01:00:00,S-02,21.43,50.9,False
2024-04-01 02:00:00,S-02,21.3,54.2,False
2024-04-01 03:00:00,S-02,23.65,49.7,False
2024-04-01 04:00:00,S-02,24.94,49.6,False
2024-04-01 05:00:00,S-02,24.9,53.0,False
2024-04-01 06:00:00,S-02,26.13,49.1,False
2024-04-01 07:00:00,S-02,27.15,46.7,False
2024-04-01 08:00:00,S-02,28.14,50.8,False
2024-04-01 09:00:00,S-02,29.35,45.9,False
2024-04-01 10:00:00,S-02,30.21,38.8,False
2024-04-01 11:00:00,S-02,30.01,42.0,False
2024-04-01 12:00:00,S-02,29.94,46.3,False
2024-04-01 13:00:00,S-02,30.07,46.3,False
2024-04-01 14:00:00,S-02,30.79,44.8,False
2024-04-01 15:00:00,S-02,29.21,46.8,False
2024-04-01 16:00:00,S-02,29.95,42.4,False
2024-04-01 17:00:00,S-02,27.66,47.5,False
2024-04-01 18:00:00,S-02,27.97,43.9,False
2024-04-01 19:00:00,S-02,24.91,48.6,False
2024-04-01 20:00:00,S-02,24.4,49.0,False
2024-04-01 21:00:00,S-02,24.56,49.0,False
2024-04-01 22:00:00,S-02,23.97,51.2,False
2024-04-01 23:00:00,S-02,23.09,52.6,False
2024-04-02 00:00:00,S-02,24.76,48.9,False
2024-04-02 01:00:00,S-02,23.35,56.1,False
2024-04-02 02:00:00,S-02,23.96,50.9,False
2024-04-02 03:00:00,S-02,23.93,56.8,False
2024-04-02 04:00:00,S-02,26.59,52.0,False
2024-04-02 05:00:00,S-02,26.94,45.0,False
2024-04-02 06:00:00,S-02,27.64,50.4,False
2024-04-02 07:00:00,S-02,27.05,44.3,False
2024-04-02 08:00:00,S-02,29.65,49.6,False
2024-04-02 09:00:00,S-02,29.83,46.1,False
2024-04-02 10:00:00,S-02,31.18,40.6,False
2024-04-02 11:00:00,S-02,32.01,36.0,False
2024-04-02 12:00:00,S-02,30.83,42.7,False
2024-04-02 13:00:00,S-02,31.48,39.1,False
2024-04-02 14:00:00,S-02,31.63,46.2,False
2024-04-02 15:00:00,S-02,30.42,40.7,False
2024-04-02 16:00:00,S-02,29.21,45.1,False
2024-04-02 17:00:00,S-02,27.66,49.1,False
2024-04-02 18:00:00,S-02,26.94,48.5,False
2024-04-02 19:00:00,S-02,25.42,51.1,False
2024-04-02 20:00:00,S-02,26.27,48.6,False
2024-04-02 21:00:00,S-02,24.73,53.3,False
2024-04-02 22:00:00,S-02,23.03,50.4,False
2024-04-02 23:00:00,S-02,23.59,54.2,False
2024-04-03 00:00:00,S-02,29.02,42.4,True
2024-04-03 01:00:00,S-02,20.94,56.2,False
2024-04-03 02:00:00,S-02,24.93,47.5,False
2024-04-03 03:00:00,S-02,25.52,49.6,False
2024-04-03 04:00:00,S-02,24.21,53.5,False
2024-04-03 05:00:00,S-02,25.76,53.5,False
2024-04-03 06:00:00,S-02,27.52,42.5,False
2024-04-03 07:00:00,S-02,28.06,44.9,False
2024-04-03 08:00:00,S-02,28.62,43.6,False
2024-04-03 09:00:00,S-02,29.69,48.7,False
2024-04-03 10:00:00,S-02,30.52,41.6,False
2024-04-03 11:00:00,S-02,30.64,46.1,False
2024-04-03 12:00:00,S-02,31.35,41.6,False
2024-04-03 13:00:00,S-02,30.83,39.5,False
2024-04-03 14:00:00,S-02,29.97,45.1,False
2024-04-03 15:00:00,S-02,29.93,41.5,False
2024-04-03 16:00:00,S-02,27.71,49.7,False
2024-04-03 17:00:00,S-02,29.2,48.2,False
2024-04-03 18:00:00,S-02,25.56,54.0,False
2024-04-03 19:00:00,S-02,25.81,46.8,False
2024-04-03 20:00:00,S-02,25.15,55.3,False
2024-04-03 21:00:00,S-02,24.33,54.4,False
2024-04-03 22:00:00,S-02,23.53,47.2,False
2024-04-03 23:00:00,S-02,23.88,58.7,False
2024-04-04 00:00:00,S-02,21.78,59.6,False
2024-04-04 01:00:00,S-02,22.72,50.4,False
2024-04-04 02:00:00,S-02,23.24,53.9,False
2024-04-04 03:00:00,S-02,23.31,48.8,False
2024-04-04 04:00:00,S-02,24.01,51.6,False
2024-04-04 05:00:00,S-02,26.43,49.6,False
2024-04-04 06:00:00,S-02,25.81,51.6,False
2024-04-04 07:00:00,S-02,26.98,46.0,False
2024-04-04 08:00:00,S-02,28.05,47.0,False
2024-04-04 09:00:00,S-02,28.88,43.4,False
2024-04-04 10:00:00,S-02,29.76,46.2,False
2024-04-04 11:00:00,S-02,29.81,47.0,False
2024-04-04 12:00:00,S-02,30.36,44.6,False
2024-04-04 13:00:00,S-02,29.98,48.2,False
2024-04-04 14:00:00,S-02,29.8,47.2,False
2024-04-04 15:00:00,S-02,29.82,46.1,False
2024-04-04 16:00:00,S-02,27.17,51.6,False
2024-04-04 17:00:00,S-02,28.14,43.3,False
2024-04-04 18:00:00,S-02,25.38,50.2,False
2024-04-04 19:00:00,S-02,25.18,45.3,False
2024-04-04 20:00:00,S-02,23.76,52.2,False
2024-04-04 21:00:00,S-02,22.51,52.4,False
2024-04-04 22:00:00,S-02,20.5,58.6,False
2024-04-04 23:00:00,S-02,22.9,52.0,False
2024-04-05 00:00:00,S-02,20.82,53.9,False
2024-04-05 01:00:00,S-02,20.89,55.4,False
2024-04-05 02:00:00,S-02,22.72,53.1,False
2024-04-05 03:00:00,S-02,22.52,55.3,False
2024-04-05 04:00:00,S-02,24.76,48.5,False
2024-04-05 05:00:00,S-02,25.51,45.7,False
2024-04-05 06:00:00,S-02,25.72,45.2,False
2024-04-05 07:00:00,S-02,26.35,52.6,False
2024-04-05 08:00:00,S-02,27.68,43.8,False
2024-04-05 09:00:00,S-02,26.81,47.2,False
2024-04-05 10:00:00,S-02,28.6,43.2,False
2024-04-05 11:00:00,S-02,28.95,48.6,False
2024-04-05 12:00:00,S-02,28.55,44.8,False
2024-04-05 13:00:00,S-02,28.96,49.7,False
2024-04-05 14:00:00,S-02,27.17,46.1,False
2024-04-05 15:00:00,S-02,28.39,47.6,False
2024-04-05 16:00:00,S-02,27.84,49.6,False
2024-04-05 17:00:00,S-02,24.79,53.9,False
2024-04-05 18:00:00,S-02,24.88,47.4,False
2024-04-05 19:00:00,S-02,24.94,49.8,False
2024-04-05 20:00:00,S-02,23.06,52.9,False
2024-04-05 21:00:00,S-02,21.05,50.1,False
2024-04-05 22:00:00,S-02,20.44,58.4,False
2024-04-05 23:00:00,S-02,21.49,56.1,False
2024-04-06 00:00:00,S-02,22.12,55.7,False
2024-04-06 01:00:00,S-02,19.93,52.7,False
2024-04-06 02:00:00,S-02,21.21,55.9,False
2024-04-06 03:00:00,S-02,21.19,56.6,False
2024-04-06 04:00:00,S-02,22.41,56.9,False
2024-04-06 05:00:00,S-02,23.85,50.6,False
2024-04-06 06:00:00,S-02,24.6,53.3,False
2024-04-06 07:00:00,S-02,25.13,56.5,False
2024-04-06 08:00:00,S-02,28.32,45.5,False
2024-04-06 09:00:00,S-02,27.35,46.7,False
2024-04-06 10:00:00,S-02,27.98,46.2,False
2024-04-06 11:00:00,S-02,29.42,41.1,False
2024-04-06 12:00:00,S-02,28.7,45.3,False
2024-04-06 13:00:00,S-02,28.4,51.5,False
2024-04-06 14:00:00,S-02,28.94,43.3,False
2024-04-06 15:00:00,S-02,26.74,48.1,False
2024-04-06 16:00:00,S-02,27.35,51.5,False
2024-04-06 17:00:00,S-02,26.64,50.5,False
2024-04-06 18:00:00,S-02,25.33,51.1,False
2024-04-06 19:00:00,S-02,23.66,51.4,False
2024-04-06 20:00:00,S-02,22.86,53.0,False
2024-04-06 21:00:00,S-02,20.7,56.0,False
2024-04-06 22:00:00,S-02,21.36,57.2,False
2024-04-06 23:00:00,S-02,21.33,55.4,False
2024-04-07 00:00:00,S-02,21.69,57.6,False
2024-04-07 01:00:00,S-02,21.29,49.7,False
2024-04-07 02:00:00,S-02,21.3,57.7,False
2024-04-07 03:00:00,S-02,21.62,53.3,False
2024-04-07 04:00:00,S-02,23.12,53.1,False
2024-04-07 05:00:00,S-02,24.27,50.4,False
2024-04-07 06:00:00,S-02,26.21,51.3,False
2024-04-07 07:00:00,S-02,26.34,48.8,False
2024-04-07 08:00:00,S-02,26.95,50.3,False
2024-04-07 09:00:00,S-02,28.13,44.6,False
2024-04-07 10:00:00,S-02,28.52,47.1,False
2024-04-07 11:00:00,S-02,29.17,49.4,False
2024-04-07 12:00:00,S-02,27.8,50.7,False
2024-04-07 13:00:00,S-02,28.2,45.9,False
2024-04-07 14:00:00,S-02,28.17,47.4,False
2024-04-07 15:00:00,S-02,28.9,45.0,False
2024-04-07 16:00:00,S-02,27.7,47.2,False
2024-04-07 17:00:00,S-02,26.97,48.5,False
2024-04-07 18:00:00,S-02,26.79,52.2,False
2024-04-07 19:00:00,S-02,24.07,53.6,False
2024-04-07 20:00:00,S-02,24.89,55.3,False
2024-04-07 21:00:00,S-02,23.52,57.1,False
2024-04-07 22:00:00,S-02,22.07,50.6,False
2024-04-07 23:00:00,S-02,23.48,53.5,False
2024-04-08 00:00:00,S-02,21.09,54.2,False
2024-04-08 01:00:00,S-02,21.52,50.2,False
2024-04-08 02:00:00,S-02,22.71,50.4,False
2024-04-08 03:00:00,S-02,23.88,50.7,False
2024-04-08 04:00:00,S-02,24.3,56.6,False
2024-04-08 05:00:00,S-02,23.78,52.5,False
2024-04-08 06:00:00,S-02,26.33,48.7,False
2024-04-08 07:00:00,S-02,27.59,47.6,False
2024-04-08 08:00:00,S-02,30.69,41.8,False
2024-04-08 09:00:00,S-02,30.65,44.5,False
2024-04-08 10:00:00,S-02,30.35,44.1,False
2024-04-08 11:00:00,S-02,29.84,40.2,False
2024-04-08 12:00:00,S-02,31.16,41.8,False
2024-04-08 13:00:00,S-02,29.89,54.9,False
2024-04-08 14:00:00,S-02,30.62,45.9,False
2024-04-08 15:00:00,S-02,30.16,44.3,False
2024-04-08 16:00:00,S-02,28.78,48.2,False
2024-04-08 17:00:00,S-02,28.37,43.9,False
2024-04-08 18:00:00,S-02,26.93,48.8,False
2024-04-08 19:00:00,S-02,25.75,52.5,False
2024-04-08 20:00:00,S-02,26.49,44.3,False
2024-04-08 21:00:00,S-02,24.95,48.7,False
2024-04-08 22:00:00,S-02,23.65,51.3,False
2024-04-08 23:00:00,S-02,22.93,52.5,False
2024-04-09 00:00:00,S-02,23.58,51.0,False
2024-04-09 01:00:00,S-02,24.06,52.8,False
2024-04-09 02:00:00,S-02,24.72,54.2,False
2024-04-09 03:00:00,S-02,25.88,50.8,False
2024-04-09 04:00:00,S-02,25.94,52.7,False
2024-04-09 05:00:00,S-02,25.68,53.1,False
2024-04-09 06:00:00,S-02,29.23,44.0,False
2024-04-09 07:00:00,S-02,29.61,46.1,False
2024-04-09 08:00:00,S-02,30.33,43.3,False
2024-04-09 09:00:00,S-02,31.58,44.9,False
2024-04-09 10:00:00,S-02,30.01,43.8,False
2024-04-09 11:00:00,S-02,31.3,42.7,False
2024-04-09 12:00:00,S-02,31.35,48.2,False
2024-04-09 13:00:00,S-02,32.57,41.2,False
2024-04-09 14:00:00,S-02,30.31,39.9,False
2024-04-09 15:00:00,S-02,30.36,44.7,False
2024-04-09 16:00:00,S-02,30.99,44.5,False
2024-04-09 17:00:00,S-02,29.34,44.1,False
2024-04-09 18:00:00,S-02,27.5,48.0,False
2024-04-09 19:00:00,S-02,28.25,49.9,False
2024-04-09 20:00:00,S-02,24.75,49.6,False
2024-04-09 21:00:00,S-02,25.33,49.9,False
2024-04-09 22:00:00,S-02,24.15,49.8,False
2024-04-09 23:00:00,S-02,24.32,52.6,False
2024-04-10 00:00:00,S-02,23.56,52.2,False
2024-04-10 01:00:00,S-02,23.24,50.2,False
2024-04-10 02:00:00,S-02,24.45,51.0,False
2024-04-10 03:00:00,S-02,23.87,57.6,False
2024-04-10 04:00:00,S-02,26.13,44.5,False
2024-04-10 05:00:00,S-02,26.41,45.1,False
2024-04-10 06:00:00,S-02,28.4,47.7,False
2024-04-10 07:00:00,S-02,28.33,42.8,False
2024-04-10 08:00:00,S-02,29.1,51.6,False
2024-04-10 09:00:00,S-02,30.74,39.6,False
2024-04-10 10:00:00,S-02,32.01,38.6,False
2024-04-10 11:00:00,S-02,29.77,43.6,False
2024-04-10 12:00:00,S-02,31.6,46.1,False
2024-04-10 13:00:00,S-02,31.83,45.0,False
2024-04-10 14:00:00,S-02,29.78,46.8,False
2024-04-10 15:00:00,S-02,29.53,46.3,False
2024-04-10 16:00:00,S-02,29.87,48.8,False
2024-04-10 17:00:00,S-02,27.71,42.3,False
2024-04-10 18:00:00,S-02,26.78,49.5,False
2024-04-10 19:00:00,S-02,27.56,52.0,False
2024-04-10 20:00:00,S-02,24.45,48.4,False
2024-04-10 21:00:00,S-02,23.64,53.4,False
2024-04-10 22:00:00,S-02,21.81,58.2,False
2024-04-10 23:00:00,S-02,22.33,57.7,False
2024-04-11 00:00:00,S-02,22.04,54.0,False
2024-04-11 01:00:00,S-02,24.45,57.0,False
2024-04-11 02:00:00,S-02,24.4,53.0,False
2024-04-11 03:00:00,S-02,23.03,56.3,False
2024-04-11 04:00:00,S-02,26.36,46.1,False
2024-04-11 05:00:00,S-02,26.33,47.0,False
2024-04-11 06:00:00,S-02,26.56,46.7,False
2024-04-11 07:00:00,S-02,28.32,52.0,False
2024-04-11 08:00:00,S-02,28.9,39.3,False
2024-04-11 09:00:00,S-02,28.77,40.9,False
2024-04-11 10:00:00,S-02,28.56,48.9,False
2024-04-11 11:00:00,S-02,29.58,45.8,False
2024-04-11 12:00:00,S-02,30.38,35.7,False
2024-04-11 13:00:00,S-02,29.91,43.8,False
2024-04-11 14:00:00,S-02,29.15,45.0,False
2024-04-11 15:00:00,S-02,29.81,48.6,False
2024-04-11 16:00:00,S-02,27.32,42.5,False
2024-04-11 17:00:00,S-02,27.85,45.9,False
2024-04-11 18:00:00,S-02,25.68,53.1,False
2024-04-11 19:00:00,S-02,25.06,53.0,False
2024-04-11 20:00:00,S-02,23.07,50.5,False
2024-04-11 21:00:00,S-02,23.07,52.3,False
2024-04-11 22:00:00,S-02,21.77,50.4,False
2024-04-11 23:00:00,S-02,20.56,60.2,False
2024-04-12 00:00:00,S-02,21.74,53.5,False
2024-04-12 01:00:00,S-02,21.8,58.4,False
2024-04-12 02:00:00,S-02,22.85,55.8,False
2024-04-12 03:00:00,S-02,23.01,50.7,False
2024-04-12 04:00:00,S-02,22.77,53.1,False
2024-04-12 05:00:00,S-02,24.0,53.9,False
2024-04-12 06:00:00,S-02,23.52,53.9,False
2024-04-12 07:00:00,S-02,25.59,54.6,False
2024-04-12 08:00:00,S-02,28.42,50.0,False
2024-04-12 09:00:00,S-02,29.38,46.5,False
2024-04-12 10:00:00,S-02,29.39,47.6,False
2024-04-12 11:00:00,S-02,29.39,43.5,False
2024-04-12 12:00:00,S-02,29.72,43.5,False
2024-04-12 13:00:00,S-02,29.47,47.3,False
2024-04-12 14:00:00,S-02,27.29,49.1,False
2024-04-12 15:00:00,S-02,27.3,44.9,False
2024-04-12 16:00:00,S-02,28.07,47.0,False
2024-04-12 17:00:00,S-02,27.08,46.1,False
2024-04-12 18:00:00,S-02,25.28,48.9,False
2024-04-12 19:00:00,S-02,23.78,56.1,False
2024-04-12 20:00:00,S-02,22.74,50.8,False
2024-04-12 21:00:00,S-02,21.77,52.8,False
2024-04-12 22:00:00,S-02,20.82,57.5,False
2024-04-12 23:00:00,S-02,19.61,57.6,False
2024-04-13 00:00:00,S-02,21.1,56.0,False
2024-04-13 01:00:00,S-02,20.76,51.8,False
2024-04-13 02:00:00,S-02,21.34,55.2,False
2024-04-13 03:00:00,S-02,23.49,51.6,False
2024-04-13 04:00:00,S-02,23.43,50.4,False
2024-04-13 05:00:00,S-02,23.37,51.2,False
2024-04-13 06:00:00,S-02,25.42,49.5,False
2024-04-13 07:00:00,S-02,24.81,53.6,False
2024-04-13 08:00:00,S-02,27.8,53.0,False
2024-04-13 09:00:00,S-02,28.01,47.6,False
2024-04-13 10:00:00,S-02,28.3,51.2,False
2024-04-13 11:00:00,S-02,29.31,46.0,False
2024-04-13 12:00:00,S-02,30.16,40.4,False
2024-04-13 13:00:00,S-02,28.52,46.8,False
2024-04-13 14:00:00,S-02,27.73,51.4,False
2024-04-13 15:00:00,S-02,29.56,49.5,False
2024-04-13 16:00:00,S-02,27.1,45.8,False
2024-04-13 17:00:00,S-02,27.32,54.6,False
2024-04-13 18:00:00,S-02,24.6,49.2,False
2024-04-13 19:00:00,S-02,24.42,49.5,False
2024-04-13 20:00:00,S-02,22.68,52.2,False
2024-04-13 21:00:00,S-02,22.89,57.6,False
2024-04-13 22:00:00,S-02,21.57,56.2,False
2024-04-13 23:00:00,S-02,20.89,58.5,False
2024-04-14 00:00:00,S-02,22.55,47.4,False
2024-04-14 01:00:00,S-02,21.77,54.6,False
2024-04-14 02:00:00,S-02,20.33,56.2,False
2024-04-14 03:00:00,S-02,22.43,56.0,False
2024-04-14 04:00:00,S-02,22.76,52.2,False
2024-04-14 05:00:00,S-02,23.53,56.1,False
2024-04-14 06:00:00,S-02,25.11,48.8,False
2024-04-14 07:00:00,S-02,26.28,45.3,False
2024-04-14 08:00:00,S-02,27.69,42.9,False
2024-04-14 09:00:00,S-02,27.91,51.1,False
2024-04-14 10:00:00,S-02,27.75,49.8,False
2024-04-14 11:00:00,S-02,29.26,43.5,False
2024-04-14 12:00:00,S-02,30.56,47.4,False
2024-04-14 13:00:00,S-02,28.7,46.0,False
2024-04-14 14:00:00,S-02,29.93,44.7,False
2024-04-14 15:00:00,S-02,29.22,41.6,False
2024-04-14 16:00:00,S-02,27.73,46.1,False
2024-04-14 17:00:00,S-02,27.42,48.3,False
2024-04-14 18:00:00,S-02,25.6,50.8,False
2024-04-14 19:00:00,S-02,24.9,49.4,False
2024-04-14 20:00:00,S-02,23.5,55.6,False
2024-04-14 21:00:00,S-02,23.91,56.4,False
2024-04-14 22:00:00,S-02,24.05,49.7,False
2024-04-14 23:00:00,S-02,22.08,55.6,False
2024-04-15 00:00:00,S-02,23.49,48.3,False
2024-04-15 01:00:00,S-02,21.04,56.9,False
2024-04-15 02:00:00,S-02,22.49,51.1,False
2024-04-15 03:00:00,S-02,23.08,52.8,False
2024-04-15 04:00:00,S-02,26.14,50.1,False
2024-04-15 05:00:00,S-02,25.33,49.8,False
2024-04-15 06:00:00,S-02,27.51,51.0,False
2024-04-15 07:00:00,S-02,26.35,47.1,False
2024-04-15 08:00:00,S-02,29.09,44.7,False
2024-04-15 09:00:00,S-02,30.33,45.5,False
2024-04-15 10:00:00,S-02,30.54,44.2,False
2024-04-15 11:00:00,S-02,28.86,47.0,False
2024-04-15 12:00:00,S-02,31.36,42.7,False
2024-04-15 13:00:00,S-02,31.78,40.5,False
2024-04-15 14:00:00,S-02,31.83,44.7,False
2024-04-15 15:00:00,S-02,30.51,44.6,False
2024-04-15 16:00:00,S-02,28.07,49.9,False
2024-04-15 17:00:00,S-02,28.33,50.8,False
2024-04-15 18:00:00,S-02,28.23,46.1,False
2024-04-15 19:00:00,S-02,25.87,47.8,False
2024-04-15 20:00:00,S-02,26.05,48.4,False
2024-04-15 21:00:00,S-02,24.43,49.8,False
2024-04-15 22:00:00,S-02,24.29,46.0,False
2024-04-15 23:00:00,S-02,24.46,56.4,False
2024-04-16 00:00:00,S-02,23.2,54.3,False
2024-04-16 01:00:00,S-02,26.22,56.2,False
2024-04-16 02:00:00,S-02,24.49,50.0,False
2024-04-16 03:00:00,S-02,25.31,52.3,False
2024-04-16 04:00:00,S-02,25.3,51.4,False
2024-04-16 05:00:00,S-02,26.94,48.4,False
2024-04-16 06:00:00,S-02,27.74,50.5,False
2024-04-16 07:00:00,S-02,27.85,47.6,False
2024-04-16 08:00:00,S-02,28.78,46.2,False
2024-04-16 09:00:00,S-02,31.08,44.1,False
2024-04-16 10:00:00,S-02,31.44,36.8,False
2024-04-16 11:00:00,S-02,29.82,43.1,False
2024-04-16 12:00:00,S-02,30.36,42.4,False
2024-04-16 13:00:00,S-02,31.71,47.7,False
2024-04-16 14:00:00,S-02,31.51,44.9,False
2024-04-16 15:00:00,S-02,31.42,45.5,False
2024-04-16 16:00:00,S-02,29.13,47.8,False
2024-04-16 17:00:00,S-02,29.63,44.9,False
2024-04-16 18:00:00,S-02,27.88,52.3,False
2024-04-16 19:00:00,S-02,26.68,48.3,False
2024-04-16 20:00:00,S-02,26.01,45.7,False
2024-04-16 21:00:00,S-02,26.08,51.5,False
2024-04-16 22:00:00,S-02,25.1,54.3,False
2024-04-16 23:00:00,S-02,24.96,51.3,False
2024-04-17 00:00:00,S-02,23.55,53.8,False
2024-04-17 01:00:00,S-02,24.0,55.0,False
2024-04-17 02:00:00,S-02,23.68,57.0,False
2024-04-17 03:00:00,S-02,24.79,52.9,False
2024-04-17 04:00:00,S-02,25.72,55.0,False
2024-04-17 05:00:00,S-02,26.61,49.9,False
2024-04-17 06:00:00,S-02,28.57,52.8,False
2024-04-17 07:00:00,S-02,29.35,41.8,False
2024-04-17 08:00:00,S-02,30.56,47.0,False
2024-04-17 09:00:00,S-02,30.86,44.8,False
2024-04-17 10:00:00,S-02,32.22,42.7,False
2024-04-17 11:00:00,S-02,31.82,39.1,False
2024-04-17 12:00:00,S-02,32.61,45.0,False
2024-04-17 13:00:00,S-02,32.07,41.9,False
2024-04-17 14:00:00,S-02,31.82,39.9,False
2024-04-17 15:00:00,S-02,30.5,42.6,False
2024-04-17 16:00:00,S-02,28.7,45.9,False
2024-04-17 17:00:00,S-02,27.53,48.2,False
2024-04-17 18:00:00,S-02,29.17,43.4,False
2024-04-17 19:00:00,S-02,26.84,46.1,False
2024-04-17 20:00:00,S-02,25.88,51.1,False
2024-04-17 21:00:00,S-02,24.51,51.4,False
2024-04-17 22:00:00,S-02,23.6,58.3,False
2024-04-17 23:00:00,S-02,25.82,48.8,False
2024-04-18 00:00:00,S-02,22.44,56.2,False
2024-04-18 01:00:00,S-02,23.37,58.0,False
2024-04-18 02:00:00,S-02,23.73,51.9,False
2024-04-18 03:00:00,S-02,23.45,55.7,False
2024-04-18 04:00:00,S-02,24.12,52.9,False
2024-04-18 05:00:00,S-02,25.48,50.6,False
2024-04-18 06:00:00,S-02,26.75,53.5,False
2024-04-18 07:00:00,S-02,27.62,45.0,False
2024-04-18 08:00:00,S-02,29.57,43.8,False
2024-04-18 09:00:00,S-02,28.76,41.4,False
2024-04-18 10:00:00,S-02,30.6,43.9,False
2024-04-18 11:00:00,S-02,31.8,45.7,False
2024-04-18 12:00:00,S-02,31.42,42.5,False
2024-04-18 13:00:00,S-02,29.61,47.8,False
2024-04-18 14:00:00,S-02,27.7,45.6,False
2024-04-18 15:00:00,S-02,30.05,48.2,False
2024-04-18 16:00:00,S-02,28.89,46.0,False
2024-04-18 17:00:00,S-02,27.01,47.2,False
2024-04-18 18:00:00,S-02,27.41,52.8,False
2024-04-18 19:00:00,S-02,24.97,51.0,False
2024-04-18 20:00:00,S-02,24.37,53.4,False
2024-04-18 21:00:00,S-02,22.57,54.2,False
2024-04-18 22:00:00,S-02,22.97,55.4,False
2024-04-18 23:00:00,S-02,21.92,55.0,False
2024-04-19 00:00:00,S-02,21.68,51.5,False
2024-04-19 01:00:00,S-02,23.03,54.2,False
2024-04-19 02:00:00,S-02,22.69,55.1,False
2024-04-19 03:00:00,S-02,21.92,55.8,False
2024-04-19 04:00:00,S-02,24.45,51.0,False
2024-04-19 05:00:00,S-02,25.49,55.6,False
2024-04-19 06:00:00,S-02,25.14,48.7,False
2024-04-19 07:00:00,S-02,26.49,49.5,False
2024-04-19 08:00:00,S-02,27.77,48.3,False
2024-04-19 09:00:00,S-02,28.32,43.9,False
2024-04-19 10:00:00,S-02,29.22,42.5,False
2024-04-19 11:00:00,S-02,30.0,46.9,False
2024-04-19 12:00:00,S-02,29.19,47.9,False
2024-04-19 13:00:00,S-02,31.08,44.1,False
2024-04-19 14:00:00,S-02,28.42,42.3,False
2024-04-19 15:00:00,S-02,27.89,46.7,False
2024-04-19 16:00:00,S-02,29.04,46.8,False
2024-04-19 17:00:00,S-02,28.38,48.7,False
2024-04-19 18:00:00,S-02,25.45,53.9,False
2024-04-19 19:00:00,S-02,24.21,53.2,False
2024-04-19 20:00:00,S-02,22.52,56.7,False
2024-04-19 21:00:00,S-02,23.44,57.6,False
2024-04-19 22:00:00,S-02,22.02,47.8,False
2024-04-19 23:00:00,S-02,20.79,58.9,False
2024-04-20 00:00:00,S-02,21.64,53.7,False
2024-04-20 01:00:00,S-02,22.54,55.3,False
2024-04-20 02:00:00,S-02,22.39,54.7,False
2024-04-20 03:00:00,S-02,24.23,49.0,False
2024-04-20 04:00:00,S-02,24.22,49.3,False
2024-04-20 05:00:00,S-02,24.61,52.7,False
2024-04-20 06:00:00,S-02,25.27,50.1,False
2024-04-20 07:00:00,S-02,26.77,51.0,False
2024-04-20 08:00:00,S-02,28.27,45.9,False
2024-04-20 09:00:00,S-02,28.82,52.6,False
2024-04-20 10:00:00,S-02,29.62,44.7,False
2024-04-20 11:00:00,S-02,29.37,51.7,False
2024-04-20 12:00:00,S-02,29.95,42.8,False
2024-04-20 13:00:00,S-02,30.19,46.3,False
2024-04-20 14:00:00,S-02,28.71,49.8,False
2024-04-20 15:00:00,S-02,27.19,44.6,False
2024-04-20 16:00:00,S-02,28.8,43.6,False
2024-04-20 17:00:00,S-02,26.94,49.8,False
2024-04-20 18:00:00,S-02,25.11,54.1,False
2024-04-20 19:00:00,S-02,24.64,55.3,False
2024-04-20 20:00:00,S-02,23.32,54.6,False
2024-04-20 21:00:00,S-02,21.36,58.3,False
2024-04-20 22:00:00,S-02,21.97,51.2,False
2024-04-20 23:00:00,S-02,20.62,55.0,False
2024-04-21 00:00:00,S-02,21.82,58.9,False
2024-04-21 01:00:00,S-02,21.74,53.3,False
2024-04-21 02:00:00,S-02,23.18,52.5,False
2024-04-21 03:00:00,S-02,22.85,48.5,False
2024-04-21 04:00:00,S-02,24.11,51.5,False
2024-04-21 05:00:00,S-02,24.59,46.9,False
2024-04-21 06:00:00,S-02,25.6,51.3,False
2024-04-21 07:00:00,S-02,25.87,54.1,False
2024-04-21 08:00:00,S-02,28.79,47.3,False
2024-04-21 09:00:00,S-02,29.01,46.6,False
2024-04-21 10:00:00,S-02,29.1,44.9,False
2024-04-21 11:00:00,S-02,30.18,46.3,False
2024-04-21 12:00:00,S-02,29.87,41.9,False
2024-04-21 13:00:00,S-02,29.54,44.2,False
2024-04-21 14:00:00,S-02,29.97,51.2,False
2024-04-21 15:00:00,S-02,30.16,41.0,False
2024-04-21 16:00:00,S-02,28.2,45.5,False
2024-04-21 17:00:00,S-02,26.37,45.3,False
2024-04-21 18:00:00,S-02,26.04,53.2,False
2024-04-21 19:00:00,S-02,26.99,47.9,False
2024-04-21 20:00:00,S-02,24.0,48.5,False
2024-04-21 21:00:00,S-02,24.82,47.5,False
2024-04-21 22:00:00,S-02,23.1,56.4,False
2024-04-21 23:00:00,S-02,23.55,54.6,False
2024-04-22 00:00:00,S-02,22.79,55.9,False
2024-04-22 01:00:00,S-02,21.81,54.6,False
2024-04-22 02:00:00,S-02,23.2,55.7,False
2024-04-22 03:00:00,S-02,25.91,53.6,False
2024-04-22 04:00:00,S-02,25.0,52.8,False
2024-04-22 05:00:00,S-02,26.58,44.4,False
2024-04-22 06:00:00,S-02,26.95,42.9,False
2024-04-22 07:00:00,S-02,28.21,42.9,False
2024-04-22 08:00:00,S-02,29.59,46.2,False
2024-04-22 09:00:00,S-02,30.6,39.9,False
2024-04-22 10:00:00,S-02,32.68,38.6,False
2024-04-22 11:00:00,S-02,31.35,43.4,False
2024-04-22 12:00:00,S-02,31.41,40.7,False
2024-04-22 13:00:00,S-02,30.94,40.1,False
2024-04-22 14:00:00,S-02,30.07,47.6,False
2024-04-22 15:00:00,S-02,29.25,47.2,False
2024-04-22 16:00:00,S-02,30.28,46.8,False
2024-04-22 17:00:00,S-02,27.35,50.7,False
2024-04-22 18:00:00,S-02,28.97,50.3,False
2024-04-22 19:00:00,S-02,27.55,47.7,False
2024-04-22 20:00:00,S-02,25.7,49.5,False
2024-04-22 21:00:00,S-02,24.23,46.7,False
2024-04-22 22:00:00,S-02,24.58,50.7,False
2024-04-22 23:00:00,S-02,24.21,50.1,False
2024-04-23 00:00:00,S-02,25.0,53.9,False
2024-04-23 01:00:00,S-02,23.68,54.4,False
2024-04-23 02:00:00,S-02,24.4,55.8,False
2024-04-23 03:00:00,S-02,25.33,53.6,False
2024-04-23 04:00:00,S-02,26.01,53.0,False
2024-04-23 05:00:00,S-02,26.73,50.3,False
2024-04-23 06:00:00,S-02,26.92,48.9,False
2024-04-23 07:00:00,S-02,28.04,46.1,False
2024-04-23 08:00:00,S-02,29.8,45.0,False
2024-04-23 09:00:00,S-02,31.01,40.9,False
2024-04-23 10:00:00,S-02,32.64,42.8,False
2024-04-23 11:00:00,S-02,34.11,39.7,False
2024-04-23 12:00:00,S-02,33.78,34.4,False
2024-04-23 13:00:00,S-02,32.61,33.9,False
2024-04-23 14:00:00,S-02,33.4,38.6,False
2024-04-23 15:00:00,S-02,31.18,42.0,False
2024-04-23 16:00:00,S-02,30.03,43.9,False
2024-04-23 17:00:00,S-02,31.35,46.9,False
2024-04-23 18:00:00,S-02,27.61,45.9,False
2024-04-23 19:00:00,S-02,27.1,44.6,False
2024-04-23 20:00:00,S-02,26.25,50.4,False
2024-04-23 21:00:00,S-02,26.8,51.5,False
2024-04-23 22:00:00,S-02,24.51,56.1,False
2024-04-23 23:00:00,S-02,25.21,47.6,False
2024-04-24 00:00:00,S-02,24.11,51.1,False
2024-04-24 01:00:00,S-02,23.58,51.3,False
2024-04-24 02:00:00,S-02,25.14,55.0,False
2024-04-24 03:00:00,S-02,25.7,52.0,False
2024-04-24 04:00:00,S-02,25.45,50.3,False
2024-04-24 05:00:00,S-02,26.63,50.9,False
2024-04-24 06:00:00,S-02,27.7,46.5,False
2024-04-24 07:00:00,S-02,30.12,44.1,False
2024-04-24 08:00:00,S-02,30.66,43.9,False
2024-04-24 09:00:00,S-02,31.28,41.8,False
2024-04-24 10:00:00,S-02,32.09,41.5,False
2024-04-24 11:00:00,S-02,31.69,43.8,False
2024-04-24 12:00:00,S-02,32.55,42.4,False
2024-04-24 13:00:00,S-02,31.52,47.2,False
2024-04-24 14:00:00,S-02,30.5,46.7,False
2024-04-24 15:00:00,S-02,30.33,44.2,False
2024-04-24 16:00:00,S-02,30.2,38.2,False
2024-04-24 17:00:00,S-02,29.1,41.6,False
2024-04-24 18:00:00,S-02,28.79,44.8,False
2024-04-24 19:00:00,S-02,25.52,49.0,False
2024-04-24 20:00:00,S-02,25.69,46.2,False
2024-04-24 21:00:00,S-02,25.3,49.3,False
2024-04-24 22:00:00,S-02,23.54,52.8,False
2024-04-24 23:00:00,S-02,24.06,50.1,False
2024-04-25 00:00:00,S-02,23.35,52.3,False
2024-04-25 01:00:00,S-02,22.86,53.0,False
2024-04-25 02:00:00,S-02,25.01,48.7,False
2024-04-25 03:00:00,S-02,23.59,50.0,False
2024-04-25 04:00:00,S-02,26.28,48.8,False
2024-04-25 05:00:00,S-02,26.06,50.2,False
2024-04-25 06:00:00,S-02,26.62,45.8,False
2024-04-25 07:00:00,S-02,27.65,41.7,False
2024-04-25 08:00:00,S-02,28.68,43.6,False
2024-04-25 09:00:00,S-02,29.36,46.9,False
2024-04-25 10:00:00,S-02,30.84,39.1,False
2024-04-25 11:00:00,S-02,29.47,48.0,False
2024-04-25 12:00:00,S-02,32.04,40.6,False
2024-04-25 13:00:00,S-02,31.53,43.3,False
2024-04-25 14:00:00,S-02,31.52,40.7,False
2024-04-25 15:00:00,S-02,28.93,47.7,False
2024-04-25 16:00:00,S-02,26.98,48.5,False
2024-04-25 17:00:00,S-02,27.32,49.0,False
2024-04-25 18:00:00,S-02,26.59,43.2,False
2024-04-25 19:00:00,S-02,25.88,51.7,False
2024-04-25 20:00:00,S-02,24.21,46.8,False
2024-04-25 21:00:00,S-02,23.68,51.3,False
2024-04-25 22:00:00,S-02,23.18,54.4,False
2024-04-25 23:00:00,S-02,21.37,54.5,False
2024-04-26 00:00:00,S-02,23.87,53.5,False
2024-04-26 01:00:00,S-02,21.61,55.2,False
2024-04-26 02:00:00,S-02,23.08,53.3,False
2024-04-26 03:00:00,S-02,24.32,49.2,False
2024-04-26 04:00:00,S-02,23.61,55.2,False
2024-04-26 05:00:00,S-02,25.16,53.7,False
2024-04-26 06:00:00,S-02,27.46,46.2,False
2024-04-26 07:00:00,S-02,26.92,45.8,False
2024-04-26 08:00:00,S-02,28.91,46.6,False
2024-04-26 09:00:00,S-02,29.09,43.6,False
2024-04-26 10:00:00,S-02,29.64,45.5,False
2024-04-26 11:00:00,S-02,30.4,46.6,False
2024-04-26 12:00:00,S-02,29.74,46.9,False
2024-04-26 13:00:00,S-02,29.59,49.4,False
2024-04-26 14:00:00,S-02,30.1,45.9,False
2024-04-26 15:00:00,S-02,28.87,43.1,False
2024-04-26 16:00:00,S-02,28.21,44.4,False
2024-04-26 17:00:00,S-02,25.86,51.2,False
2024-04-26 18:00:00,S-02,25.78,55.2,False
2024-04-26 19:00:00,S-02,25.68,48.9,False
2024-04-26 20:00:00,S-02,24.44,48.8,False
2024-04-26 21:00:00,S-02,23.15,56.9,False
2024-04-26 22:00:00,S-02,21.81,54.2,False
2024-04-26 23:00:00,S-02,21.32,57.1,False
2024-04-27 00:00:00,S-02,22.02,57.3,False
2024-04-27 01:00:00,S-02,22.93,50.4,False
2024-04-27 02:00:00,S-02,22.22,53.0,False
2024-04-27 03:00:00,S-02,23.86,50.5,False
2024-04-27 04:00:00,S-02,23.4,54.1,False
2024-04-27 05:00:00,S-02,25.56,51.9,False
2024-04-27 06:00:00,S-02,24.84,49.5,False
2024-04-27 07:00:00,S-02,26.83,50.1,False
2024-04-27 08:00:00,S-02,26.8,43.5,False
2024-04-27 09:00:00,S-02,29.01,46.9,False
2024-04-27 10:00:00,S-02,29.59,46.2,False
2024-04-27 11:00:00,S-02,28.78,46.2,False
2024-04-27 12:00:00,S-02,29.09,41.7,False
2024-04-27 13:00:00,S-02,29.22,45.3,False
2024-04-27 14:00:00,S-02,28.0,44.1,False
2024-04-27 15:00:00,S-02,27.83,51.4,False
2024-04-27 16:00:00,S-02,27.07,47.4,False
2024-04-27 17:00:00,S-02,27.45,47.2,False
2024-04-27 18:00:00,S-02,26.92,48.1,False
2024-04-27 19:00:00,S-02,24.45,52.9,False
2024-04-27 20:00:00,S-02,23.64,52.5,False
2024-04-27 21:00:00,S-02,23.24,54.3,False
2024-04-27 22:00:00,S-02,22.05,51.6,False
2024-04-27 23:00:00,S-02,21.88,57.5,False
2024-04-28 00:00:00,S-02,22.67,52.1,False
2024-04-28 01:00:00,S-02,22.36,56.0,False
2024-04-28 02:00:00,S-02,22.55,54.3,False
2024-04-28 03:00:00,S-02,22.84,56.3,False
2024-04-28 04:00:00,S-02,25.34,50.1,False
2024-04-28 05:00:00,S-02,24.68,46.9,False
2024-04-28 06:00:00,S-02,26.35,45.8,False
2024-04-28 07:00:00,S-02,26.51,48.2,False
2024-04-28 08:00:00,S-02,27.87,51.1,False
2024-04-28 09:00:00,S-02,29.3,44.3,False
2024-04-28 10:00:00,S-02,29.59,45.3,False
2024-04-28 11:00:00,S-02,30.79,47.3,False
2024-04-28 12:00:00,S-02,30.6,42.4,False
2024-04-28 13:00:00,S-02,29.36,46.3,False
2024-04-28 14:00:00,S-02,28.28,47.6,False
2024-04-28 15:00:00,S-02,30.33,42.6,False
2024-04-28 16:00:00,S-02,28.3,47.4,False
2024-04-28 17:00:00,S-02,29.04,48.8,False
2024-04-28 18:00:00,S-02,26.89,51.4,False
2024-04-28 19:00:00,S-02,25.29,49.4,False
2024-04-28 20:00:00,S-02,25.44,58.4,False
2024-04-28 21:00:00,S-02,24.0,52.9,False
2024-04-28 22:00:00,S-02,23.65,51.5,False
2024-04-28 23:00:00,S-02,22.56,51.6,False
2024-04-29 00:00:00,S-02,23.73,49.4,False
2024-04-29 01:00:00,S-02,24.29,53.8,False
2024-04-29 02:00:00,S-02,23.46,44.4,False
2024-04-29 03:00:00,S-02,25.99,49.1,False
2024-04-29 04:00:00,S-02,25.0,46.8,False
2024-04-29 05:00:00,S-02,26.68,48.2,False
2024-04-29 06:00:00,S-02,26.26,49.1,False
2024-04-29 07:00:00,S-02,27.12,44.5,False
2024-04-29 08:00:00,S-02,31.36,40.3,False
2024-04-29 09:00:00,S-02,31.7,46.2,False
2024-04-29 10:00:00,S-02,32.17,40.5,False
2024-04-29 11:00:00,S-02,30.35,44.2,False
2024-04-29 12:00:00,S-02,32.08,41.3,False
2024-04-29 13:00:00,S-02,32.15,44.4,False
2024-04-29 14:00:00,S-02,31.53,46.3,False
2024-04-29 15:00:00,S-02,31.12,45.9,False
2024-04-29 16:00:00,S-02,29.37,47.0,False
2024-04-29 17:00:00,S-02,29.05,47.4,False
2024-04-29 18:00:00,S-02,27.28,44.6,False
2024-04-29 19:00:00,S-02,26.92,52.1,False
2024-04-29 20:00:00,S-02,26.58,47.2,False
2024-04-29 21:00:00,S-02,24.87,48.3,False
2024-04-29 22:00:00,S-02,24.68,50.0,False
2024-04-29 23:00:00,S-02,24.2,49.4,False
2024-01-01 00:00:00,S-03,15.28,61.6,False
2024-01-01 01:00:00,S-03,15.71,56.1,False
2024-01-01 02:00:00,S-03,16.58,54.6,False
2024-01-01 03:00:00,S-03,16.24,56.1,False
2024-01-01 04:00:00,S-03,16.75,58.6,False
2024-01-01 05:00:00,S-03,18.01,59.9,False
2024-01-01 06:00:00,S-03,18.43,52.9,False
2024-01-01 07:00:00,S-03,19.85,51.5,False
2024-01-01 08:00:00,S-03,22.93,51.7,False
2024-01-01 09:00:00,S-03,21.73,51.5,False
2024-01-01 10:00:00,S-03,22.66,50.3,False
2024-01-01 11:00:00,S-03,23.93,48.6,False
2024-01-01 12:00:00,S-03,23.84,48.1,False
2024-01-01 13:00:00,S-03,24.14,53.9,False
2024-01-01 14:00:00,S-03,22.56,53.5,False
2024-01-01 15:00:00,S-03,21.82,50.5,False
2024-01-01 16:00:00,S-03,22.84,54.0,False
2024-01-01 17:00:00,S-03,20.42,58.8,False
2024-01-01 18:00:00,S-03,19.87,55.3,False
2024-01-01 19:00:00,S-03,19.11,55.7,False
2024-01-01 20:00:00,S-03,16.64,56.2,False
2024-01-01 21:00:00,S-03,17.1,57.5,False
2024-01-01 22:00:00,S-03,16.16,58.9,False
2024-01-01 23:00:00,S-03,16.68,61.6,False
2024-01-02 00:00:00,S-03,15.96,55.7,False
2024-01-02 01:00:00,S-03,14.67,55.2,False
2024-01-02 02:00:00,S-03,17.39,55.3,False
2024-01-02 03:00:00,S-03,15.55,60.1,False
2024-01-02 04:00:00,S-03,18.02,50.1,False
2024-01-02 05:00:00,S-03,18.8,54.5,False
2024-01-02 06:00:00,S-03,19.92,51.4,False
2024-01-02 07:00:00,S-03,21.43,48.6,False
2024-01-02 08:00:00,S-03,23.14,50.3,False
2024-01-02 09:00:00,S-03,22.62,54.0,False
2024-01-02 10:00:00,S-03,23.47,45.4,False
2024-01-02 11:00:00,S-03,24.91,48.5,False
2024-01-02 12:00:00,S-03,24.88,47.3,False
2024-01-02 13:00:00,S-03,24.92,49.7,False
2024-01-02 14:00:00,S-03,24.24,48.6,False
2024-01-02 15:00:00,S-03,23.18,48.0,False
2024-01-02 16:00:00,S-03,22.18,53.7,False
2024-01-02 17:00:00,S-03,21.23,53.5,False
2024-01-02 18:00:00,S-03,21.23,49.1,False
2024-01-02 19:00:00,S-03,20.64,46.9,False
2024-01-02 20:00:00,S-03,20.04,51.5,False
2024-01-02 21:00:00,S-03,16.94,57.9,False
2024-01-02 22:00:00,S-03,16.9,59.7,False
2024-01-02 23:00:00,S-03,16.68,55.9,False
2024-01-03 00:00:00,S-03,16.4,56.8,False
2024-01-03 01:00:00,S-03,15.8,53.3,False
2024-01-03 02:00:00,S-03,18.68,53.9,False
2024-01-03 03:00:00,S-03,18.79,55.4,False
2024-01-03 04:00:00,S-03,18.35,53.9,False
2024-01-03 05:00:00,S-03,19.07,54.4,False
2024-01-03 06:00:00,S-03,20.42,50.2,False
2024-01-03 07:00:00,S-03,20.53,50.3,False
2024-01-03 08:00:00,S-03,22.13,51.9,False
2024-01-03 09:00:00,S-03,23.76,44.5,False
2024-01-03 10:00:00,S-03,25.04,47.6,False
2024-01-03 11:00:00,S-03,24.83,51.4,False
2024-01-03 12:00:00,S-03,25.24,45.6,False
2024-01-03 13:00:00,S-03,23.3,48.2,False
2024-01-03 14:00:00,S-03,21.22,49.7,False
2024-01-03 15:00:00,S-03,24.02,44.9,False
2024-01-03 16:00:00,S-03,22.26,49.2,False
2024-01-03 17:00:00,S-03,21.05,48.5,False
2024-01-03 18:00:00,S-03,21.3,51.4,False
2024-01-03 19:00:00,S-03,18.23,54.1,False
2024-01-03 20:00:00,S-03,17.23,53.5,False
2024-01-03 21:00:00,S-03,16.52,57.9,False
2024-01-03 22:00:00,S-03,17.62,59.4,False
2024-01-03 23:00:00,S-03,16.66,59.9,False
2024-01-04 00:00:00,S-03,14.42,59.4,False
2024-01-04 01:00:00,S-03,17.11,57.0,False
2024-01-04 02:00:00,S-03,16.21,55.0,False
2024-01-04 03:00:00,S-03,17.11,56.3,False
2024-01-04 04:00:00,S-03,16.98,59.1,False
2024-01-04 05:00:00,S-03,19.9,55.9,False
2024-01-04 06:00:00,S-03,19.79,57.8,False
2024-01-04 07:00:00,S-03,21.44,47.3,False
2024-01-04 08:00:00,S-03,20.6,57.5,False
2024-01-04 09:00:00,S-03,22.66,51.5,False
2024-01-04 10:00:00,S-03,22.78,54.8,False
2024-01-04 11:00:00,S-03,22.89,50.1,False
2024-01-04 12:00:00,S-03,22.52,54.1,False
2024-01-04 13:00:00,S-03,22.42,50.5,False
2024-01-04 14:00:00,S-03,21.61,48.4,False
2024-01-04 15:00:00,S-03,21.3,52.9,False
2024-01-04 16:00:00,S-03,20.9,50.9,False
2024-01-04 17:00:00,S-03,20.35,53.0,False
2024-01-04 18:00:00,S-03,17.63,57.9,False
2024-01-04 19:00:00,S-03,16.94,59.5,False
2024-01-04 20:00:00,S-03,16.25,59.9,False
2024-01-04 21:00:00,S-03,14.59,62.9,False
2024-01-04 22:00:00,S-03,14.93,55.0,False
2024-01-04 23:00:00,S-03,14.5,63.6,False
2024-01-05 00:00:00,S-03,14.37,57.8,False
2024-01-05 01:00:00,S-03,14.91,59.9,False
2024-01-05 02:00:00,S-03,15.67,57.5,False
2024-01-05 03:00:00,S-03,16.15,54.7,False
2024-01-05 04:00:00,S-03,16.54,60.3,False
2024-01-05 05:00:00,S-03,17.7,53.3,False
2024-01-05 06:00:00,S-03,17.63,54.7,False
2024-01-05 07:00:00,S-03,18.52,59.6,False
2024-01-05 08:00:00,S-03,20.65,46.0,False
2024-01-05 09:00:00,S-03,21.38,46.8,False
2024-01-05 10:00:00,S-03,23.21,52.5,False
2024-01-05 11:00:00,S-03,21.74,50.2,False
2024-01-05 12:00:00,S-03,21.26,54.3,False
2024-01-05 13:00:00,S-03,22.07,51.0,False
2024-01-05 14:00:00,S-03,21.07,50.8,False
2024-01-05 15:00:00,S-03,20.07,55.5,False
2024-01-05 16:00:00,S-03,20.93,50.3,False
2024-01-05 17:00:00,S-03,20.37,51.4,False
2024-01-05 18:00:00,S-03,18.13,56.4,False
2024-01-05 19:00:00,S-03,16.29,54.7,False
2024-01-05 20:00:00,S-03,16.0,54.0,False
2024-01-05 21:00:00,S-03,14.92,54.7,False
2024-01-05 22:00:00,S-03,13.25,64.4,False
2024-01-05 23:00:00,S-03,14.53,65.8,False
2024-01-06 00:00:00,S-03,14.01,64.2,False
2024-01-06 01:00:00,S-03,14.83,57.8,False
2024-01-06 02:00:00,S-03,13.85,59.4,False
2024-01-06 03:00:00,S-03,14.89,56.7,False
2024-01-06 04:00:00,S-03,15.64,58.7,False
2024-01-06 05:00:00,S-03,15.38,62.2,False
2024-01-06 06:00:00,S-03,19.64,53.7,False
2024-01-06 07:00:00,S-03,17.17,56.9,False
2024-01-06 08:00:00,S-03,18.86,45.3,False
2024-01-06 09:00:00,S-03,20.3,54.1,False
2024-01-06 10:00:00,S-03,20.02,49.9,False
2024-01-06 11:00:00,S-03,21.95,50.4,False
2024-01-06 12:00:00,S-03,21.42,52.9,False
2024-01-06 13:00:00,S-03,21.71,51.8,False
2024-01-06 14:00:00,S-03,21.45,54.0,False
2024-01-06 15:00:00,S-03,20.72,57.3,False
2024-01-06 16:00:00,S-03,19.93,46.8,False
2024-01-06 17:00:00,S-03,18.8,50.4,False
2024-01-06 18:00:00,S-03,18.23,60.6,False
2024-01-06 19:00:00,S-03,17.51,58.0,False
2024-01-06 20:00:00,S-03,15.76,56.5,False
2024-01-06 21:00:00,S-03,14.82,59.0,False
2024-01-06 22:00:00,S-03,14.25,60.5,False
2024-01-06 23:00:00,S-03,14.43,63.4,False
2024-01-07 00:00:00,S-03,13.81,60.0,False
2024-01-07 01:00:00,S-03,13.98,60.8,False
2024-01-07 02:00:00,S-03,13.56,57.3,False
2024-01-07 03:00:00,S-03,16.86,61.7,False
2024-01-07 04:00:00,S-03,15.32,60.6,False
2024-01-07 05:00:00,S-03,18.55,53.9,False
2024-01-07 06:00:00,S-03,18.96,50.8,False
2024-01-07 07:00:00,S-03,20.22,53.3,False
2024-01-07 08:00:00,S-03,20.64,55.5,False
2024-01-07 09:00:00,S-03,21.7,58.5,False
2024-01-07 10:00:00,S-03,22.23,56.7,False
2024-01-07 11:00:00,S-03,22.91,49.0,False
2024-01-07 12:00:00,S-03,23.29,48.4,False
2024-01-07 13:00:00,S-03,23.73,46.2,False
2024-01-07 14:00:00,S-03,21.46,53.3,False
2024-01-07 15:00:00,S-03,22.02,48.9,False
2024-01-07 16:00:00,S-03,22.11,52.8,False
2024-01-07 17:00:00,S-03,21.03,53.4,False
2024-01-07 18:00:00,S-03,18.2,57.1,False
2024-01-07 19:00:00,S-03,18.25,52.8,False
2024-01-07 20:00:00,S-03,17.31,60.3,False
2024-01-07 21:00:00,S-03,16.52,57.2,False
2024-01-07 22:00:00,S-03,14.02,57.2,False
2024-01-07 23:00:00,S-03,16.08,58.3,False
2024-01-08 00:00:00,S-03,14.1,61.3,False
2024-01-08 01:00:00,S-03,17.21,57.2,False
2024-01-08 02:00:00,S-03,16.49,60.7,False
2024-01-08 03:00:00,S-03,16.61,61.4,False
2024-01-08 04:00:00,S-03,18.06,62.8,False
2024-01-08 05:00:00,S-03,18.7,55.0,False
2024-01-08 06:00:00,S-03,19.27,58.2,False
2024-01-08 07:00:00,S-03,20.71,45.1,False
2024-01-08 08:00:00,S-03,22.07,56.9,False
2024-01-08 09:00:00,S-03,22.06,51.1,False
2024-01-08 10:00:00,S-03,23.92,52.8,False
2024-01-08 11:00:00,S-03,24.69,47.4,False
2024-01-08 12:00:00,S-03,24.85,49.5,False
2024-01-08 13:00:00,S-03,24.84,49.8,False
2024-01-08 14:00:00,S-03,24.59,46.4,False
2024-01-08 15:00:00,S-03,23.55,47.7,False
2024-01-08 16:00:00,S-03,23.23,41.1,False
2024-01-08 17:00:00,S-03,21.35,53.8,False
2024-01-08 18:00:00,S-03,20.63,52.5,False
2024-01-08 19:00:00,S-03,20.42,52.5,False
2024-01-08 20:00:00,S-03,19.91,57.5,False
2024-01-08 21:00:00,S-03,17.35,57.9,False
2024-01-08 22:00:00,S-03,15.91,59.3,False
2024-01-08 23:00:00,S-03,18.33,50.0,False
2024-01-09 00:00:00,S-03,17.46,57.2,False
2024-01-09 01:00:00,S-03,18.16,55.0,False
2024-01-09 02:00:00,S-03,17.88,59.2,False
2024-01-09 03:00:00,S-03,18.03,54.6,False
2024-01-09 04:00:00,S-03,18.21,52.2,False
2024-01-09 05:00:00,S-03,18.96,54.3,False
2024-01-09 06:00:00,S-03,21.89,57.0,False
2024-01-09 07:00:00,S-03,22.59,48.0,False
2024-01-09 08:00:00,S-03,23.06,53.9,False
2024-01-09 09:00:00,S-03,22.8,49.8,False
2024-01-09 10:00:00,S-03,23.91,42.9,False
2024-01-09 11:00:00,S-03,24.25,50.5,False
2024-01-09 12:00:00,S-03,24.65,55.2,False
2024-01-09 13:00:00,S-03,22.53,52.1,False
2024-01-09 14:00:00,S-03,24.55,45.0,False
2024-01-09 15:00:00,S-03,24.96,47.1,False
2024-01-09 16:00:00,S-03,22.5,48.1,False
2024-01-09 17:00:00,S-03,21.99,60.0,False
2024-01-09 18:00:00,S-03,21.15,54.0,False
2024-01-09 19:00:00,S-03,19.13,47.6,False
2024-01-09 20:00:00,S-03,19.27,57.1,False
2024-01-09 21:00:00,S-03,17.47,58.1,False
2024-01-09 22:00:00,S-03,17.12,54.1,False
2024-01-09 23:00:00,S-03,17.25,55.2,False
2024-01-10 00:00:00,S-03,16.87,57.3,False
2024-01-10 01:00:00,S-03,17.11,62.4,False
2024-01-10 02:00:00,S-03,16.71,56.1,False
2024-01-10 03:00:00,S-03,18.61,53.1,False
2024-01-10 04:00:00,S-03,18.01,59.0,False
2024-01-10 05:00:00,S-03,20.46,51.3,False
2024-01-10 06:00:00,S-03,20.44,50.0,False
2024-01-10 07:00:00,S-03,20.9,52.2,False
2024-01-10 08:00:00,S-03,22.7,53.0,False
2024-01-10 09:00:00,S-03,22.74,50.9,False
2024-01-10 10:00:00,S-03,23.76,48.1,False
2024-01-10 11:00:00,S-03,24.42,52.7,False
2024-01-10 12:00:00,S-03,25.26,51.6,False
2024-01-10 13:00:00,S-03,25.1,42.8,False
2024-01-10 14:00:00,S-03,24.41,44.9,False
2024-01-10 15:00:00,S-03,23.15,47.2,False
2024-01-10 16:00:00,S-03,21.31,51.5,False
2024-01-10 17:00:00,S-03,21.32,52.6,False
2024-01-10 18:00:00,S-03,20.17,53.3,False
2024-01-10 19:00:00,S-03,19.24,54.8,False
2024-01-10 20:00:00,S-03,17.92,57.6,False
2024-01-10 21:00:00,S-03,17.05,53.4,False
2024-01-10 22:00:00,S-03,17.41,50.2,False
2024-01-10 23:00:00,S-03,15.29,60.3,False
2024-01-11 00:00:00,S-03,16.15,62.1,False
2024-01-11 01:00:00,S-03,17.22,57.6,False
2024-01-11 02:00:00,S-03,15.98,57.3,False
2024-01-11 03:00:00,S-03,16.4,59.7,False
2024-01-11 04:00:00,S-03,17.77,55.4,False
2024-01-11 05:00:00,S-03,18.59,51.5,False
2024-01-11 06:00:00,S-03,20.05,52.5,False
2024-01-11 07:00:00,S-03,21.88,53.8,False
2024-01-11 08:00:00,S-03,21.64,52.7,False
2024-01-11 09:00:00,S-03,22.95,52.3,False
2024-01-11 10:00:00,S-03,22.64,49.1,False
2024-01-11 11:00:00,S-03,23.06,51.7,False
2024-01-11 12:00:00,S-03,23.75,53.5,False
2024-01-11 13:00:00,S-03,22.81,49.4,False
2024-01-11 14:00:00,S-03,23.81,47.7,False
2024-01-11 15:00:00,S-03,21.87,55.2,False
2024-01-11 16:00:00,S-03,21.18,52.6,False
2024-01-11 17:00:00,S-03,19.47,50.9,False
2024-01-11 18:00:00,S-03,18.86,53.9,False
2024-01-11 19:00:00,S-03,17.33,60.9,False
2024-01-11 20:00:00,S-03,16.71,58.8,False
2024-01-11 21:00:00,S-03,14.83,65.6,False
2024-01-11 22:00:00,S-03,15.52,61.1,False
2024-01-11 23:00:00,S-03,16.44,58.8,False
2024-01-12 00:00:00,S-03,13.42,64.8,False
2024-01-12 01:00:00,S-03,16.34,56.3,False
2024-01-12 02:00:00,S-03,15.24,62.7,False
2024-01-12 03:00:00,S-03,16.62,57.6,False
2024-01-12 04:00:00,S-03,15.92,57.9,False
2024-01-12 05:00:00,S-03,19.22,55.9,False
2024-01-12 06:00:00,S-03,17.78,55.0,False
2024-01-12 07:00:00,S-03,19.55,50.9,False
2024-01-12 08:00:00,S-03,21.76,49.0,False
2024-01-12 09:00:00,S-03,20.33,54.9,False
2024-01-12 10:00:00,S-03,20.09,54.6,False
2024-01-12 11:00:00,S-03,22.23,51.4,False
2024-01-12 12:00:00,S-03,21.79,53.8,False
2024-01-12 13:00:00,S-03,21.46,49.4,False
2024-01-12 14:00:00,S-03,21.08,51.3,False
2024-01-12 15:00:00,S-03,19.98,58.7,False
2024-01-12 16:00:00,S-03,21.37,49.3,False
2024-01-12 17:00:00,S-03,20.24,57.3,False
2024-01-12 18:00:00,S-03,10.92,63.9,True
2024-01-12 19:00:00,S-03,17.08,58.9,False
2024-01-12 20:00:00,S-03,15.82,59.5,False
2024-01-12 21:00:00,S-03,16.2,57.6,False
2024-01-12 22:00:00,S-03,14.03,61.3,False
2024-01-12 23:00:00,S-03,15.55,62.0,False
2024-01-13 00:00:00,S-03,14.13,58.8,False
2024-01-13 01:00:00,S-03,13.63,58.6,False
2024-01-13 02:00:00,S-03,14.57,62.9,False
2024-01-13 03:00:00,S-03,14.81,58.8,False
2024-01-13 04:00:00,S-03,17.88,55.8,False
2024-01-13 05:00:00,S-03,17.18,56.6,False
2024-01-13 06:00:00,S-03,17.72,55.3,False
2024-01-13 07:00:00,S-03,19.21,49.4,False
2024-01-13 08:00:00,S-03,21.27,52.0,False
2024-01-13 09:00:00,S-03,20.18,52.2,False
2024-01-13 10:00:00,S-03,20.25,49.5,False
2024-01-13 11:00:00,S-03,23.03,48.5,False
2024-01-13 12:00:00,S-03,22.63,51.4,False
2024-01-13 13:00:00,S-03,21.67,57.0,False
2024-01-13 14:00:00,S-03,21.58,50.3,False
2024-01-13 15:00:00,S-03,21.9,55.5,False
2024-01-13 16:00:00,S-03,18.06,54.8,False
2024-01-13 17:00:00,S-03,20.29,54.8,False
2024-01-13 18:00:00,S-03,18.13,55.3,False
2024-01-13 19:00:00,S-03,17.8,58.7,False
2024-01-13 20:00:00,S-03,16.28,58.7,False
2024-01-13 21:00:00,S-03,17.98,55.1,False
2024-01-13 22:00:00,S-03,14.43,55.9,False
2024-01-13 23:00:00,S-03,15.43,62.2,False
2024-01-14 00:00:00,S-03,12.39,58.5,False
2024-01-14 01:00:00,S-03,14.66,58.4,False
2024-01-14 02:00:00,S-03,15.7,64.3,False
2024-01-14 03:00:00,S-03,14.52,61.1,False
2024-01-14 04:00:00,S-03,15.0,60.1,False
2024-01-14 05:00:00,S-03,17.7,57.0,False
2024-01-14 06:00:00,S-03,19.51,55.1,False
2024-01-14 07:00:00,S-03,20.73,51.9,False
2024-01-14 08:00:00,S-03,20.26,54.5,False
2024-01-14 09:00:00,S-03,21.95,51.0,False
2024-01-14 10:00:00,S-03,21.24,51.3,False
2024-01-14 11:00:00,S-03,24.2,50.2,False
2024-01-14 12:00:00,S-03,22.55,52.7,False
2024-01-14 13:00:00,S-03,23.93,50.2,False
2024-01-14 14:00:00,S-03,22.36,53.8,False
2024-01-14 15:00:00,S-03,21.73,57.3,False
2024-01-14 16:00:00,S-03,22.51,55.9,False
2024-01-14 17:00:00,S-03,19.61,54.6,False
2024-01-14 18:00:00,S-03,20.36,50.1,False
2024-01-14 19:00:00,S-03,18.07,59.6,False
2024-01-14 20:00:00,S-03,16.74,58.1,False
2024-01-14 21:00:00,S-03,16.0,60.9,False
2024-01-14 22:00:00,S-03,16.99,56.4,False
2024-01-14 23:00:00,S-03,15.69,61.6,False
2024-01-15 00:00:00,S-03,15.39,56.1,False
2024-01-15 01:00:00,S-03,14.67,60.8,False
2024-01-15 02:00:00,S-03,17.26,53.1,False
2024-01-15 03:00:00,S-03,17.86,62.4,False
2024-01-15 04:00:00,S-03,18.16,55.3,False
2024-01-15 05:00:00,S-03,19.55,48.2,False
2024-01-15 06:00:00,S-03,17.42,60.8,False
2024-01-15 07:00:00,S-03,20.69,55.9,False
2024-01-15 08:00:00,S-03,22.26,55.3,False
2024-01-15 09:00:00,S-03,23.1,46.8,False
2024-01-15 10:00:00,S-03,23.25,51.1,False
2024-01-15 11:00:00,S-03,24.35,52.6,False
2024-01-15 12:00:00,S-03,23.76,48.8,False
2024-01-15 13:00:00,S-03,23.74,50.6,False
2024-01-15 14:00:00,S-03,22.92,49.8,False
2024-01-15 15:00:00,S-03,23.44,48.9,False
2024-01-15 16:00:00,S-03,21.97,55.6,False
2024-01-15 17:00:00,S-03,21.23,50.1,False
2024-01-15 18:00:00,S-03,21.75,51.9,False
2024-01-15 19:00:00,S-03,19.62,56.1,False
2024-01-15 20:00:00,S-03,18.7,55.6,False
2024-01-15 21:00:00,S-03,16.72,60.4,False
2024-01-15 22:00:00,S-03,16.93,51.7,False
2024-01-15 23:00:00,S-03,17.78,60.0,False
2024-01-16 00:00:00,S-03,17.33,53.6,False
2024-01-16 01:00:00,S-03,17.11,56.8,False
2024-01-16 02:00:00,S-03,17.36,56.1,False
2024-01-16 03:00:00,S-03,18.22,57.5,False
2024-01-16 04:00:00,S-03,19.35,54.2,False
2024-01-16 05:00:00,S-03,19.76,53.0,False
2024-01-16 06:00:00,S-03,19.09,57.1,False
2024-01-16 07:00:00,S-03,23.72,55.6,False
2024-01-16 08:00:00,S-03,24.04,47.3,False
2024-01-16 09:00:00,S-03,23.86,47.3,False
2024-01-16 10:00:00,S-03,25.77,45.3,False
2024-01-16 11:00:00,S-03,24.01,45.5,False
2024-01-16 12:00:00,S-03,26.24,42.8,False
2024-01-16 13:00:00,S-03,25.24,46.2,False
2024-01-16 14:00:00,S-03,25.41,49.5,False
2024-01-16 15:00:00,S-03,23.79,47.9,False
2024-01-16 16:00:00,S-03,23.37,47.4,False
2024-01-16 17:00:00,S-03,22.76,50.3,False
2024-01-16 18:00:00,S-03,22.09,49.0,False
2024-01-16 19:00:00,S-03,20.63,61.1,False
2024-01-16 20:00:00,S-03,19.61,58.9,False
2024-01-16 21:00:00,S-03,17.95,56.5,False
2024-01-16 22:00:00,S-03,19.16,49.9,False
2024-01-16 23:00:00,S-03,17.54,55.2,False
2024-01-17 00:00:00,S-03,17.05,54.7,False
2024-01-17 01:00:00,S-03,17.1,54.8,False
2024-01-17 02:00:00,S-03,16.78,51.3,False
2024-01-17 03:00:00,S-03,17.77,55.0,False
2024-01-17 04:00:00,S-03,17.95,54.6,False
2024-01-17 05:00:00,S-03,20.28,51.6,False
2024-01-17 06:00:00,S-03,21.07,48.8,False
2024-01-17 07:00:00,S-03,22.32,52.2,False
2024-01-17 08:00:00,S-03,22.08,48.8,False
2024-01-17 09:00:00,S-03,23.55,43.0,False
2024-01-17 10:00:00,S-03,23.98,46.1,False
2024-01-17 11:00:00,S-03,25.65,49.4,False
2024-01-17 12:00:00,S-03,23.77,52.9,False
2024-01-17 13:00:00,S-03,23.58,46.2,False
2024-01-17 14:00:00,S-03,25.39,46.9,False
2024-01-17 15:00:00,S-03,23.98,50.7,False
2024-01-17 16:00:00,S-03,21.56,54.7,False
2024-01-17 17:00:00,S-03,22.89,49.0,False
2024-01-17 18:00:00,S-03,21.93,52.4,False
2024-01-17 19:00:00,S-03,20.57,51.9,False
2024-01-17 20:00:00,S-03,17.0,52.1,False
2024-01-17 21:00:00,S-03,17.87,59.1,False
2024-01-17 22:00:00,S-03,16.4,57.9,False
2024-01-17 23:00:00,S-03,16.44,59.3,False
2024-01-18 00:00:00,S-03,15.2,59.0,False
2024-01-18 01:00:00,S-03,17.94,53.7,False
2024-01-18 02:00:00,S-03,16.35,56.8,False
2024-01-18 03:00:00,S-03,17.71,57.6,False
2024-01-18 04:00:00,S-03,18.91,51.4,False
2024-01-18 05:00:00,S-03,19.67,58.8,False
2024-01-18 06:00:00,S-03,20.49,59.9,False
2024-01-18 07:00:00,S-03,20.83,46.1,False
2024-01-18 08:00:00,S-03,22.23,53.8,False
2024-01-18 09:00:00,S-03,22.65,49.4,False
2024-01-18 10:00:00,S-03,21.59,53.7,False
2024-01-18 11:00:00,S-03,24.56,48.9,False
2024-01-18 12:00:00,S-03,23.34,49.3,False
2024-01-18 13:00:00,S-03,23.23,52.6,False
2024-01-18 14:00:00,S-03,22.86,50.7,False
2024-01-18 15:00:00,S-03,21.39,56.5,False
2024-01-18 16:00:00,S-03,20.65,54.0,False
2024-01-18 17:00:00,S-03,19.16,50.6,False
2024-01-18 18:00:00,S-03,19.89,53.5,False
2024-01-18 19:00:00,S-03,19.37,54.6,False
2024-01-18 20:00:00,S-03,17.47,55.2,False
2024-01-18 21:00:00,S-03,15.62,55.5,False
2024-01-18 22:00:00,S-03,16.89,63.3,False
2024-01-18 23:00:00,S-03,15.14,59.5,False
2024-01-19 00:00:00,S-03,13.93,61.0,False
2024-01-19 01:00:00,S-03,13.79,56.5,False
2024-01-19 02:00:00,S-03,15.8,60.5,False
2024-01-19 03:00:00,S-03,17.4,56.6,False
2024-01-19 04:00:00,S-03,16.72,61.0,False
2024-01-19 05:00:00,S-03,17.44,61.9,False
2024-01-19 06:00:00,S-03,18.72,53.5,False
2024-01-19 07:00:00,S-03,19.25,52.6,False
2024-01-19 08:00:00,S-03,20.42,56.8,False
2024-01-19 09:00:00,S-03,21.85,54.8,False
2024-01-19 10:00:00,S-03,21.67,52.8,False
2024-01-19 11:00:00,S-03,23.35,52.0,False
2024-01-19 12:00:00,S-03,21.93,50.6,False
2024-01-19 13:00:00,S-03,23.11,50.1,False
2024-01-19 14:00:00,S-03,22.39,51.0,False
2024-01-19 15:00:00,S-03,21.14,46.2,False
2024-01-19 16:00:00,S-03,20.35,55.6,False
2024-01-19 17:00:00,S-03,19.34,57.0,False
2024-01-19 18:00:00,S-03,19.89,51.3,False
2024-01-19 19:00:00,S-03,16.84,56.1,False
2024-01-19 20:00:00,S-03,17.45,57.8,False
2024-01-19 21:00:00,S-03,16.46,60.2,False
2024-01-19 22:00:00,S-03,14.73,60.2,False
2024-01-19 23:00:00,S-03,15.89,57.5,False
2024-01-20 00:00:00,S-03,12.54,64.1,False
2024-01-20 01:00:00,S-03,14.77,60.5,False
2024-01-20 02:00:00,S-03,15.07,56.9,False
2024-01-20 03:00:00,S-03,15.61,58.2,False
2024-01-20 04:00:00,S-03,17.09,56.3,False
2024-01-20 05:00:00,S-03,17.06,59.3,False
2024-01-20 06:00:00,S-03,18.27,52.1,False
2024-01-20 07:00:00,S-03,20.38,51.1,False
2024-01-20 08:00:00,S-03,20.33,52.3,False
2024-01-20 09:00:00,S-03,20.44,53.4,False
2024-01-20 10:00:00,S-03,22.36,58.0,False
2024-01-20 11:00:00,S-03,22.25,50.7,False
2024-01-20 12:00:00,S-03,22.02,54.5,False
2024-01-20 13:00:00,S-03,22.79,52.8,False
2024-01-20 14:00:00,S-03,21.35,56.0,False
2024-01-20 15:00:00,S-03,20.56,58.3,False
2024-01-20 16:00:00,S-03,20.33,55.2,False
2024-01-20 17:00:00,S-03,19.45,51.7,False
2024-01-20 18:00:00,S-03,18.63,54.5,False
2024-01-20 19:00:00,S-03,16.62,62.3,False
2024-01-20 20:00:00,S-03,18.02,62.5,False
2024-01-20 21:00:00,S-03,16.39,61.9,False
2024-01-20 22:00:00,S-03,15.36,66.5,False
2024-01-20 23:00:00,S-03,15.07,61.8,False
2024-01-21 00:00:00,S-03,12.78,60.1,False
2024-01-21 01:00:00,S-03,15.7,59.3,False
2024-01-21 02:00:00,S-03,14.58,61.2,False
2024-01-21 03:00:00,S-03,16.47,60.8,False
2024-01-21 04:00:00,S-03,15.99,61.2,False
2024-01-21 05:00:00,S-03,18.74,52.8,False
2024-01-21 06:00:00,S-03,18.6,59.0,False
2024-01-21 07:00:00,S-03,19.94,52.3,False
2024-01-21 08:00:00,S-03,22.35,51.9,False
2024-01-21 09:00:00,S-03,22.79,52.4,False
2024-01-21 10:00:00,S-03,21.59,54.0,False
2024-01-21 11:00:00,S-03,22.58,52.3,False
2024-01-21 12:00:00,S-03,23.48,48.1,False
2024-01-21 13:00:00,S-03,23.06,49.8,False
2024-01-21 14:00:00,S-03,23.54,52.4,False
2024-01-21 15:00:00,S-03,21.77,50.4,False
2024-01-21 16:00:00,S-03,20.04,50.4,False
2024-01-21 17:00:00,S-03,19.91,46.5,False
2024-01-21 18:00:00,S-03,19.51,54.5,False
2024-01-21 19:00:00,S-03,19.12,52.3,False
2024-01-21 20:00:00,S-03,18.37,55.8,False
2024-01-21 21:00:00,S-03,18.0,53.1,False
2024-01-21 22:00:00,S-03,16.61,56.6,False
2024-01-21 23:00:00,S-03,15.92,57.7,False
2024-01-22 00:00:00,S-03,16.59,60.7,False
2024-01-22 01:00:00,S-03,16.12,55.9,False
2024-01-22 02:00:00,S-03,16.28,54.8,False
2024-01-22 03:00:00,S-03,16.97,57.8,False
2024-01-22 04:00:00,S-03,18.98,57.5,False
2024-01-22 05:00:00,S-03,20.44,50.6,False
2024-01-22 06:00:00,S-03,21.4,53.7,False
2024-01-22 07:00:00,S-03,20.16,53.7,False
2024-01-22 08:00:00,S-03,23.34,51.3,False
2024-01-22 09:00:00,S-03,22.45,45.4,False
2024-01-22 10:00:00,S-03,23.76,49.6,False
2024-01-22 11:00:00,S-03,24.96,47.1,False
2024-01-22 12:00:00,S-03,23.61,50.1,False
2024-01-22 13:00:00,S-03,23.61,47.5,False
2024-01-22 14:00:00,S-03,23.64,49.1,False
2024-01-22 15:00:00,S-03,25.01,41.4,False
2024-01-22 16:00:00,S-03,23.74,49.3,False
2024-01-22 17:00:00,S-03,21.24,56.3,False
2024-01-22 18:00:00,S-03,21.08,53.1,False
2024-01-22 19:00:00,S-03,20.09,53.9,False
2024-01-22 20:00:00,S-03,19.31,55.7,False
2024-01-22 21:00:00,S-03,17.71,60.7,False
2024-01-22 22:00:00,S-03,18.84,53.2,False
2024-01-22 23:00:00,S-03,17.02,53.1,False
2024-01-23 00:00:00,S-03,17.88,53.1,False
2024-01-23 01:00:00,S-03,16.05,56.6,False
2024-01-23 02:00:00,S-03,18.14,56.3,False
2024-01-23 03:00:00,S-03,18.61,57.9,False
2024-01-23 04:00:00,S-03,20.44,51.1,False
2024-01-23 05:00:00,S-03,18.27,52.9,False
2024-01-23 06:00:00,S-03,21.86,54.2,False
2024-01-23 07:00:00,S-03,23.13,53.2,False
2024-01-23 08:00:00,S-03,23.25,47.6,False
2024-01-23 09:00:00,S-03,25.37,49.6,False
2024-01-23 10:00:00,S-03,26.65,45.3,False
2024-01-23 11:00:00,S-03,26.09,45.1,False
2024-01-23 12:00:00,S-03,26.19,46.0,False
2024-01-23 13:00:00,S-03,26.49,43.5,False
2024-01-23 14:00:00,S-03,25.38,42.3,False
2024-01-23 15:00:00,S-03,25.38,43.1,False
2024-01-23 16:00:00,S-03,24.06,46.7,False
2024-01-23 17:00:00,S-03,22.07,52.2,False
2024-01-23 18:00:00,S-03,20.75,54.1,False
2024-01-23 19:00:00,S-03,21.49,54.5,False
2024-01-23 20:00:00,S-03,20.07,51.4,False
2024-01-23 21:00:00,S-03,18.22,55.8,False
2024-01-23 22:00:00,S-03,18.14,51.7,False
2024-01-23 23:00:00,S-03,18.88,52.2,False
2024-01-24 00:00:00,S-03,16.19,61.4,False
2024-01-24 01:00:00,S-03,16.97,57.0,False
2024-01-24 02:00:00,S-03,18.63,61.0,False
2024-01-24 03:00:00,S-03,19.35,56.6,False
2024-01-24 04:00:00,S-03,18.57,54.1,False
2024-01-24 05:00:00,S-03,19.65,52.1,False
2024-01-24 06:00:00,S-03,21.6,45.7,False
2024-01-24 07:00:00,S-03,23.6,53.3,False
2024-01-24 08:00:00,S-03,23.43,52.6,False
2024-01-24 09:00:00,S-03,22.36,61.6,False
2024-01-24 10:00:00,S-03,25.65,53.2,False
2024-01-24 11:00:00,S-03,25.18,48.6,False
2024-01-24 12:00:00,S-03,24.93,44.8,False
2024-01-24 13:00:00,S-03,24.2,43.5,False
2024-01-24 14:00:00,S-03,25.65,45.9,False
2024-01-24 15:00:00,S-03,24.23,48.6,False
2024-01-24 16:00:00,S-03,23.48,45.2,False
2024-01-24 17:00:00,S-03,22.43,52.9,False
2024-01-24 18:00:00,S-03,21.42,55.0,False
2024-01-24 19:00:00,S-03,20.66,50.1,False
2024-01-24 20:00:00,S-03,20.36,52.6,False
2024-01-24 21:00:00,S-03,17.26,52.9,False
2024-01-24 22:00:00,S-03,17.37,59.9,False
2024-01-24 23:00:00,S-03,16.62,55.2,False
2024-01-25 00:00:00,S-03,18.15,52.6,False
2024-01-25 01:00:00,S-03,16.66,51.9,False
2024-01-25 02:00:00,S-03,15.95,55.6,False
2024-01-25 03:00:00,S-03,17.8,51.2,False
2024-01-25 04:00:00,S-03,18.01,59.3,False
2024-01-25 05:00:00,S-03,18.92,57.0,False
2024-01-25 06:00:00,S-03,20.14,49.9,False
2024-01-25 07:00:00,S-03,20.43,50.6,False
2024-01-25 08:00:00,S-03,20.84,52.5,False
2024-01-25 09:00:00,S-03,24.72,48.4,False
2024-01-25 10:00:00,S-03,23.64,46.2,False
2024-01-25 11:00:00,S-03,23.34,53.8,False
2024-01-25 12:00:00,S-03,24.67,50.1,False
2024-01-25 13:00:00,S-03,25.05,53.7,False
2024-01-25 14:00:00,S-03,22.13,42.9,False
2024-01-25 15:00:00,S-03,22.48,46.0,False
2024-01-25 16:00:00,S-03,22.18,53.3,False
2024-01-25 17:00:00,S-03,20.26,54.1,False
2024-01-25 18:00:00,S-03,20.21,52.7,False
2024-01-25 19:00:00,S-03,17.77,53.0,False
2024-01-25 20:00:00,S-03,17.21,58.6,False
2024-01-25 21:00:00,S-03,16.77,56.1,False
2024-01-25 22:00:00,S-03,16.52,62.0,False
2024-01-25 23:00:00,S-03,15.76,62.2,False
2024-01-26 00:00:00,S-03,15.0,62.5,False
2024-01-26 01:00:00,S-03,15.34,53.8,False
2024-01-26 02:00:00,S-03,14.29,61.6,False
2024-01-26 03:00:00,S-03,18.28,61.1,False
2024-01-26 04:00:00,S-03,17.03,62.9,False
2024-01-26 05:00:00,S-03,18.04,59.9,False
2024-01-26 06:00:00,S-03,19.48,57.8,False
2024-01-26 07:00:00,S-03,20.72,50.6,False
2024-01-26 08:00:00,S-03,21.47,56.4,False
2024-01-26 09:00:00,S-03,21.44,57.7,False
2024-01-26 10:00:00,S-03,21.25,53.6,False
2024-01-26 11:00:00,S-03,22.8,52.0,False
2024-01-26 12:00:00,S-03,22.41,50.5,False
2024-01-26 13:00:00,S-03,22.43,51.4,False
2024-01-26 14:00:00,S-03,22.45,49.9,False
2024-01-26 15:00:00,S-03,21.98,52.8,False
2024-01-26 16:00:00,S-03,21.96,50.9,False
2024-01-26 17:00:00,S-03,19.82,49.4,False
2024-01-26 18:00:00,S-03,17.5,54.9,False
2024-01-26 19:00:00,S-03,18.29,57.1,False
2024-01-26 20:00:00,S-03,17.58,57.3,False
2024-01-26 21:00:00,S-03,14.67,64.6,False
2024-01-26 22:00:00,S-03,15.83,61.7,False
2024-01-26 23:00:00,S-03,15.08,63.6,False
2024-01-27 00:00:00,S-03,14.34,60.4,False
2024-01-27 01:00:00,S-03,15.04,63.0,False
2024-01-27 02:00:00,S-03,15.61,56.9,False
2024-01-27 03:00:00,S-03,16.4,56.1,False
2024-01-27 04:00:00,S-03,17.67,59.3,False
2024-01-27 05:00:00,S-03,17.71,57.3,False
2024-01-27 06:00:00,S-03,18.75,52.9,False
2024-01-27 07:00:00,S-03,21.73,54.6,False
2024-01-27 08:00:00,S-03,19.9,58.3,False
2024-01-27 09:00:00,S-03,21.38,54.4,False
2024-01-27 10:00:00,S-03,21.96,55.4,False
2024-01-27 11:00:00,S-03,23.27,52.7,False
2024-01-27 12:00:00,S-03,23.69,52.1,False
2024-01-27 13:00:00,S-03,21.62,49.4,False
2024-01-27 14:00:00,S-03,23.29,44.2,False
2024-01-27 15:00:00,S-03,20.73,51.9,False
2024-01-27 16:00:00,S-03,22.97,40.4,False
2024-01-27 17:00:00,S-03,19.4,52.8,False
2024-01-27 18:00:00,S-03,19.81,50.6,False
2024-01-27 19:00:00,S-03,17.7,56.9,False
2024-01-27 20:00:00,S-03,17.55,54.6,False
2024-01-27 21:00:00,S-03,15.59,59.1,False
2024-01-27 22:00:00,S-03,15.69,56.2,False
2024-01-27 23:00:00,S-03,15.24,58.7,False
2024-01-28 00:00:00,S-03,15.19,64.0,False
2024-01-28 01:00:00,S-03,15.93,55.5,False
2024-01-28 02:00:00,S-03,15.38,54.0,False
2024-01-28 03:00:00,S-03,16.15,62.6,False
2024-01-28 04:00:00,S-03,16.22,60.6,False
2024-01-28 05:00:00,S-03,18.17,55.8,False
2024-01-28 06:00:00,S-03,18.97,53.8,False
2024-01-28 07:00:00,S-03,21.16,53.3,False
2024-01-28 08:00:00,S-03,22.0,50.3,False
2024-01-28 09:00:00,S-03,21.76,54.6,False
2024-01-28 10:00:00,S-03,23.38,48.8,False
2024-01-28 11:00:00,S-03,24.53,46.4,False
2024-01-28 12:00:00,S-03,23.5,51.2,False
2024-01-28 13:00:00,S-03,22.64,48.2,False
2024-01-28 14:00:00,S-03,25.21,49.2,False
2024-01-28 15:00:00,S-03,23.1,46.5,False
2024-01-28 16:00:00,S-03,22.44,49.2,False
2024-01-28 17:00:00,S-03,22.98,50.7,False
2024-01-28 18:00:00,S-03,19.35,52.4,False
2024-01-28 19:00:00,S-03,19.26,57.6,False
2024-01-28 20:00:00,S-03,16.59,57.6,False
2024-01-28 21:00:00,S-03,17.73,57.1,False
2024-01-28 22:00:00,S-03,17.08,51.3,False
2024-01-28 23:00:00,S-03,15.79,60.5,False
2024-01-29 00:00:00,S-03,15.66,59.2,False
2024-01-29 01:00:00,S-03,16.39,52.1,False
2024-01-29 02:00:00,S-03,16.81,58.3,False
2024-01-29 03:00:00,S-03,18.95,56.0,False
2024-01-29 04:00:00,S-03,18.37,53.5,False
2024-01-29 05:00:00,S-03,19.47,51.1,False
2024-01-29 06:00:00,S-03,20.54,48.8,False
2024-01-29 07:00:00,S-03,20.5,53.2,False
2024-01-29 08:00:00,S-03,22.41,51.0,False
2024-01-29 09:00:00,S-03,22.6,50.0,False
2024-01-29 10:00:00,S-03,24.47,54.5,False
2024-01-29 11:00:00,S-03,23.07,50.0,False
2024-01-29 12:00:00,S-03,33.67,37.8,True
2024-01-29 13:00:00,S-03,25.13,42.8,False
2024-01-29 14:00:00,S-03,22.9,51.2,False
2024-01-29 15:00:00,S-03,22.75,53.2,False
2024-01-29 16:00:00,S-03,24.01,46.2,False
2024-01-29 17:00:00,S-03,21.23,58.6,False
2024-01-29 18:00:00,S-03,21.3,50.5,False
2024-01-29 19:00:00,S-03,20.56,53.5,False
2024-01-29 20:00:00,S-03,18.55,54.4,False
2024-01-29 21:00:00,S-03,17.26,55.8,False
2024-01-29 22:00:00,S-03,19.24,46.0,False
2024-01-29 23:00:00,S-03,17.21,59.7,False
2024-01-30 00:00:00,S-03,17.97,49.6,False
2024-01-30 01:00:00,S-03,17.12,60.9,False
2024-01-30 02:00:00,S-03,18.46,52.2,False
2024-01-30 03:00:00,S-03,17.78,54.8,False
2024-01-30 04:00:00,S-03,18.59,63.0,False
2024-01-30 05:00:00,S-03,19.85,51.0,False
2024-01-30 06:00:00,S-03,21.25,51.6,False
2024-01-30 07:00:00,S-03,22.31,47.2,False
2024-01-30 08:00:00,S-03,23.53,48.9,False
2024-01-30 09:00:00,S-03,24.99,49.0,False
2024-01-30 10:00:00,S-03,24.87,52.6,False
2024-01-30 11:00:00,S-03,26.47,38.1,False
2024-01-30 12:00:00,S-03,25.34,47.1,False
2024-01-30 13:00:00,S-03,26.28,48.0,False
2024-01-30 14:00:00,S-03,26.41,48.7,False
2024-01-30 15:00:00,S-03,26.13,44.0,False
2024-01-30 16:00:00,S-03,22.32,51.2,False
2024-01-30 17:00:00,S-03,24.34,54.2,False
2024-01-30 18:00:00,S-03,20.51,54.2,False
2024-01-30 19:00:00,S-03,22.02,57.7,False
2024-01-30 20:00:00,S-03,19.91,50.2,False
2024-01-30 21:00:00,S-03,19.37,52.3,False
2024-01-30 22:00:00,S-03,17.69,56.6,False
2024-01-30 23:00:00,S-03,18.79,52.1,False
2024-01-31 00:00:00,S-03,18.45,57.6,False
2024-01-31 01:00:00,S-03,17.58,53.3,False
2024-01-31 02:00:00,S-03,17.91,57.3,False
2024-01-31 03:00:00,S-03,19.71,49.5,False
2024-01-31 04:00:00,S-03,20.67,50.4,False
2024-01-31 05:00:00,S-03,21.4,52.8,False
2024-01-31 06:00:00,S-03,21.49,53.7,False
2024-01-31 07:00:00,S-03,22.81,47.5,False
2024-01-31 08:00:00,S-03,24.5,43.8,False
2024-01-31 09:00:00,S-03,25.22,49.1,False
2024-01-31 10:00:00,S-03,26.06,43.4,False
2024-01-31 11:00:00,S-03,25.64,48.2,False
2024-01-31 12:00:00,S-03,25.07,51.6,False
2024-01-31 13:00:00,S-03,25.69,48.9,False
2024-01-31 14:00:00,S-03,25.39,42.7,False
2024-01-31 15:00:00,S-03,23.93,52.8,False
2024-01-31 16:00:00,S-03,23.85,52.5,False
2024-01-31 17:00:00,S-03,21.81,49.8,False
2024-01-31 18:00:00,S-03,21.61,50.5,False
2024-01-31 19:00:00,S-03,19.84,58.2,False
2024-01-31 20:00:00,S-03,21.01,53.5,False
2024-01-31 21:00:00,S-03,19.4,55.8,False
2024-01-31 22:00:00,S-03,17.98,59.5,False
2024-01-31 23:00:00,S-03,16.27,59.9,False
2024-02-01 00:00:00,S-03,16.15,66.9,False
2024-02-01 01:00:00,S-03,17.78,60.6,False
2024-02-01 02:00:00,S-03,17.45,57.3,False
2024-02-01 03:00:00,S-03,18.4,56.1,False
2024-02-01 04:00:00,S-03,17.67,55.7,False
2024-02-01 05:00:00,S-03,18.64,59.1,False
2024-02-01 06:00:00,S-03,20.92,49.1,False
2024-02-01 07:00:00,S-03,21.64,54.5,False
2024-02-01 08:00:00,S-03,21.66,50.0,False
2024-02-01 09:00:00,S-03,22.86,44.8,False
2024-02-01 10:00:00,S-03,24.71,51.1,False
2024-02-01 11:00:00,S-03,24.08,50.2,False
2024-02-01 12:00:00,S-03,24.97,48.7,False
2024-02-01 13:00:00,S-03,25.64,46.1,False
2024-02-01 14:00:00,S-03,24.13,48.8,False
2024-02-01 15:00:00,S-03,23.28,48.0,False
2024-02-01 16:00:00,S-03,21.81,55.7,False
2024-02-01 17:00:00,S-03,22.25,55.3,False
2024-02-01 18:00:00,S-03,19.03,54.9,False
2024-02-01 19:00:00,S-03,18.22,56.0,False
2024-02-01 20:00:00,S-03,18.07,57.0,False
2024-02-01 21:00:00,S-03,16.02,61.3,False
2024-02-01 22:00:00,S-03,17.3,57.8,False
2024-02-01 23:00:00,S-03,15.57,57.8,False
2024-02-02 00:00:00,S-03,16.3,57.6,False
2024-02-02 01:00:00,S-03,15.72,59.8,False
2024-02-02 02:00:00,S-03,16.12,58.1,False
2024-02-02 03:00:00,S-03,16.92,56.4,False
2024-02-02 04:00:00,S-03,16.12,62.2,False
2024-02-02 05:00:00,S-03,17.74,57.8,False
2024-02-02 06:00:00,S-03,19.23,57.6,False
2024-02-02 07:00:00,S-03,22.38,48.3,False
2024-02-02 08:00:00,S-03,22.18,53.8,False
2024-02-02 09:00:00,S-03,22.9,50.5,False
2024-02-02 10:00:00,S-03,22.08,50.6,False
2024-02-02 11:00:00,S-03,23.99,47.0,False
2024-02-02 12:00:00,S-03,24.38,46.7,False
2024-02-02 13:00:00,S-03,23.82,47.9,False
2024-02-02 14:00:00,S-03,24.88,48.4,False
2024-02-02 15:00:00,S-03,21.04,52.4,False
2024-02-02 16:00:00,S-03,20.4,59.5,False
2024-02-02 17:00:00,S-03,20.06,55.3,False
2024-02-02 18:00:00,S-03,18.43,56.5,False
2024-02-02 19:00:00,S-03,18.2,55.8,False
2024-02-02 20:00:00,S-03,17.59,54.4,False
2024-02-02 21:00:00,S-03,16.32,55.9,False
2024-02-02 22:00:00,S-03,15.76,60.1,False
2024-02-02 23:00:00,S-03,15.59,54.6,False
2024-02-03 00:00:00,S-03,15.74,63.9,False
2024-02-03 01:00:00,S-03,14.71,65.0,False
2024-02-03 02:00:00,S-03,15.1,55.3,False
2024-02-03 03:00:00,S-03,17.22,60.9,False
2024-02-03 04:00:00,S-03,16.82,61.0,False
2024-02-03 05:00:00,S-03,17.39,60.4,False
2024-02-03 06:00:00,S-03,19.32,56.8,False
2024-02-03 07:00:00,S-03,19.85,59.0,False
2024-02-03 08:00:00,S-03,21.19,50.0,False
2024-02-03 09:00:00,S-03,21.88,50.3,False
2024-02-03 10:00:00,S-03,23.08,52.0,False
2024-02-03 11:00:00,S-03,23.72,49.6,False
2024-02-03 12:00:00,S-03,22.47,46.6,False
2024-02-03 13:00:00,S-03,22.04,53.9,False
2024-02-03 14:00:00,S-03,23.91,52.3,False
2024-02-03 15:00:00,S-03,21.47,51.5,False
2024-02-03 16:00:00,S-03,19.97,55.1,False
2024-02-03 17:00:00,S-03,18.75,58.3,False
2024-02-03 18:00:00,S-03,19.23,48.5,False
2024-02-03 19:00:00,S-03,17.74,55.0,False
2024-02-03 20:00:00,S-03,15.85,56.3,False
2024-02-03 21:00:00,S-03,15.76,58.6,False
2024-02-03 22:00:00,S-03,15.07,56.1,False
2024-02-03 23:00:00,S-03,16.35,54.5,False
2024-02-04 00:00:00,S-03,15.64,59.8,False
2024-02-04 01:00:00,S-03,15.61,64.7,False
2024-02-04 02:00:00,S-03,15.05,56.1,False
2024-02-04 03:00:00,S-03,16.59,62.8,False
2024-02-04 04:00:00,S-03,18.14,59.0,False
2024-02-04 05:00:00,S-03,18.74,58.5,False
2024-02-04 06:00:00,S-03,20.54,57.2,False
2024-02-04 07:00:00,S-03,20.84,51.6,False
2024-02-04 08:00:00,S-03,22.35,54.5,False
2024-02-04 09:00:00,S-03,23.03,45.7,False
2024-02-04 10:00:00,S-03,22.9,48.0,False
2024-02-04 11:00:00,S-03,24.87,49.1,False
2024-02-04 12:00:00,S-03,24.28,51.1,False
2024-02-04 13:00:00,S-03,24.57,44.3,False
2024-02-04 14:00:00,S-03,22.71,44.9,False
2024-02-04 15:00:00,S-03,22.11,52.6,False
2024-02-04 16:00:00,S-03,22.07,52.3,False
2024-02-04 17:00:00,S-03,20.66,55.2,False
2024-02-04 18:00:00,S-03,20.82,52.7,False
2024-02-04 19:00:00,S-03,19.67,50.4,False
2024-02-04 20:00:00,S-03,19.42,58.0,False
2024-02-04 21:00:00,S-03,18.14,58.5,False
2024-02-04 22:00:00,S-03,16.18,59.0,False
2024-02-04 23:00:00,S-03,17.5,63.5,False
2024-02-05 00:00:00,S-03,16.15,59.3,False
2024-02-05 01:00:00,S-03,16.28,63.0,False
2024-02-05 02:00:00,S-03,17.37,56.7,False
2024-02-05 03:00:00,S-03,18.01,47.6,False
2024-02-05 04:00:00,S-03,19.73,50.8,False
2024-02-05 05:00:00,S-03,22.18,43.0,False
2024-02-05 06:00:00,S-03,21.35,51.6,False
2024-02-05 07:00:00,S-03,23.27,53.6,False
2024-02-05 08:00:00,S-03,22.96,45.2,False
2024-02-05 09:00:00,S-03,24.28,51.0,False
2024-02-05 10:00:00,S-03,24.29,48.0,False
2024-02-05 11:00:00,S-03,24.81,50.9,False
2024-02-05 12:00:00,S-03,26.42,47.4,False
2024-02-05 13:00:00,S-03,25.62,44.2,False
2024-02-05 14:00:00,S-03,25.27,49.4,False
2024-02-05 15:00:00,S-03,23.68,49.4,False
2024-02-05 16:00:00,S-03,24.91,50.8,False
2024-02-05 17:00:00,S-03,22.49,56.8,False
2024-02-05 18:00:00,S-03,21.12,52.0,False
2024-02-05 19:00:00,S-03,20.63,58.1,False
2024-02-05 20:00:00,S-03,20.27,53.3,False
2024-02-05 21:00:00,S-03,19.54,56.3,False
2024-02-05 22:00:00,S-03,19.52,55.1,False
2024-02-05 23:00:00,S-03,17.14,55.4,False
2024-02-06 00:00:00,S-03,17.54,57.3,False
2024-02-06 01:00:00,S-03,19.31,53.4,False
2024-02-06 02:00:00,S-03,20.31,55.3,False
2024-02-06 03:00:00,S-03,18.66,52.4,False
2024-02-06 04:00:00,S-03,19.95,51.1,False
2024-02-06 05:00:00,S-03,19.78,56.8,False
2024-02-06 06:00:00,S-03,21.42,53.9,False
2024-02-06 07:00:00,S-03,22.44,52.8,False
2024-02-06 08:00:00,S-03,24.05,50.8,False
2024-02-06 09:00:00,S-03,24.03,52.3,False
2024-02-06 10:00:00,S-03,26.38,47.8,False
2024-02-06 11:00:00,S-03,26.01,49.5,False
2024-02-06 12:00:00,S-03,26.0,44.4,False
2024-02-06 13:00:00,S-03,26.82,47.3,False
2024-02-06 14:00:00,S-03,25.48,45.2,False
2024-02-06 15:00:00,S-03,24.08,45.4,False
2024-02-06 16:00:00,S-03,24.27,48.2,False
2024-02-06 17:00:00,S-03,25.02,49.9,False
2024-02-06 18:00:00,S-03,22.33,51.2,False
2024-02-06 19:00:00,S-03,21.64,57.4,False
2024-02-06 20:00:00,S-03,20.1,55.9,False
2024-02-06 21:00:00,S-03,19.25,56.2,False
2024-02-06 22:00:00,S-03,19.18,55.3,False
2024-02-06 23:00:00,S-03,16.26,54.4,False
2024-02-07 00:00:00,S-03,17.24,57.5,False
2024-02-07 01:00:00,S-03,17.88,56.6,False
2024-02-07 02:00:00,S-03,18.52,61.0,False
2024-02-07 03:00:00,S-03,20.52,51.0,False
2024-02-07 04:00:00,S-03,22.13,51.1,False
2024-02-07 05:00:00,S-03,21.62,49.9,False
2024-02-07 06:00:00,S-03,22.45,51.5,False
2024-02-07 07:00:00,S-03,23.69,44.4,False
2024-02-07 08:00:00,S-03,25.28,48.5,False
2024-02-07 09:00:00,S-03,24.1,49.1,False
2024-02-07 10:00:00,S-03,25.1,48.4,False
2024-02-07 11:00:00,S-03,25.98,54.7,False
2024-02-07 12:00:00,S-03,26.2,46.3,False
2024-02-07 13:00:00,S-03,24.28,50.3,False
2024-02-07 14:00:00,S-03,25.7,47.1,False
2024-02-07 15:00:00,S-03,23.42,53.2,False
2024-02-07 16:00:00,S-03,24.43,55.4,False
2024-02-07 17:00:00,S-03,23.49,54.9,False
2024-02-07 18:00:00,S-03,19.93,55.1,False
2024-02-07 19:00:00,S-03,21.06,48.9,False
2024-02-07 20:00:00,S-03,19.81,55.5,False
2024-02-07 21:00:00,S-03,18.28,51.1,False
2024-02-07 22:00:00,S-03,18.85,52.7,False
2024-02-07 23:00:00,S-03,19.25,53.1,False
2024-02-08 00:00:00,S-03,17.86,53.2,False
2024-02-08 01:00:00,S-03,16.68,58.0,False
2024-02-08 02:00:00,S-03,16.75,56.8,False
2024-02-08 03:00:00,S-03,17.55,54.7,False
2024-02-08 04:00:00,S-03,18.45,57.0,False
2024-02-08 05:00:00,S-03,21.07,50.5,False
2024-02-08 06:00:00,S-03,11.86,67.6,True
2024-02-08 07:00:00,S-03,22.12,53.4,False
2024-02-08 08:00:00,S-03,23.75,48.2,False
2024-02-08 09:00:00,S-03,23.84,50.7,False
2024-02-08 10:00:00,S-03,24.44,46.6,False
2024-02-08 11:00:00,S-03,24.08,47.2,False
2024-02-08 12:00:00,S-03,24.34,51.9,False
2024-02-08 13:00:00,S-03,24.67,43.5,False
2024-02-08 14:00:00,S-03,23.26,51.5,False
2024-02-08 15:00:00,S-03,24.83,54.0,False
2024-02-08 16:00:00,S-03,22.72,44.0,False
2024-02-08 17:00:00,S-03,21.16,59.8,False
2024-02-08 18:00:00,S-03,21.29,46.6,False
2024-02-08 19:00:00,S-03,18.58,48.9,False
2024-02-08 20:00:00,S-03,19.25,48.4,False
2024-02-08 21:00:00,S-03,17.6,53.3,False
2024-02-08 22:00:00,S-03,18.34,54.1,False
2024-02-08 23:00:00,S-03,15.96,53.0,False
2024-02-09 00:00:00,S-03,15.89,58.3,False
2024-02-09 01:00:00,S-03,15.62,61.6,False
2024-02-09 02:00:00,S-03,15.65,56.8,False
2024-02-09 03:00:00,S-03,17.44,57.4,False
2024-02-09 04:00:00,S-03,17.18,59.2,False
2024-02-09 05:00:00,S-03,19.2,60.2,False
2024-02-09 06:00:00,S-03,19.43,54.3,False
2024-02-09 07:00:00,S-03,21.77,54.0,False
2024-02-09 08:00:00,S-03,19.82,55.7,False
2024-02-09 09:00:00,S-03,22.98,50.5,False
2024-02-09 10:00:00,S-03,23.28,48.9,False
2024-02-09 11:00:00,S-03,23.61,50.7,False
2024-02-09 12:00:00,S-03,23.2,52.2,False
2024-02-09 13:00:00,S-03,24.93,44.0,False
2024-02-09 14:00:00,S-03,22.78,49.4,False
2024-02-09 15:00:00,S-03,22.79,51.6,False
2024-02-09 16:00:00,S-03,21.38,53.2,False
2024-02-09 17:00:00,S-03,20.31,54.5,False
2024-02-09 18:00:00,S-03,19.61,59.4,False
2024-02-09 19:00:00,S-03,19.02,58.3,False
2024-02-09 20:00:00,S-03,16.61,54.1,False
2024-02-09 21:00:00,S-03,16.28,63.2,False
2024-02-09 22:00:00,S-03,14.88,57.9,False
2024-02-09 23:00:00,S-03,15.91,56.3,False
2024-02-10 00:00:00,S-03,14.76,63.5,False
2024-02-10 01:00:00,S-03,14.97,58.9,False
2024-02-10 02:00:00,S-03,16.48,53.0,False
2024-02-10 03:00:00,S-03,16.58,59.9,False
2024-02-10 04:00:00,S-03,17.74,58.0,False
2024-02-10 05:00:00,S-03,18.27,57.6,False
2024-02-10 06:00:00,S-03,19.74,49.9,False
2024-02-10 07:00:00,S-03,20.52,55.7,False
2024-02-10 08:00:00,S-03,20.53,51.4,False
2024-02-10 09:00:00,S-03,22.43,53.7,False
2024-02-10 10:00:00,S-03,22.63,46.9,False
2024-02-10 11:00:00,S-03,23.12,47.2,False
2024-02-10 12:00:00,S-03,23.69,43.4,False
2024-02-10 13:00:00,S-03,22.91,48.0,False
2024-02-10 14:00:00,S-03,22.12,54.6,False
2024-02-10 15:00:00,S-03,23.29,50.7,False
2024-02-10 16:00:00,S-03,23.01,48.5,False
2024-02-10 17:00:00,S-03,20.32,57.7,False
2024-02-10 18:00:00,S-03,20.5,53.9,False
2024-02-10 19:00:00,S-03,18.89,57.6,False
2024-02-10 20:00:00,S-03,17.13,58.4,False
2024-02-10 21:00:00,S-03,16.18,58.2,False
2024-02-10 22:00:00,S-03,16.02,59.1,False
2024-02-10 23:00:00,S-03,15.54,60.6,False
2024-02-11 00:00:00,S-03,15.51,62.7,False
2024-02-11 01:00:00,S-03,15.85,60.7,False
2024-02-11 02:00:00,S-03,15.49,62.0,False
2024-02-11 03:00:00,S-03,17.76,53.2,False
2024-02-11 04:00:00,S-03,17.04,51.7,False
2024-02-11 05:00:00,S-03,18.1,57.1,False
2024-02-11 06:00:00,S-03,20.77,53.4,False
2024-02-11 07:00:00,S-03,21.72,53.2,False
2024-02-11 08:00:00,S-03,23.28,46.8,False
2024-02-11 09:00:00,S-03,23.11,50.6,False
2024-02-11 10:00:00,S-03,23.17,46.8,False
2024-02-11 11:00:00,S-03,25.05,48.1,False
2024-02-11 12:00:00,S-03,24.25,48.5,False
2024-02-11 13:00:00,S-03,24.14,48.4,False
2024-02-11 14:00:00,S-03,23.22,50.9,False
2024-02-11 15:00:00,S-03,23.64,48.0,False
2024-02-11 16:00:00,S-03,20.65,53.0,False
2024-02-11 17:00:00,S-03,22.05,53.5,False
2024-02-11 18:00:00,S-03,19.06,59.6,False
2024-02-11 19:00:00,S-03,20.37,54.7,False
2024-02-11 20:00:00,S-03,17.53,59.3,False
2024-02-11 21:00:00,S-03,18.54,57.4,False
2024-02-11 22:00:00,S-03,19.39,59.7,False
2024-02-11 23:00:00,S-03,16.86,64.1,False
2024-02-12 00:00:00,S-03,16.07,56.6,False
2024-02-12 01:00:00,S-03,18.75,57.5,False
2024-02-12 02:00:00,S-03,17.3,58.0,False
2024-02-12 03:00:00,S-03,17.46,61.8,False
2024-02-12 04:00:00,S-03,20.23,46.1,False
2024-02-12 05:00:00,S-03,17.98,54.3,False
2024-02-12 06:00:00,S-03,20.16,48.3,False
2024-02-12 07:00:00,S-03,21.39,56.4,False
2024-02-12 08:00:00,S-03,22.9,51.2,False
2024-02-12 09:00:00,S-03,22.72,52.6,False
2024-02-12 10:00:00,S-03,25.69,48.3,False
2024-02-12 11:00:00,S-03,26.3,47.2,False
2024-02-12 12:00:00,S-03,25.63,48.4,False
2024-02-12 13:00:00,S-03,25.26,46.3,False
2024-02-12 14:00:00,S-03,23.99,42.8,False
2024-02-12 15:00:00,S-03,25.03,48.8,False
2024-02-12 16:00:00,S-03,23.32,49.7,False
2024-02-12 17:00:00,S-03,23.45,48.0,False
2024-02-12 18:00:00,S-03,22.79,48.7,False
2024-02-12 19:00:00,S-03,21.02,56.6,False
2024-02-12 20:00:00,S-03,18.37,53.5,False
2024-02-12 21:00:00,S-03,18.52,52.4,False
2024-02-12 22:00:00,S-03,19.77,56.2,False
2024-02-12 23:00:00,S-03,18.54,60.1,False
2024-02-13 00:00:00,S-03,19.36,50.7,False
2024-02-13 01:00:00,S-03,16.61,54.9,False
2024-02-13 02:00:00,S-03,18.74,52.1,False
2024-02-13 03:00:00,S-03,19.36,55.8,False
2024-02-13 04:00:00,S-03,19.06,56.7,False
2024-02-13 05:00:00,S-03,20.83,57.2,False
2024-02-13 06:00:00,S-03,23.19,49.8,False
2024-02-13 07:00:00,S-03,23.91,48.4,False
2024-02-13 08:00:00,S-03,24.03,47.2,False
2024-02-13 09:00:00,S-03,25.57,50.6,False
2024-02-13 10:00:00,S-03,26.92,43.7,False
2024-02-13 11:00:00,S-03,25.52,44.7,False
2024-02-13 12:00:00,S-03,35.07,35.1,True
2024-02-13 13:00:00,S-03,27.25,45.1,False
2024-02-13 14:00:00,S-03,25.47,48.5,False
2024-02-13 15:00:00,S-03,26.44,44.2,False
2024-02-13 16:00:00,S-03,24.51,53.8,False
2024-02-13 17:00:00,S-03,24.51,54.3,False
2024-02-13 18:00:00,S-03,23.32,46.4,False
2024-02-13 19:00:00,S-03,21.76,52.2,False
2024-02-13 20:00:00,S-03,20.35,50.3,False
2024-02-13 21:00:00,S-03,19.23,53.9,False
2024-02-13 22:00:00,S-03,19.25,51.0,False
2024-02-13 23:00:00,S-03,18.88,54.3,False
2024-02-14 00:00:00,S-03,19.68,55.0,False
2024-02-14 01:00:00,S-03,18.62,56.0,False
2024-02-14 02:00:00,S-03,19.35,50.5,False
2024-02-14 03:00:00,S-03,21.04,46.4,False
2024-02-14 04:00:00,S-03,20.76,47.2,False
2024-02-14 05:00:00,S-03,21.82,55.4,False
2024-02-14 06:00:00,S-03,23.75,48.8,False
2024-02-14 07:00:00,S-03,23.55,49.8,False
2024-02-14 08:00:00,S-03,24.73,52.6,False
2024-02-14 09:00:00,S-03,25.82,43.8,False
2024-02-14 10:00:00,S-03,25.73,48.2,False
2024-02-14 11:00:00,S-03,25.3,45.4,False
2024-02-14 12:00:00,S-03,25.13,48.3,False
2024-02-14 13:00:00,S-03,25.96,40.9,False
2024-02-14 14:00:00,S-03,26.59,44.7,False
2024-02-14 15:00:00,S-03,25.82,46.6,False
2024-02-14 16:00:00,S-03,25.46,47.6,False
2024-02-14 17:00:00,S-03,23.87,44.8,False
2024-02-14 18:00:00,S-03,21.55,51.2,False
2024-02-14 19:00:00,S-03,19.83,56.7,False
2024-02-14 20:00:00,S-03,19.57,54.1,False
2024-02-14 21:00:00,S-03,18.9,57.8,False
2024-02-14 22:00:00,S-03,17.84,58.4,False
2024-02-14 23:00:00,S-03,18.72,56.1,False
2024-02-15 00:00:00,S-03,17.16,56.1,False
2024-02-15 01:00:00,S-03,18.35,56.0,False
2024-02-15 02:00:00,S-03,18.86,52.3,False
2024-02-15 03:00:00,S-03,17.43,58.9,False
2024-02-15 04:00:00,S-03,19.26,55.7,False
2024-02-15 05:00:00,S-03,21.52,55.6,False
2024-02-15 06:00:00,S-03,22.17,58.1,False
2024-02-15 07:00:00,S-03,22.57,53.3,False
2024-02-15 08:00:00,S-03,22.5,52.6,False
2024-02-15 09:00:00,S-03,23.6,50.1,False
2024-02-15 10:00:00,S-03,24.81,50.7,False
2024-02-15 11:00:00,S-03,26.1,50.7,False
2024-02-15 12:00:00,S-03,25.57,46.3,False
2024-02-15 13:00:00,S-03,24.91,44.0,False
2024-02-15 14:00:00,S-03,24.71,44.0,False
2024-02-15 15:00:00,S-03,24.46,51.5,False
2024-02-15 16:00:00,S-03,21.55,53.4,False
2024-02-15 17:00:00,S-03,21.15,54.1,False
2024-02-15 18:00:00,S-03,20.87,47.6,False
2024-02-15 19:00:00,S-03,20.73,51.2,False
2024-02-15 20:00:00,S-03,19.61,49.5,False
2024-02-15 21:00:00,S-03,17.24,53.6,False
2024-02-15 22:00:00,S-03,17.2,55.4,False
2024-02-15 23:00:00,S-03,16.14,56.4,False
2024-02-16 00:00:00,S-03,16.23,63.2,False
2024-02-16 01:00:00,S-03,16.75,53.8,False
2024-02-16 02:00:00,S-03,16.69,55.9,False
2024-02-16 03:00:00,S-03,17.13,55.0,False
2024-02-16 04:00:00,S-03,17.43,57.1,False
2024-02-16 05:00:00,S-03,18.01,58.4,False
2024-02-16 06:00:00,S-03,20.12,51.2,False
2024-02-16 07:00:00,S-03,21.42,47.0,False
2024-02-16 08:00:00,S-03,22.68,49.3,False
2024-02-16 09:00:00,S-03,22.33,52.2,False
2024-02-16 10:00:00,S-03,23.0,46.9,False
2024-02-16 11:00:00,S-03,24.95,50.9,False
2024-02-16 12:00:00,S-03,24.38,45.4,False
2024-02-16 13:00:00,S-03,24.58,46.3,False
2024-02-16 14:00:00,S-03,22.99,48.8,False
2024-02-16 15:00:00,S-03,22.21,57.0,False
2024-02-16 16:00:00,S-03,21.01,55.0,False
2024-02-16 17:00:00,S-03,21.73,52.8,False
2024-02-16 18:00:00,S-03,18.97,51.9,False
2024-02-16 19:00:00,S-03,17.44,53.5,False
2024-02-16 20:00:00,S-03,17.24,55.0,False
2024-02-16 21:00:00,S-03,18.0,61.1,False
2024-02-16 22:00:00,S-03,16.36,62.2,False
2024-02-16 23:00:00,S-03,16.11,58.9,False
2024-02-17 00:00:00,S-03,15.87,56.6,False
2024-02-17 01:00:00,S-03,15.87,53.4,False
2024-02-17 02:00:00,S-03,16.16,57.0,False
2024-02-17 03:00:00,S-03,15.81,60.4,False
2024-02-17 04:00:00,S-03,19.08,56.6,False
2024-02-17 05:00:00,S-03,18.59,56.7,False
2024-02-17 06:00:00,S-03,20.72,50.8,False
2024-02-17 07:00:00,S-03,19.54,55.9,False
2024-02-17 08:00:00,S-03,22.19,50.7,False
2024-02-17 09:00:00,S-03,21.65,54.5,False
2024-02-17 10:00:00,S-03,22.21,51.9,False
2024-02-17 11:00:00,S-03,23.86,51.5,False
2024-02-17 12:00:00,S-03,24.62,49.3,False
2024-02-17 13:00:00,S-03,24.77,46.6,False
2024-02-17 14:00:00,S-03,24.36,52.2,False
2024-02-17 15:00:00,S-03,22.47,47.7,False
2024-02-17 16:00:00,S-03,22.5,52.9,False
2024-02-17 17:00:00,S-03,20.46,51.9,False
2024-02-17 18:00:00,S-03,19.49,53.3,False
2024-02-17 19:00:00,S-03,19.11,55.7,False
2024-02-17 20:00:00,S-03,17.89,54.8,False
2024-02-17 21:00:00,S-03,17.86,53.3,False
2024-02-17 22:00:00,S-03,15.12,56.8,False
2024-02-17 23:00:00,S-03,17.12,53.8,False
2024-02-18 00:00:00,S-03,15.65,59.1,False
2024-02-18 01:00:00,S-03,17.47,57.8,False
2024-02-18 02:00:00,S-03,17.64,56.4,False
2024-02-18 03:00:00,S-03,16.49,53.3,False
2024-02-18 04:00:00,S-03,18.24,56.3,False
2024-02-18 05:00:00,S-03,19.83,56.9,False
2024-02-18 06:00:00,S-03,19.73,50.6,False
2024-02-18 07:00:00,S-03,20.86,50.0,False
2024-02-18 08:00:00,S-03,22.22,54.0,False
2024-02-18 09:00:00,S-03,23.93,48.6,False
2024-02-18 10:00:00,S-03,24.75,51.4,False
2024-02-18 11:00:00,S-03,24.14,47.8,False
2024-02-18 12:00:00,S-03,25.32,43.0,False
2024-02-18 13:00:00,S-03,25.75,46.8,False
2024-02-18 14:00:00,S-03,24.97,47.7,False
2024-02-18 15:00:00,S-03,23.07,51.0,False
2024-02-18 16:00:00,S-03,22.21,48.6,False
2024-02-18 17:00:00,S-03,22.2,49.8,False
2024-02-18 18:00:00,S-03,21.65,58.1,False
2024-02-18 19:00:00,S-03,20.36,51.7,False
2024-02-18 20:00:00,S-03,18.8,60.1,False
2024-02-18 21:00:00,S-03,17.6,53.3,False
2024-02-18 22:00:00,S-03,18.77,56.0,False
2024-02-18 23:00:00,S-03,17.3,58.2,False
2024-02-19 00:00:00,S-03,18.83,57.9,False
2024-02-19 01:00:00,S-03,16.62,57.9,False
2024-02-19 02:00:00,S-03,17.73,54.6,False
2024-02-19 03:00:00,S-03,18.18,56.3,False
2024-02-19 04:00:00,S-03,21.04,48.1,False
2024-02-19 05:00:00,S-03,21.58,44.3,False
2024-02-19 06:00:00,S-03,21.29,47.6,False
2024-02-19 07:00:00,S-03,21.25,57.1,False
2024-02-19 08:00:00,S-03,24.72,50.7,False
2024-02-19 09:00:00,S-03,24.79,53.7,False
2024-02-19 10:00:00,S-03,24.48,50.0,False
2024-02-19 11:00:00,S-03,24.63,43.8,False
2024-02-19 12:00:00,S-03,26.34,43.2,False
2024-02-19 13:00:00,S-03,25.77,47.8,False
2024-02-19 14:00:00,S-03,25.7,44.4,False
2024-02-19 15:00:00,S-03,25.32,44.5,False
2024-02-19 16:00:00,S-03,23.93,45.8,False
2024-02-19 17:00:00,S-03,23.09,47.8,False
2024-02-19 18:00:00,S-03,22.84,44.6,False
2024-02-19 19:00:00,S-03,21.24,53.6,False
2024-02-19 20:00:00,S-03,20.19,51.4,False
2024-02-19 21:00:00,S-03,20.13,57.5,False
2024-02-19 22:00:00,S-03,17.45,61.9,False
2024-02-19 23:00:00,S-03,19.65,54.0,False
2024-02-20 00:00:00,S-03,18.92,58.3,False
2024-02-20 01:00:00,S-03,18.13,59.4,False
2024-02-20 02:00:00,S-03,19.03,55.6,False
2024-02-20 03:00:00,S-03,20.82,52.3,False
2024-02-20 04:00:00,S-03,21.14,56.3,False
2024-02-20 05:00:00,S-03,20.28,55.5,False
2024-02-20 06:00:00,S-03,21.95,50.9,False
2024-02-20 07:00:00,S-03,23.97,47.5,False
2024-02-20 08:00:00,S-03,26.23,46.4,False
2024-02-20 09:00:00,S-03,26.27,49.1,False
2024-02-20 10:00:00,S-03,26.16,48.5,False
2024-02-20 11:00:00,S-03,27.19,43.4,False
2024-02-20 12:00:00,S-03,26.9,45.1,False
2024-02-20 13:00:00,S-03,26.52,46.5,False
2024-02-20 14:00:00,S-03,26.68,44.6,False
2024-02-20 15:00:00,S-03,24.05,48.7,False
2024-02-20 16:00:00,S-03,25.73,44.0,False
2024-02-20 17:00:00,S-03,24.39,46.1,False
2024-02-20 18:00:00,S-03,22.59,51.6,False
2024-02-20 19:00:00,S-03,21.22,53.1,False
2024-02-20 20:00:00,S-03,19.98,52.9,False
2024-02-20 21:00:00,S-03,20.32,60.0,False
2024-02-20 22:00:00,S-03,19.58,53.8,False
2024-02-20 23:00:00,S-03,19.2,56.9,False
2024-02-21 00:00:00,S-03,20.27,54.3,False
2024-02-21 01:00:00,S-03,17.29,55.6,False
2024-02-21 02:00:00,S-03,18.85,57.3,False
2024-02-21 03:00:00,S-03,19.43,57.8,False
2024-02-21 04:00:00,S-03,21.6,51.9,False
2024-02-21 05:00:00,S-03,21.6,53.4,False
2024-02-21 06:00:00,S-03,22.06,59.9,False
2024-02-21 07:00:00,S-03,23.99,46.4,False
2024-02-21 08:00:00,S-03,25.09,47.1,False
2024-02-21 09:00:00,S-03,26.84,47.4,False
2024-02-21 10:00:00,S-03,26.37,46.2,False
2024-02-21 11:00:00,S-03,26.19,43.9,False
2024-02-21 12:00:00,S-03,26.25,44.9,False
2024-02-21 13:00:00,S-03,25.83,46.1,False
2024-02-21 14:00:00,S-03,26.43,45.3,False
2024-02-21 15:00:00,S-03,26.02,46.8,False
2024-02-21 16:00:00,S-03,24.32,53.4,False
2024-02-21 17:00:00,S-03,23.39,50.5,False
2024-02-21 18:00:00,S-03,23.51,48.5,False
2024-02-21 19:00:00,S-03,21.42,54.2,False
2024-02-21 20:00:00,S-03,20.73,54.9,False
2024-02-21 21:00:00,S-03,18.6,52.3,False
2024-02-21 22:00:00,S-03,18.3,54.1,False
2024-02-21 23:00:00,S-03,16.64,54.6,False
2024-02-22 00:00:00,S-03,17.06,58.4,False
2024-02-22 01:00:00,S-03,18.53,58.2,False
2024-02-22 02:00:00,S-03,19.57,53.7,False
2024-02-22 03:00:00,S-03,18.96,58.8,False
2024-02-22 04:00:00,S-03,19.0,53.3,False
2024-02-22 05:00:00,S-03,20.93,51.8,False
2024-02-22 06:00:00,S-03,22.75,50.4,False
2024-02-22 07:00:00,S-03,22.7,51.2,False
2024-02-22 08:00:00,S-03,24.47,53.5,False
2024-02-22 09:00:00,S-03,24.46,45.2,False
2024-02-22 10:00:00,S-03,24.12,50.6,False
2024-02-22 11:00:00,S-03,24.72,48.4,False
2024-02-22 12:00:00,S-03,25.32,51.0,False
2024-02-22 13:00:00,S-03,27.14,41.3,False
2024-02-22 14:00:00,S-03,25.34,44.0,False
2024-02-22 15:00:00,S-03,24.0,54.2,False
2024-02-22 16:00:00,S-03,23.54,53.4,False
2024-02-22 17:00:00,S-03,22.46,54.2,False
2024-02-22 18:00:00,S-03,20.85,52.5,False
2024-02-22 19:00:00,S-03,20.03,57.0,False
2024-02-22 20:00:00,S-03,18.89,55.2,False
2024-02-22 21:00:00,S-03,18.8,52.0,False
2024-02-22 22:00:00,S-03,18.77,54.9,False
2024-02-22 23:00:00,S-03,18.13,55.3,False
2024-02-23 00:00:00,S-03,16.64,54.8,False
2024-02-23 01:00:00,S-03,17.42,55.2,False
2024-02-23 02:00:00,S-03,16.76,55.7,False
2024-02-23 03:00:00,S-03,17.06,59.0,False
2024-02-23 04:00:00,S-03,18.77,58.3,False
2024-02-23 05:00:00,S-03,20.11,57.1,False
2024-02-23 06:00:00,S-03,20.57,56.5,False
2024-02-23 07:00:00,S-03,22.27,47.9,False
2024-02-23 08:00:00,S-03,23.2,51.7,False
2024-02-23 09:00:00,S-03,23.93,51.6,False
2024-02-23 10:00:00,S-03,23.81,50.5,False
2024-02-23 11:00:00,S-03,23.22,47.2,False
2024-02-23 12:00:00,S-03,25.83,38.1,False
2024-02-23 13:00:00,S-03,23.85,49.7,False
2024-02-23 14:00:00,S-03,24.38,46.1,False
2024-02-23 15:00:00,S-03,23.52,52.3,False
2024-02-23 16:00:00,S-03,22.0,47.0,False
2024-02-23 17:00:00,S-03,22.74,52.2,False
2024-02-23 18:00:00,S-03,20.77,51.6,False
2024-02-23 19:00:00,S-03,19.16,50.9,False
2024-02-23 20:00:00,S-03,17.86,55.1,False
2024-02-23 21:00:00,S-03,16.58,57.5,False
2024-02-23 22:00:00,S-03,15.69,61.5,False
2024-02-23 23:00:00,S-03,16.73,60.2,False
2024-02-24 00:00:00,S-03,15.78,62.6,False
2024-02-24 01:00:00,S-03,15.9,61.0,False
2024-02-24 02:00:00,S-03,17.05,56.0,False
2024-02-24 03:00:00,S-03,17.01,56.1,False
2024-02-24 04:00:00,S-03,18.62,56.0,False
2024-02-24 05:00:00,S-03,18.56,54.5,False
2024-02-24 06:00:00,S-03,19.69,49.3,False
2024-02-24 07:00:00,S-03,21.87,45.4,False
2024-02-24 08:00:00,S-03,21.57,54.2,False
2024-02-24 09:00:00,S-03,23.43,50.1,False
2024-02-24 10:00:00,S-03,24.0,55.0,False
2024-02-24 11:00:00,S-03,24.01,47.5,False
2024-02-24 12:00:00,S-03,22.85,53.6,False
2024-02-24 13:00:00,S-03,23.0,50.7,False
2024-02-24 14:00:00,S-03,22.79,52.0,False
2024-02-24 15:00:00,S-03,22.02,51.6,False
2024-02-24 16:00:00,S-03,22.91,53.7,False
2024-02-24 17:00:00,S-03,20.6,54.7,False
2024-02-24 18:00:00,S-03,19.3,53.3,False
2024-02-24 19:00:00,S-03,18.87,54.9,False
2024-02-24 20:00:00,S-03,18.26,55.2,False
2024-02-24 21:00:00,S-03,16.22,58.6,False
2024-02-24 22:00:00,S-03,17.41,57.6,False
2024-02-24 23:00:00,S-03,17.14,56.0,False
2024-02-25 00:00:00,S-03,16.0,56.9,False
2024-02-25 01:00:00,S-03,17.28,57.1,False
2024-02-25 02:00:00,S-03,15.85,53.5,False
2024-02-25 03:00:00,S-03,17.32,58.3,False
2024-02-25 04:00:00,S-03,18.5,56.8,False
2024-02-25 05:00:00,S-03,19.69,44.9,False
2024-02-25 06:00:00,S-03,21.62,48.6,False
2024-02-25 07:00:00,S-03,21.54,51.9,False
2024-02-25 08:00:00,S-03,22.01,44.7,False
2024-02-25 09:00:00,S-03,23.86,50.5,False
2024-02-25 10:00:00,S-03,24.5,51.4,False
2024-02-25 11:00:00,S-03,25.18,49.0,False
2024-02-25 12:00:00,S-03,24.75,51.0,False
2024-02-25 13:00:00,S-03,25.07,47.4,False
2024-02-25 14:00:00,S-03,24.13,51.4,False
2024-02-25 15:00:00,S-03,24.45,50.6,False
2024-02-25 16:00:00,S-03,22.71,50.2,False
2024-02-25 17:00:00,S-03,21.83,51.9,False
2024-02-25 18:00:00,S-03,22.26,46.1,False
2024-02-25 19:00:00,S-03,19.76,50.0,False
2024-02-25 20:00:00,S-03,19.46,57.5,False
2024-02-25 21:00:00,S-03,19.13,58.0,False
2024-02-25 22:00:00,S-03,17.86,53.9,False
2024-02-25 23:00:00,S-03,18.48,51.0,False
2024-02-26 00:00:00,S-03,17.23,51.2,False
2024-02-26 01:00:00,S-03,18.69,58.9,False
2024-02-26 02:00:00,S-03,17.11,58.3,False
2024-02-26 03:00:00,S-03,17.97,62.0,False
2024-02-26 04:00:00,S-03,19.97,57.7,False
2024-02-26 05:00:00,S-03,22.07,57.4,False
2024-02-26 06:00:00,S-03,23.3,52.4,False
2024-02-26 07:00:00,S-03,22.45,49.2,False
2024-02-26 08:00:00,S-03,24.12,47.8,False
2024-02-26 09:00:00,S-03,24.64,51.6,False
2024-02-26 10:00:00,S-03,24.03,44.7,False
2024-02-26 11:00:00,S-03,26.74,47.4,False
2024-02-26 12:00:00,S-03,26.07,45.3,False
2024-02-26 13:00:00,S-03,27.36,48.9,False
2024-02-26 14:00:00,S-03,26.15,44.8,False
2024-02-26 15:00:00,S-03,24.92,45.7,False
2024-02-26 16:00:00,S-03,24.02,51.9,False
2024-02-26 17:00:00,S-03,23.5,39.9,False
2024-02-26 18:00:00,S-03,23.02,53.4,False
2024-02-26 19:00:00,S-03,21.28,53.1,False
2024-02-26 20:00:00,S-03,22.95,48.5,False
2024-02-26 21:00:00,S-03,20.12,55.7,False
2024-02-26 22:00:00,S-03,18.47,54.2,False
2024-02-26 23:00:00,S-03,19.07,56.8,False
2024-02-27 00:00:00,S-03,19.81,54.3,False
2024-02-27 01:00:00,S-03,19.42,56.8,False
2024-02-27 02:00:00,S-03,19.25,51.8,False
2024-02-27 03:00:00,S-03,19.66,52.2,False
2024-02-27 04:00:00,S-03,20.42,58.8,False
2024-02-27 05:00:00,S-03,21.1,53.4,False
2024-02-27 06:00:00,S-03,22.69,50.0,False
2024-02-27 07:00:00,S-03,24.37,45.8,False
2024-02-27 08:00:00,S-03,24.7,46.6,False
2024-02-27 09:00:00,S-03,27.28,45.8,False
2024-02-27 10:00:00,S-03,26.95,41.8,False
2024-02-27 11:00:00,S-03,26.72,45.6,False
2024-02-27 12:00:00,S-03,27.19,44.4,False
2024-02-27 13:00:00,S-03,28.25,38.0,False
2024-02-27 14:00:00,S-03,25.37,47.4,False
2024-02-27 15:00:00,S-03,26.27,49.9,False
2024-02-27 16:00:00,S-03,27.37,43.6,False
2024-02-27 17:00:00,S-03,25.09,47.0,False
2024-02-27 18:00:00,S-03,22.56,51.5,False
2024-02-27 19:00:00,S-03,22.33,49.2,False
2024-02-27 20:00:00,S-03,21.08,47.2,False
2024-02-27 21:00:00,S-03,22.63,50.7,False
2024-02-27 22:00:00,S-03,19.27,53.3,False
2024-02-27 23:00:00,S-03,19.18,52.8,False
2024-02-28 00:00:00,S-03,18.98,59.2,False
2024-02-28 01:00:00,S-03,18.25,56.2,False
2024-02-28 02:00:00,S-03,17.16,54.9,False
2024-02-28 03:00:00,S-03,20.19,51.5,False
2024-02-28 04:00:00,S-03,21.59,56.7,False
2024-02-28 05:00:00,S-03,21.79,54.1,False
2024-02-28 06:00:00,S-03,23.53,44.2,False
2024-02-28 07:00:00,S-03,24.75,49.9,False
2024-02-28 08:00:00,S-03,25.65,45.5,False
2024-02-28 09:00:00,S-03,24.56,46.6,False
2024-02-28 10:00:00,S-03,27.69,47.9,False
2024-02-28 11:00:00,S-03,27.55,46.9,False
2024-02-28 12:00:00,S-03,27.61,42.1,False
2024-02-28 13:00:00,S-03,26.82,45.5,False
2024-02-28 14:00:00,S-03,26.37,48.1,False
2024-02-28 15:00:00,S-03,25.27,47.1,False
2024-02-28 16:00:00,S-03,25.17,48.8,False
2024-02-28 17:00:00,S-03,24.56,46.2,False
2024-02-28 18:00:00,S-03,22.3,54.9,False
2024-02-28 19:00:00,S-03,22.32,55.4,False
2024-02-28 20:00:00,S-03,20.3,51.4,False
2024-02-28 21:00:00,S-03,20.26,49.2,False
2024-02-28 22:00:00,S-03,19.0,53.6,False
2024-02-28 23:00:00,S-03,19.34,57.2,False
2024-02-29 00:00:00,S-03,20.0,54.4,False
2024-02-29 01:00:00,S-03,18.75,55.1,False
2024-02-29 02:00:00,S-03,18.53,56.1,False
2024-02-29 03:00:00,S-03,19.17,50.3,False
2024-02-29 04:00:00,S-03,20.77,52.7,False
2024-02-29 05:00:00,S-03,20.8,52.5,False
2024-02-29 06:00:00,S-03,22.95,48.3,False
2024-02-29 07:00:00,S-03,23.39,52.1,False
2024-02-29 08:00:00,S-03,24.78,46.1,False
2024-02-29 09:00:00,S-03,24.41,46.6,False
2024-02-29 10:00:00,S-03,24.67,50.3,False
2024-02-29 11:00:00,S-03,25.19,49.5,False
2024-02-29 12:00:00,S-03,26.17,46.6,False
2024-02-29 13:00:00,S-03,25.05,48.4,False
2024-02-29 14:00:00,S-03,25.76,48.1,False
2024-02-29 15:00:00,S-03,22.9,51.3,False
2024-02-29 16:00:00,S-03,23.12,47.1,False
2024-02-29 17:00:00,S-03,22.49,53.3,False
2024-02-29 18:00:00,S-03,20.09,59.7,False
2024-02-29 19:00:00,S-03,19.97,55.0,False
2024-02-29 20:00:00,S-03,18.25,55.1,False
2024-02-29 21:00:00,S-03,18.5,59.1,False
2024-02-29 22:00:00,S-03,17.67,58.5,False
2024-02-29 23:00:00,S-03,18.0,53.9,False
2024-03-01 00:00:00,S-03,16.57,57.6,False
2024-03-01 01:00:00,S-03,16.03,56.8,False
2024-03-01 02:00:00,S-03,17.24,60.2,False
2024-03-01 03:00:00,S-03,18.36,51.8,False
2024-03-01 04:00:00,S-03,19.12,58.6,False
2024-03-01 05:00:00,S-03,20.1,51.6,False
2024-03-01 06:00:00,S-03,21.92,52.4,False
2024-03-01 07:00:00,S-03,21.67,50.5,False
2024-03-01 08:00:00,S-03,22.71,51.7,False
2024-03-01 09:00:00,S-03,23.0,53.7,False
2024-03-01 10:00:00,S-03,23.8,51.1,False
2024-03-01 11:00:00,S-03,25.45,43.6,False
2024-03-01 12:00:00,S-03,25.02,47.0,False
2024-03-01 13:00:00,S-03,22.5,51.2,False
2024-03-01 14:00:00,S-03,25.09,53.4,False
2024-03-01 15:00:00,S-03,21.9,50.0,False
2024-03-01 16:00:00,S-03,22.29,49.8,False
2024-03-01 17:00:00,S-03,22.39,48.6,False
2024-03-01 18:00:00,S-03,20.67,52.8,False
2024-03-01 19:00:00,S-03,19.95,55.8,False
2024-03-01 20:00:00,S-03,19.21,51.8,False
2024-03-01 21:00:00,S-03,17.92,60.5,False
2024-03-01 22:00:00,S-03,16.04,62.4,False
2024-03-01 23:00:00,S-03,16.91,59.9,False
2024-03-02 00:00:00,S-03,15.92,60.6,False
2024-03-02 01:00:00,S-03,14.69,67.5,False
2024-03-02 02:00:00,S-03,16.76,54.5,False
2024-03-02 03:00:00,S-03,18.05,54.5,False
2024-03-02 04:00:00,S-03,18.54,62.0,False
2024-03-02 05:00:00,S-03,19.42,50.8,False
2024-03-02 06:00:00,S-03,21.82,52.6,False
2024-03-02 07:00:00,S-03,21.7,51.2,False
2024-03-02 08:00:00,S-03,23.17,47.2,False
2024-03-02 09:00:00,S-03,23.55,46.7,False
2024-03-02 10:00:00,S-03,25.23,46.9,False
2024-03-02 11:00:00,S-03,24.06,49.7,False
2024-03-02 12:00:00,S-03,25.43,48.8,False
2024-03-02 13:00:00,S-03,25.81,48.6,False
2024-03-02 14:00:00,S-03,23.7,49.6,False
2024-03-02 15:00:00,S-03,24.2,48.9,False
2024-03-02 16:00:00,S-03,21.5,53.8,False
2024-03-02 17:00:00,S-03,21.88,49.6,False
2024-03-02 18:00:00,S-03,21.2,48.3,False
2024-03-02 19:00:00,S-03,18.96,57.6,False
2024-03-02 20:00:00,S-03,17.26,50.8,False
2024-03-02 21:00:00,S-03,17.92,58.0,False
2024-03-02 22:00:00,S-03,17.02,61.2,False
2024-03-02 23:00:00,S-03,17.06,53.6,False
2024-03-03 00:00:00,S-03,17.05,50.6,False
2024-03-03 01:00:00,S-03,17.65,54.0,False
2024-03-03 02:00:00,S-03,18.66,56.3,False
2024-03-03 03:00:00,S-03,18.45,52.7,False
2024-03-03 04:00:00,S-03,17.77,59.6,False
2024-03-03 05:00:00,S-03,20.52,55.1,False
2024-03-03 06:00:00,S-03,21.37,49.2,False
2024-03-03 07:00:00,S-03,22.26,53.4,False
2024-03-03 08:00:00,S-03,24.41,44.2,False
2024-03-03 09:00:00,S-03,24.25,47.3,False
2024-03-03 10:00:00,S-03,24.44,49.1,False
2024-03-03 11:00:00,S-03,25.54,51.1,False
2024-03-03 12:00:00,S-03,24.1,51.3,False
2024-03-03 13:00:00,S-03,26.04,51.1,False
2024-03-03 14:00:00,S-03,24.99,43.4,False
2024-03-03 15:00:00,S-03,25.69,56.7,False
2024-03-03 16:00:00,S-03,24.12,46.2,False
2024-03-03 17:00:00,S-03,22.97,51.1,False
2024-03-03 18:00:00,S-03,21.85,56.3,False
2024-03-03 19:00:00,S-03,19.79,55.6,False
2024-03-03 20:00:00,S-03,19.75,57.7,False
2024-03-03 21:00:00,S-03,19.28,50.9,False
2024-03-03 22:00:00,S-03,19.24,51.3,False
2024-03-03 23:00:00,S-03,18.46,54.3,False
2024-03-04 00:00:00,S-03,18.59,53.8,False
2024-03-04 01:00:00,S-03,18.78,55.6,False
2024-03-04 02:00:00,S-03,18.28,54.9,False
2024-03-04 03:00:00,S-03,19.63,50.7,False
2024-03-04 04:00:00,S-03,20.11,54.3,False
2024-03-04 05:00:00,S-03,20.32,49.2,False
2024-03-04 06:00:00,S-03,21.21,50.2,False
2024-03-04 07:00:00,S-03,24.14,49.8,False
2024-03-04 08:00:00,S-03,25.64,44.3,False
2024-03-04 09:00:00,S-03,26.51,45.9,False
2024-03-04 10:00:00,S-03,25.41,49.3,False
2024-03-04 11:00:00,S-03,27.72,49.0,False
2024-03-04 12:00:00,S-03,27.95,47.9,False
2024-03-04 13:00:00,S-03,26.04,49.2,False
2024-03-04 14:00:00,S-03,26.68,47.3,False
2024-03-04 15:00:00,S-03,27.06,41.5,False
2024-03-04 16:00:00,S-03,25.0,45.2,False
2024-03-04 17:00:00,S-03,24.95,45.2,False
2024-03-04 18:00:00,S-03,22.54,49.1,False
2024-03-04 19:00:00,S-03,21.77,51.2,False
2024-03-04 20:00:00,S-03,21.81,48.7,False
2024-03-04 21:00:00,S-03,20.2,52.2,False
2024-03-04 22:00:00,S-03,19.83,57.4,False
2024-03-04 23:00:00,S-03,19.45,53.1,False
2024-03-05 00:00:00,S-03,18.47,49.7,False
2024-03-05 01:00:00,S-03,20.62,52.2,False
2024-03-05 02:00:00,S-03,19.78,53.6,False
2024-03-05 03:00:00,S-03,20.29,52.3,False
2024-03-05 04:00:00,S-03,21.06,59.0,False
2024-03-05 05:00:00,S-03,22.45,53.6,False
2024-03-05 06:00:00,S-03,22.73,55.6,False
2024-03-05 07:00:00,S-03,25.21,45.7,False
2024-03-05 08:00:00,S-03,25.25,49.8,False
2024-03-05 09:00:00,S-03,26.99,46.1,False
2024-03-05 10:00:00,S-03,26.33,45.9,False
2024-03-05 11:00:00,S-03,26.63,43.3,False
2024-03-05 12:00:00,S-03,26.86,46.2,False
2024-03-05 13:00:00,S-03,27.65,38.7,False
2024-03-05 14:00:00,S-03,26.04,49.4,False
2024-03-05 15:00:00,S-03,27.11,53.7,False
2024-03-05 16:00:00,S-03,25.37,51.8,False
2024-03-05 17:00:00,S-03,25.38,40.9,False
2024-03-05 18:00:00,S-03,23.34,50.3,False
2024-03-05 19:00:00,S-03,23.24,47.6,False
2024-03-05 20:00:00,S-03,20.83,50.9,False
2024-03-05 21:00:00,S-03,19.94,53.0,False
2024-03-05 22:00:00,S-03,20.63,56.5,False
2024-03-05 23:00:00,S-03,19.32,56.8,False
2024-03-06 00:00:00,S-03,20.44,50.7,False
2024-03-06 01:00:00,S-03,19.19,56.4,False
2024-03-06 02:00:00,S-03,20.52,53.6,False
2024-03-06 03:00:00,S-03,20.09,59.8,False
2024-03-06 04:00:00,S-03,20.18,49.1,False
2024-03-06 05:00:00,S-03,23.62,49.0,False
2024-03-06 06:00:00,S-03,23.34,46.9,False
2024-03-06 07:00:00,S-03,25.29,47.3,False
2024-03-06 08:00:00,S-03,25.6,40.9,False
2024-03-06 09:00:00,S-03,24.91,45.0,False
2024-03-06 10:00:00,S-03,27.18,44.8,False
2024-03-06 11:00:00,S-03,28.09,42.2,False
2024-03-06 12:00:00,S-03,28.36,41.0,False
2024-03-06 13:00:00,S-03,28.46,43.2,False
2024-03-06 14:00:00,S-03,27.04,43.6,False
2024-03-06 15:00:00,S-03,25.98,43.7,False
2024-03-06 16:00:00,S-03,25.25,46.7,False
2024-03-06 17:00:00,S-03,23.27,49.9,False
2024-03-06 18:00:00,S-03,23.69,50.3,False
2024-03-06 19:00:00,S-03,22.61,45.3,False
2024-03-06 20:00:00,S-03,21.3,50.9,False
2024-03-06 21:00:00,S-03,19.54,57.8,False
2024-03-06 22:00:00,S-03,19.98,49.4,False
2024-03-06 23:00:00,S-03,18.59,55.8,False
2024-03-07 00:00:00,S-03,19.82,52.4,False
2024-03-07 01:00:00,S-03,18.45,58.8,False
2024-03-07 02:00:00,S-03,18.86,58.8,False
2024-03-07 03:00:00,S-03,19.61,55.0,False
2024-03-07 04:00:00,S-03,19.82,52.4,False
2024-03-07 05:00:00,S-03,20.84,47.9,False
2024-03-07 06:00:00,S-03,22.31,49.3,False
2024-03-07 07:00:00,S-03,21.57,49.3,False
2024-03-07 08:00:00,S-03,26.0,46.6,False
2024-03-07 09:00:00,S-03,25.49,51.8,False
2024-03-07 10:00:00,S-03,26.01,52.2,False
2024-03-07 11:00:00,S-03,25.43,48.1,False
2024-03-07 12:00:00,S-03,26.36,46.4,False
2024-03-07 13:00:00,S-03,26.01,46.1,False
2024-03-07 14:00:00,S-03,25.64,47.8,False
2024-03-07 15:00:00,S-03,23.7,48.7,False
2024-03-07 16:00:00,S-03,23.9,54.3,False
2024-03-07 17:00:00,S-03,21.48,49.7,False
2024-03-07 18:00:00,S-03,21.73,52.0,False
2024-03-07 19:00:00,S-03,20.09,51.8,False
2024-03-07 20:00:00,S-03,19.3,57.4,False
2024-03-07 21:00:00,S-03,18.64,60.8,False
2024-03-07 22:00:00,S-03,18.88,57.1,False
2024-03-07 23:00:00,S-03,18.73,55.8,False
2024-03-08 00:00:00,S-03,17.6,56.8,False
2024-03-08 01:00:00,S-03,16.81,59.3,False
2024-03-08 02:00:00,S-03,19.19,53.3,False
2024-03-08 03:00:00,S-03,17.5,61.7,False
2024-03-08 04:00:00,S-03,18.95,60.3,False
2024-03-08 05:00:00,S-03,20.14,56.6,False
2024-03-08 06:00:00,S-03,20.72,55.3,False
2024-03-08 07:00:00,S-03,23.35,48.5,False
2024-03-08 08:00:00,S-03,23.54,55.0,False
2024-03-08 09:00:00,S-03,24.86,43.8,False
2024-03-08 10:00:00,S-03,24.37,46.4,False
2024-03-08 11:00:00,S-03,25.66,53.3,False
2024-03-08 12:00:00,S-03,24.96,46.6,False
2024-03-08 13:00:00,S-03,24.79,45.6,False
2024-03-08 14:00:00,S-03,24.71,43.2,False
2024-03-08 15:00:00,S-03,24.12,52.0,False
2024-03-08 16:00:00,S-03,23.41,53.3,False
2024-03-08 17:00:00,S-03,21.8,52.3,False
2024-03-08 18:00:00,S-03,19.72,49.3,False
2024-03-08 19:00:00,S-03,19.6,54.0,False
2024-03-08 20:00:00,S-03,16.74,55.4,False
2024-03-08 21:00:00,S-03,17.79,59.2,False
2024-03-08 22:00:00,S-03,16.72,62.1,False
2024-03-08 23:00:00,S-03,17.6,58.0,False
2024-03-09 00:00:00,S-03,14.66,61.5,False
2024-03-09 01:00:00,S-03,18.52,60.2,False
2024-03-09 02:00:00,S-03,17.05,62.5,False
2024-03-09 03:00:00,S-03,16.69,54.3,False
2024-03-09 04:00:00,S-03,19.11,56.3,False
2024-03-09 05:00:00,S-03,20.13,50.2,False
2024-03-09 06:00:00,S-03,21.12,50.2,False
2024-03-09 07:00:00,S-03,23.54,53.0,False
2024-03-09 08:00:00,S-03,22.13,48.0,False
2024-03-09 09:00:00,S-03,23.85,48.8,False
2024-03-09 10:00:00,S-03,24.39,52.3,False
2024-03-09 11:00:00,S-03,24.14,50.3,False
2024-03-09 12:00:00,S-03,25.06,42.9,False
2024-03-09 13:00:00,S-03,25.7,46.7,False
2024-03-09 14:00:00,S-03,23.65,48.8,False
2024-03-09 15:00:00,S-03,24.06,46.3,False
2024-03-09 16:00:00,S-03,23.7,55.5,False
2024-03-09 17:00:00,S-03,22.48,51.1,False
2024-03-09 18:00:00,S-03,19.68,54.4,False
2024-03-09 19:00:00,S-03,20.17,56.8,False
2024-03-09 20:00:00,S-03,18.7,56.0,False
2024-03-09 21:00:00,S-03,19.18,51.0,False
2024-03-09 22:00:00,S-03,17.51,56.9,False
2024-03-09 23:00:00,S-03,18.8,56.6,False
2024-03-10 00:00:00,S-03,16.16,59.0,False
2024-03-10 01:00:00,S-03,17.71,59.8,False
2024-03-10 02:00:00,S-03,17.06,60.1,False
2024-03-10 03:00:00,S-03,19.84,55.7,False
2024-03-10 04:00:00,S-03,20.55,52.8,False
2024-03-10 05:00:00,S-03,19.58,54.6,False
2024-03-10 06:00:00,S-03,21.99,57.3,False
2024-03-10 07:00:00,S-03,22.44,46.2,False
2024-03-10 08:00:00,S-03,22.2,54.7,False
2024-03-10 09:00:00,S-03,23.53,51.1,False
2024-03-10 10:00:00,S-03,25.13,45.8,False
2024-03-10 11:00:00,S-03,25.91,46.9,False
2024-03-10 12:00:00,S-03,25.39,49.3,False
2024-03-10 13:00:00,S-03,25.84,42.8,False
2024-03-10 14:00:00,S-03,25.51,47.9,False
2024-03-10 15:00:00,S-03,24.9,49.8,False
2024-03-10 16:00:00,S-03,22.96,47.8,False
2024-03-10 17:00:00,S-03,23.1,50.7,False
2024-03-10 18:00:00,S-03,22.44,55.2,False
2024-03-10 19:00:00,S-03,19.85,54.8,False
2024-03-10 20:00:00,S-03,21.35,49.8,False
2024-03-10 21:00:00,S-03,20.52,48.7,False
2024-03-10 22:00:00,S-03,18.91,50.1,False
2024-03-10 23:00:00,S-03,20.1,56.8,False
2024-03-11 00:00:00,S-03,17.72,56.2,False
2024-03-11 01:00:00,S-03,17.81,56.4,False
2024-03-11 02:00:00,S-03,18.52,55.2,False
2024-03-11 03:00:00,S-03,19.14,52.9,False
2024-03-11 04:00:00,S-03,22.06,56.7,False
2024-03-11 05:00:00,S-03,21.65,54.1,False
2024-03-11 06:00:00,S-03,22.66,55.2,False
2024-03-11 07:00:00,S-03,24.09,45.6,False
2024-03-11 08:00:00,S-03,26.08,48.5,False
2024-03-11 09:00:00,S-03,25.84,49.0,False
2024-03-11 10:00:00,S-03,26.1,43.3,False
2024-03-11 11:00:00,S-03,27.06,43.0,False
2024-03-11 12:00:00,S-03,28.04,42.0,False
2024-03-11 13:00:00,S-03,26.79,48.9,False
2024-03-11 14:00:00,S-03,27.72,45.4,False
2024-03-11 15:00:00,S-03,26.26,44.4,False
2024-03-11 16:00:00,S-03,25.1,50.0,False
2024-03-11 17:00:00,S-03,24.71,46.4,False
2024-03-11 18:00:00,S-03,24.9,48.5,False
2024-03-11 19:00:00,S-03,22.15,51.2,False
2024-03-11 20:00:00,S-03,22.52,48.5,False
2024-03-11 21:00:00,S-03,21.09,55.5,False
2024-03-11 22:00:00,S-03,20.17,54.0,False
2024-03-11 23:00:00,S-03,19.72,47.6,False
2024-03-12 00:00:00,S-03,20.23,53.2,False
2024-03-12 01:00:00,S-03,20.24,58.2,False
2024-03-12 02:00:00,S-03,20.49,46.8,False
2024-03-12 03:00:00,S-03,21.38,55.1,False
2024-03-12 04:00:00,S-03,21.04,53.5,False
2024-03-12 05:00:00,S-03,22.2,47.8,False
2024-03-12 06:00:00,S-03,22.98,50.4,False
2024-03-12 07:00:00,S-03,24.56,45.2,False
2024-03-12 08:00:00,S-03,25.66,42.7,False
2024-03-12 09:00:00,S-03,26.38,47.5,False
2024-03-12 10:00:00,S-03,27.75,45.5,False
2024-03-12 11:00:00,S-03,27.0,40.3,False
2024-03-12 12:00:00,S-03,27.71,43.2,False
2024-03-12 13:00:00,S-03,28.46,43.9,False
2024-03-12 14:00:00,S-03,28.72,38.9,False
2024-03-12 15:00:00,S-03,26.8,49.0,False
2024-03-12 16:00:00,S-03,26.89,43.6,False
2024-03-12 17:00:00,S-03,26.06,47.9,False
2024-03-12 18:00:00,S-03,23.14,52.1,False
2024-03-12 19:00:00,S-03,23.11,47.5,False
2024-03-12 20:00:00,S-03,21.12,53.7,False
2024-03-12 21:00:00,S-03,20.81,53.4,False
2024-03-12 22:00:00,S-03,20.8,54.2,False
2024-03-12 23:00:00,S-03,19.07,53.8,False
2024-03-13 00:00:00,S-03,20.34,56.5,False
2024-03-13 01:00:00,S-03,19.94,56.2,False
2024-03-13 02:00:00,S-03,20.24,58.3,False
2024-03-13 03:00:00,S-03,21.48,55.4,False
2024-03-13 04:00:00,S-03,21.22,48.6,False
2024-03-13 05:00:00,S-03,21.47,50.6,False
2024-03-13 06:00:00,S-03,23.85,50.7,False
2024-03-13 07:00:00,S-03,24.27,51.8,False
2024-03-13 08:00:00,S-03,25.62,45.2,False
2024-03-13 09:00:00,S-03,25.71,47.2,False
2024-03-13 10:00:00,S-03,26.44,47.2,False
2024-03-13 11:00:00,S-03,26.74,45.6,False
2024-03-13 12:00:00,S-03,26.64,49.0,False
2024-03-13 13:00:00,S-03,26.84,42.9,False
2024-03-13 14:00:00,S-03,26.43,47.8,False
2024-03-13 15:00:00,S-03,26.4,44.0,False
2024-03-13 16:00:00,S-03,28.0,45.7,False
2024-03-13 17:00:00,S-03,24.02,46.5,False
2024-03-13 18:00:00,S-03,22.17,50.6,False
2024-03-13 19:00:00,S-03,22.8,53.4,False
2024-03-13 20:00:00,S-03,20.37,50.8,False
2024-03-13 21:00:00,S-03,19.76,54.5,False
2024-03-13 22:00:00,S-03,19.51,56.5,False
2024-03-13 23:00:00,S-03,19.37,54.4,False
2024-03-14 00:00:00,S-03,19.21,54.2,False
2024-03-14 01:00:00,S-03,19.43,54.7,False
2024-03-14 02:00:00,S-03,19.49,52.0,False
2024-03-14 03:00:00,S-03,21.04,55.0,False
2024-03-14 04:00:00,S-03,21.61,54.2,False
2024-03-14 05:00:00,S-03,21.43,57.4,False
2024-03-14 06:00:00,S-03,22.67,51.6,False
2024-03-14 07:00:00,S-03,22.76,53.9,False
2024-03-14 08:00:00,S-03,25.25,46.2,False
2024-03-14 09:00:00,S-03,25.35,49.0,False
2024-03-14 10:00:00,S-03,27.59,42.2,False
2024-03-14 11:00:00,S-03,25.9,47.6,False
2024-03-14 12:00:00,S-03,27.71,43.8,False
2024-03-14 13:00:00,S-03,25.61,50.1,False
2024-03-14 14:00:00,S-03,24.55,42.6,False
2024-03-14 15:00:00,S-03,24.51,48.1,False
2024-03-14 16:00:00,S-03,24.57,47.7,False
2024-03-14 17:00:00,S-03,24.08,51.1,False
2024-03-14 18:00:00,S-03,21.51,50.1,False
2024-03-14 19:00:00,S-03,21.87,50.5,False
2024-03-14 20:00:00,S-03,19.68,58.1,False
2024-03-14 21:00:00,S-03,18.81,53.6,False
2024-03-14 22:00:00,S-03,18.29,54.9,False
2024-03-14 23:00:00,S-03,19.37,58.1,False
2024-03-15 00:00:00,S-03,18.03,50.2,False
2024-03-15 01:00:00,S-03,18.22,57.3,False
2024-03-15 02:00:00,S-03,17.15,58.4,False
2024-03-15 03:00:00,S-03,19.05,55.9,False
2024-03-15 04:00:00,S-03,19.92,48.9,False
2024-03-15 05:00:00,S-03,21.9,47.6,False
2024-03-15 06:00:00,S-03,20.93,50.5,False
2024-03-15 07:00:00,S-03,22.06,49.0,False
2024-03-15 08:00:00,S-03,22.82,52.6,False
2024-03-15 09:00:00,S-03,23.81,48.1,False
2024-03-15 10:00:00,S-03,25.45,51.6,False
2024-03-15 11:00:00,S-03,24.66,48.3,False
2024-03-15 12:00:00,S-03,26.39,48.1,False
2024-03-15 13:00:00,S-03,25.25,45.8,False
2024-03-15 14:00:00,S-03,24.08,47.4,False
2024-03-15 15:00:00,S-03,23.61,50.9,False
2024-03-15 16:00:00,S-03,22.19,53.9,False
2024-03-15 17:00:00,S-03,21.14,50.7,False
2024-03-15 18:00:00,S-03,22.12,55.2,False
2024-03-15 19:00:00,S-03,20.85,52.3,False
2024-03-15 20:00:00,S-03,18.41,60.5,False
2024-03-15 21:00:00,S-03,17.98,52.8,False
2024-03-15 22:00:00,S-03,18.94,54.3,False
2024-03-15 23:00:00,S-03,16.7,59.9,False
2024-03-16 00:00:00,S-03,17.29,57.1,False
2024-03-16 01:00:00,S-03,17.64,55.2,False
2024-03-16 02:00:00,S-03,17.48,58.9,False
2024-03-16 03:00:00,S-03,18.12,59.0,False
2024-03-16 04:00:00,S-03,18.83,54.3,False
2024-03-16 05:00:00,S-03,20.15,56.1,False
2024-03-16 06:00:00,S-03,19.87,52.9,False
2024-03-16 07:00:00,S-03,22.17,49.1,False
2024-03-16 08:00:00,S-03,23.24,53.9,False
2024-03-16 09:00:00,S-03,22.89,48.9,False
2024-03-16 10:00:00,S-03,24.93,46.7,False
2024-03-16 11:00:00,S-03,24.26,51.1,False
2024-03-16 12:00:00,S-03,23.08,47.5,False
2024-03-16 13:00:00,S-03,23.5,47.1,False
2024-03-16 14:00:00,S-03,24.71,47.6,False
2024-03-16 15:00:00,S-03,24.46,48.9,False
2024-03-16 16:00:00,S-03,22.87,53.3,False
2024-03-16 17:00:00,S-03,21.13,52.1,False
2024-03-16 18:00:00,S-03,21.13,50.8,False
2024-03-16 19:00:00,S-03,20.97,49.1,False
2024-03-16 20:00:00,S-03,19.28,53.9,False
2024-03-16 21:00:00,S-03,17.36,55.8,False
2024-03-16 22:00:00,S-03,18.28,59.3,False
2024-03-16 23:00:00,S-03,17.39,52.4,False
2024-03-17 00:00:00,S-03,17.31,52.0,False
2024-03-17 01:00:00,S-03,17.67,51.4,False
2024-03-17 02:00:00,S-03,18.5,55.1,False
2024-03-17 03:00:00,S-03,18.65,56.9,False
2024-03-17 04:00:00,S-03,18.85,60.1,False
2024-03-17 05:00:00,S-03,20.53,48.6,False
2024-03-17 06:00:00,S-03,21.8,52.3,False
2024-03-17 07:00:00,S-03,23.7,47.7,False
2024-03-17 08:00:00,S-03,22.83,55.3,False
2024-03-17 09:00:00,S-03,24.56,49.5,False
2024-03-17 10:00:00,S-03,24.66,52.8,False
2024-03-17 11:00:00,S-03,26.01,46.7,False
2024-03-17 12:00:00,S-03,25.56,50.4,False
2024-03-17 13:00:00,S-03,23.49,50.8,False
2024-03-17 14:00:00,S-03,26.31,44.5,False
2024-03-17 15:00:00,S-03,24.46,51.4,False
2024-03-17 16:00:00,S-03,23.35,49.1,False
2024-03-17 17:00:00,S-03,22.12,44.9,False
2024-03-17 18:00:00,S-03,21.48,51.9,False
2024-03-17 19:00:00,S-03,20.32,50.0,False
2024-03-17 20:00:00,S-03,20.32,55.1,False
2024-03-17 21:00:00,S-03,19.77,58.7,False
2024-03-17 22:00:00,S-03,19.02,56.0,False
2024-03-17 23:00:00,S-03,19.02,56.8,False
2024-03-18 00:00:00,S-03,18.01,52.8,False
2024-03-18 01:00:00,S-03,19.33,52.5,False
2024-03-18 02:00:00,S-03,19.23,53.2,False
2024-03-18 03:00:00,S-03,20.35,59.3,False
2024-03-18 04:00:00,S-03,27.9,43.3,True
2024-03-18 05:00:00,S-03,21.63,52.8,False
2024-03-18 06:00:00,S-03,23.98,43.8,False
2024-03-18 07:00:00,S-03,24.73,46.8,False
2024-03-18 08:00:00,S-03,24.8,48.6,False
2024-03-18 09:00:00,S-03,27.38,44.7,False
2024-03-18 10:00:00,S-03,28.0,43.5,False
2024-03-18 11:00:00,S-03,25.95,48.1,False
2024-03-18 12:00:00,S-03,25.58,48.7,False
2024-03-18 13:00:00,S-03,26.77,42.3,False
2024-03-18 14:00:00,S-03,27.27,41.3,False
2024-03-18 15:00:00,S-03,27.05,47.1,False
2024-03-18 16:00:00,S-03,26.06,49.1,False
2024-03-18 17:00:00,S-03,24.62,44.4,False
2024-03-18 18:00:00,S-03,24.39,50.7,False
2024-03-18 19:00:00,S-03,23.21,46.0,False
2024-03-18 20:00:00,S-03,21.38,51.8,False
2024-03-18 21:00:00,S-03,21.09,56.4,False
2024-03-18 22:00:00,S-03,21.18,47.7,False
2024-03-18 23:00:00,S-03,19.49,54.5,False
2024-03-19 00:00:00,S-03,19.4,54.0,False
2024-03-19 01:00:00,S-03,19.41,51.3,False
2024-03-19 02:00:00,S-03,21.64,54.2,False
2024-03-19 03:00:00,S-03,21.69,49.1,False
2024-03-19 04:00:00,S-03,22.69,48.7,False
2024-03-19 05:00:00,S-03,22.73,47.4,False
2024-03-19 06:00:00,S-03,24.06,50.3,False
2024-03-19 07:00:00,S-03,26.09,48.3,False
2024-03-19 08:00:00,S-03,25.91,50.8,False
2024-03-19 09:00:00,S-03,27.91,43.7,False
2024-03-19 10:00:00,S-03,27.62,42.3,False
2024-03-19 11:00:00,S-03,28.04,48.7,False
2024-03-19 12:00:00,S-03,28.64,41.7,False
2024-03-19 13:00:00,S-03,28.76,45.4,False
2024-03-19 14:00:00,S-03,29.07,47.8,False
2024-03-19 15:00:00,S-03,26.8,48.1,False
2024-03-19 16:00:00,S-03,27.57,39.4,False
2024-03-19 17:00:00,S-03,24.7,45.2,False
2024-03-19 18:00:00,S-03,23.59,47.3,False
2024-03-19 19:00:00,S-03,21.48,54.6,False
2024-03-19 20:00:00,S-03,22.92,48.1,False
2024-03-19 21:00:00,S-03,22.58,53.1,False
2024-03-19 22:00:00,S-03,19.85,54.7,False
2024-03-19 23:00:00,S-03,26.4,46.7,True
2024-03-20 00:00:00,S-03,20.04,53.8,False
2024-03-20 01:00:00,S-03,19.15,52.7,False
2024-03-20 02:00:00,S-03,20.8,57.0,False
2024-03-20 03:00:00,S-03,21.6,52.3,False
2024-03-20 04:00:00,S-03,21.79,56.2,False
2024-03-20 05:00:00,S-03,22.33,48.4,False
2024-03-20 06:00:00,S-03,24.24,43.8,False
2024-03-20 07:00:00,S-03,25.62,51.3,False
2024-03-20 08:00:00,S-03,24.99,44.4,False
2024-03-20 09:00:00,S-03,26.81,46.0,False
2024-03-20 10:00:00,S-03,27.94,43.2,False
2024-03-20 11:00:00,S-03,25.68,46.6,False
2024-03-20 12:00:00,S-03,28.22,43.0,False
2024-03-20 13:00:00,S-03,29.14,39.6,False
2024-03-20 14:00:00,S-03,26.37,42.6,False
2024-03-20 15:00:00,S-03,27.72,45.2,False
2024-03-20 16:00:00,S-03,25.6,45.0,False
2024-03-20 17:00:00,S-03,25.3,52.6,False
2024-03-20 18:00:00,S-03,23.62,49.7,False
2024-03-20 19:00:00,S-03,21.78,55.8,False
2024-03-20 20:00:00,S-03,20.33,52.0,False
2024-03-20 21:00:00,S-03,22.65,53.0,False
2024-03-20 22:00:00,S-03,19.06,53.2,False
2024-03-20 23:00:00,S-03,19.45,51.7,False
2024-03-21 00:00:00,S-03,20.59,52.4,False
2024-03-21 01:00:00,S-03,19.8,53.4,False
2024-03-21 02:00:00,S-03,20.05,61.4,False
2024-03-21 03:00:00,S-03,18.93,51.1,False
2024-03-21 04:00:00,S-03,20.79,50.9,False
2024-03-21 05:00:00,S-03,21.15,54.5,False
2024-03-21 06:00:00,S-03,21.77,51.2,False
2024-03-21 07:00:00,S-03,24.44,48.9,False
2024-03-21 08:00:00,S-03,25.72,49.2,False
2024-03-21 09:00:00,S-03,25.24,47.1,False
2024-03-21 10:00:00,S-03,25.92,44.6,False
2024-03-21 11:00:00,S-03,27.11,41.2,False
2024-03-21 12:00:00,S-03,27.54,44.5,False
2024-03-21 13:00:00,S-03,25.84,48.4,False
2024-03-21 14:00:00,S-03,27.12,45.8,False
2024-03-21 15:00:00,S-03,26.25,49.7,False
2024-03-21 16:00:00,S-03,24.64,47.0,False
2024-03-21 17:00:00,S-03,22.75,51.3,False
2024-03-21 18:00:00,S-03,22.97,47.7,False
2024-03-21 19:00:00,S-03,21.98,45.7,False
2024-03-21 20:00:00,S-03,21.8,53.3,False
2024-03-21 21:00:00,S-03,19.08,53.5,False
2024-03-21 22:00:00,S-03,20.1,55.5,False
2024-03-21 23:00:00,S-03,18.13,54.2,False
2024-03-22 00:00:00,S-03,18.64,50.8,False
2024-03-22 01:00:00,S-03,18.23,53.2,False
2024-03-22 02:00:00,S-03,18.73,54.4,False
2024-03-22 03:00:00,S-03,20.41,51.2,False
2024-03-22 04:00:00,S-03,19.5,53.5,False
2024-03-22 05:00:00,S-03,21.61,53.4,False
2024-03-22 06:00:00,S-03,21.74,51.6,False
2024-03-22 07:00:00,S-03,22.92,51.6,False
2024-03-22 08:00:00,S-03,23.31,49.3,False
2024-03-22 09:00:00,S-03,24.82,45.9,False
2024-03-22 10:00:00,S-03,23.7,46.4,False
2024-03-22 11:00:00,S-03,25.42,40.7,False
2024-03-22 12:00:00,S-03,26.52,47.7,False
2024-03-22 13:00:00,S-03,26.22,49.5,False
2024-03-22 14:00:00,S-03,23.86,46.1,False
2024-03-22 15:00:00,S-03,23.59,46.6,False
2024-03-22 16:00:00,S-03,14.62,57.6,True
2024-03-22 17:00:00,S-03,24.09,49.8,False
2024-03-22 18:00:00,S-03,21.23,52.5,False
2024-03-22 19:00:00,S-03,20.5,52.4,False
2024-03-22 20:00:00,S-03,19.33,54.4,False
2024-03-22 21:00:00,S-03,18.92,50.1,False
2024-03-22 22:00:00,S-03,17.31,56.6,False
2024-03-22 23:00:00,S-03,17.82,55.8,False
2024-03-23 00:00:00,S-03,17.84,57.7,False
2024-03-23 01:00:00,S-03,18.41,53.5,False
2024-03-23 02:00:00,S-03,17.29,55.4,False
2024-03-23 03:00:00,S-03,19.32,55.1,False
2024-03-23 04:00:00,S-03,20.95,60.5,False
2024-03-23 05:00:00,S-03,21.03,50.7,False
2024-03-23 06:00:00,S-03,21.98,57.4,False
2024-03-23 07:00:00,S-03,20.56,50.3,False
2024-03-23 08:00:00,S-03,24.5,48.5,False
2024-03-23 09:00:00,S-03,25.79,44.0,False
2024-03-23 10:00:00,S-03,25.89,50.7,False
2024-03-23 11:00:00,S-03,25.74,47.2,False
2024-03-23 12:00:00,S-03,26.15,46.9,False
2024-03-23 13:00:00,S-03,27.74,47.5,False
2024-03-23 14:00:00,S-03,24.43,52.3,False
2024-03-23 15:00:00,S-03,24.06,46.9,False
2024-03-23 16:00:00,S-03,24.43,49.2,False
2024-03-23 17:00:00,S-03,22.83,48.9,False
2024-03-23 18:00:00,S-03,19.91,57.3,False
2024-03-23 19:00:00,S-03,20.78,46.6,False
2024-03-23 20:00:00,S-03,19.95,60.3,False
2024-03-23 21:00:00,S-03,18.14,55.3,False
2024-03-23 22:00:00,S-03,18.57,49.3,False
2024-03-23 23:00:00,S-03,18.1,56.9,False
2024-03-24 00:00:00,S-03,16.38,55.6,False
2024-03-24 01:00:00,S-03,18.39,55.8,False
2024-03-24 02:00:00,S-03,20.12,54.0,False
2024-03-24 03:00:00,S-03,20.48,56.4,False
2024-03-24 04:00:00,S-03,19.07,49.4,False
2024-03-24 05:00:00,S-03,19.93,55.0,False
2024-03-24 06:00:00,S-03,22.1,54.7,False
2024-03-24 07:00:00,S-03,23.36,45.9,False
2024-03-24 08:00:00,S-03,23.09,52.3,False
2024-03-24 09:00:00,S-03,24.44,50.8,False
2024-03-24 10:00:00,S-03,26.79,44.0,False
2024-03-24 11:00:00,S-03,26.36,40.4,False
2024-03-24 12:00:00,S-03,27.17,45.6,False
2024-03-24 13:00:00,S-03,26.24,44.9,False
2024-03-24 14:00:00,S-03,26.74,50.3,False
2024-03-24 15:00:00,S-03,24.92,47.2,False
2024-03-24 16:00:00,S-03,24.16,50.9,False
2024-03-24 17:00:00,S-03,22.91,51.3,False
2024-03-24 18:00:00,S-03,21.16,52.9,False
2024-03-24 19:00:00,S-03,21.39,48.4,False
2024-03-24 20:00:00,S-03,19.72,51.9,False
2024-03-24 21:00:00,S-03,19.65,54.5,False
2024-03-24 22:00:00,S-03,19.56,54.1,False
2024-03-24 23:00:00,S-03,19.24,54.4,False
2024-03-25 00:00:00,S-03,19.34,56.9,False
2024-03-25 01:00:00,S-03,18.91,55.2,False
2024-03-25 02:00:00,S-03,19.63,56.3,False
2024-03-25 03:00:00,S-03,21.29,52.5,False
2024-03-25 04:00:00,S-03,21.13,53.5,False
2024-03-25 05:00:00,S-03,22.3,49.5,False
2024-03-25 06:00:00,S-03,21.43,47.6,False
2024-03-25 07:00:00,S-03,23.58,52.0,False
2024-03-25 08:00:00,S-03,26.35,48.7,False
2024-03-25 09:00:00,S-03,25.68,48.9,False
2024-03-25 10:00:00,S-03,26.2,43.9,False
2024-03-25 11:00:00,S-03,28.28,47.1,False
2024-03-25 12:00:00,S-03,26.72,46.0,False
2024-03-25 13:00:00,S-03,28.4,44.2,False
2024-03-25 14:00:00,S-03,27.18,43.2,False
2024-03-25 15:00:00,S-03,26.18,44.9,False
2024-03-25 16:00:00,S-03,24.27,46.8,False
2024-03-25 17:00:00,S-03,26.03,47.6,False
2024-03-25 18:00:00,S-03,22.55,48.7,False
2024-03-25 19:00:00,S-03,22.02,51.3,False
2024-03-25 20:00:00,S-03,22.7,48.9,False
2024-03-25 21:00:00,S-03,20.3,49.6,False
2024-03-25 22:00:00,S-03,21.1,52.6,False
2024-03-25 23:00:00,S-03,20.31,53.8,False
2024-03-26 00:00:00,S-03,20.02,54.0,False
2024-03-26 01:00:00,S-03,19.57,45.5,False
2024-03-26 02:00:00,S-03,20.32,56.5,False
2024-03-26 03:00:00,S-03,21.73,51.7,False
2024-03-26 04:00:00,S-03,21.59,49.0,False
2024-03-26 05:00:00,S-03,23.87,54.8,False
2024-03-26 06:00:00,S-03,24.62,48.3,False
2024-03-26 07:00:00,S-03,25.92,48.9,False
2024-03-26 08:00:00,S-03,26.66,46.2,False
2024-03-26 09:00:00,S-03,27.77,37.6,False
2024-03-26 10:00:00,S-03,28.28,47.4,False
2024-03-26 11:00:00,S-03,29.06,39.5,False
2024-03-26 12:00:00,S-03,28.85,46.4,False
2024-03-26 13:00:00,S-03,28.68,43.0,False
2024-03-26 14:00:00,S-03,27.31,42.4,False
2024-03-26 15:00:00,S-03,26.04,39.2,False
2024-03-26 16:00:00,S-03,26.63,44.4,False
2024-03-26 17:00:00,S-03,26.39,43.1,False
2024-03-26 18:00:00,S-03,23.86,49.2,False
2024-03-26 19:00:00,S-03,22.3,47.7,False
2024-03-26 20:00:00,S-03,22.16,53.3,False
2024-03-26 21:00:00,S-03,22.05,49.7,False
2024-03-26 22:00:00,S-03,21.81,50.3,False
2024-03-26 23:00:00,S-03,20.46,59.1,False
2024-03-27 00:00:00,S-03,19.64,56.5,False
2024-03-27 01:00:00,S-03,20.65,51.1,False
2024-03-27 02:00:00,S-03,21.62,52.9,False
2024-03-27 03:00:00,S-03,21.66,47.0,False
2024-03-27 04:00:00,S-03,23.32,47.5,False
2024-03-27 05:00:00,S-03,23.06,49.6,False
2024-03-27 06:00:00,S-03,25.17,45.3,False
2024-03-27 07:00:00,S-03,26.79,42.6,False
2024-03-27 08:00:00,S-03,25.63,48.9,False
2024-03-27 09:00:00,S-03,26.54,44.1,False
2024-03-27 10:00:00,S-03,28.35,41.3,False
2024-03-27 11:00:00,S-03,30.69,39.1,False
2024-03-27 12:00:00,S-03,28.71,41.3,False
2024-03-27 13:00:00,S-03,28.12,46.3,False
2024-03-27 14:00:00,S-03,28.74,44.1,False
2024-03-27 15:00:00,S-03,26.94,41.0,False
2024-03-27 16:00:00,S-03,24.88,51.8,False
2024-03-27 17:00:00,S-03,24.4,51.7,False
2024-03-27 18:00:00,S-03,25.16,46.7,False
2024-03-27 19:00:00,S-03,21.67,48.8,False
2024-03-27 20:00:00,S-03,20.86,52.8,False
2024-03-27 21:00:00,S-03,21.78,49.9,False
2024-03-27 22:00:00,S-03,20.56,54.6,False
2024-03-27 23:00:00,S-03,20.96,52.5,False
2024-03-28 00:00:00,S-03,18.97,58.7,False
2024-03-28 01:00:00,S-03,19.31,49.8,False
2024-03-28 02:00:00,S-03,19.97,52.0,False
2024-03-28 03:00:00,S-03,19.85,54.7,False
2024-03-28 04:00:00,S-03,21.42,50.6,False
2024-03-28 05:00:00,S-03,22.39,49.6,False
2024-03-28 06:00:00,S-03,24.19,45.3,False
2024-03-28 07:00:00,S-03,24.42,54.1,False
2024-03-28 08:00:00,S-03,25.08,47.1,False
2024-03-28 09:00:00,S-03,26.57,47.9,False
2024-03-28 10:00:00,S-03,27.64,42.3,False
2024-03-28 11:00:00,S-03,27.93,42.8,False
2024-03-28 12:00:00,S-03,27.4,44.6,False
2024-03-28 13:00:00,S-03,26.69,50.5,False
2024-03-28 14:00:00,S-03,26.16,50.4,False
2024-03-28 15:00:00,S-03,24.81,54.1,False
2024-03-28 16:00:00,S-03,25.02,52.2,False
2024-03-28 17:00:00,S-03,23.93,53.4,False
2024-03-28 18:00:00,S-03,24.17,48.1,False
2024-03-28 19:00:00,S-03,21.95,49.4,False
2024-03-28 20:00:00,S-03,21.35,56.0,False
2024-03-28 21:00:00,S-03,20.92,50.5,False
2024-03-28 22:00:00,S-03,17.7,58.1,False
2024-03-28 23:00:00,S-03,18.23,54.1,False
2024-03-29 00:00:00,S-03,18.37,52.6,False
2024-03-29 01:00:00,S-03,18.74,55.4,False
2024-03-29 02:00:00,S-03,18.09,53.4,False
2024-03-29 03:00:00,S-03,20.27,52.5,False
2024-03-29 04:00:00,S-03,21.09,55.0,False
2024-03-29 05:00:00,S-03,21.69,51.1,False
2024-03-29 06:00:00,S-03,22.83,53.3,False
2024-03-29 07:00:00,S-03,22.4,49.5,False
2024-03-29 08:00:00,S-03,25.11,48.6,False
2024-03-29 09:00:00,S-03,24.51,45.4,False
2024-03-29 10:00:00,S-03,24.09,52.7,False
2024-03-29 11:00:00,S-03,26.05,40.5,False
2024-03-29 12:00:00,S-03,26.4,46.9,False
2024-03-29 13:00:00,S-03,25.34,49.0,False
2024-03-29 14:00:00,S-03,24.14,41.1,False
2024-03-29 15:00:00,S-03,23.88,44.3,False
2024-03-29 16:00:00,S-03,23.82,44.7,False
2024-03-29 17:00:00,S-03,20.93,52.4,False
2024-03-29 18:00:00,S-03,22.71,49.7,False
2024-03-29 19:00:00,S-03,21.63,50.8,False
2024-03-29 20:00:00,S-03,19.71,55.9,False
2024-03-29 21:00:00,S-03,19.85,60.6,False
2024-03-29 22:00:00,S-03,18.22,52.9,False
2024-03-29 23:00:00,S-03,17.03,58.3,False
2024-03-30 00:00:00,S-03,18.3,55.9,False
2024-03-30 01:00:00,S-03,18.37,58.9,False
2024-03-30 02:00:00,S-03,17.57,50.4,False
2024-03-30 03:00:00,S-03,17.82,51.6,False
2024-03-30 04:00:00,S-03,18.98,51.8,False
2024-03-30 05:00:00,S-03,21.66,48.5,False
2024-03-30 06:00:00,S-03,21.52,52.6,False
2024-03-30 07:00:00,S-03,25.05,46.3,False
2024-03-30 08:00:00,S-03,23.25,43.9,False
2024-03-30 09:00:00,S-03,25.09,45.4,False
2024-03-30 10:00:00,S-03,25.51,42.3,False
2024-03-30 11:00:00,S-03,25.49,44.9,False
2024-03-30 12:00:00,S-03,26.48,45.4,False
2024-03-30 13:00:00,S-03,25.01,45.4,False
2024-03-30 14:00:00,S-03,25.27,51.0,False
2024-03-30 15:00:00,S-03,23.76,55.8,False
2024-03-30 16:00:00,S-03,22.15,52.6,False
2024-03-30 17:00:00,S-03,23.0,45.6,False
2024-03-30 18:00:00,S-03,21.02,56.7,False
2024-03-30 19:00:00,S-03,19.89,60.0,False
2024-03-30 20:00:00,S-03,20.46,52.6,False
2024-03-30 21:00:00,S-03,19.07,55.9,False
2024-03-30 22:00:00,S-03,18.9,58.2,False
2024-03-30 23:00:00,S-03,19.61,54.8,False
2024-03-31 00:00:00,S-03,18.27,59.5,False
2024-03-31 01:00:00,S-03,18.67,56.9,False
2024-03-31 02:00:00,S-03,17.79,54.5,False
2024-03-31 03:00:00,S-03,20.09,52.2,False
2024-03-31 04:00:00,S-03,20.97,51.8,False
2024-03-31 05:00:00,S-03,20.46,51.1,False
2024-03-31 06:00:00,S-03,22.9,54.1,False
2024-03-31 07:00:00,S-03,23.72,50.2,False
2024-03-31 08:00:00,S-03,24.3,48.0,False
2024-03-31 09:00:00,S-03,25.42,49.6,False
2024-03-31 10:00:00,S-03,27.97,44.4,False
2024-03-31 11:00:00,S-03,25.97,49.6,False
2024-03-31 12:00:00,S-03,26.41,50.8,False
2024-03-31 13:00:00,S-03,26.68,46.2,False
2024-03-31 14:00:00,S-03,26.1,44.6,False
2024-03-31 15:00:00,S-03,24.21,45.2,False
2024-03-31 16:00:00,S-03,25.41,52.4,False
2024-03-31 17:00:00,S-03,24.72,49.2,False
2024-03-31 18:00:00,S-03,24.39,46.7,False
2024-03-31 19:00:00,S-03,21.58,51.5,False
2024-03-31 20:00:00,S-03,20.11,50.2,False
2024-03-31 21:00:00,S-03,20.87,56.6,False
2024-03-31 22:00:00,S-03,18.95,55.9,False
2024-03-31 23:00:00,S-03,19.43,53.3,False
2024-04-01 00:00:00,S-03,19.03,50.5,False
2024-04-01 01:00:00,S-03,19.7,60.3,False
2024-04-01 02:00:00,S-03,19.65,54.5,False
2024-04-01 03:00:00,S-03,21.26,45.7,False
2024-04-01 04:00:00,S-03,20.85,51.0,False
2024-04-01 05:00:00,S-03,24.51,48.2,False
2024-04-01 06:00:00,S-03,24.32,48.9,False
2024-04-01 07:00:00,S-03,24.29,45.3,False
2024-04-01 08:00:00,S-03,25.04,51.0,False
2024-04-01 09:00:00,S-03,26.55,47.5,False
2024-04-01 10:00:00,S-03,27.01,45.4,False
2024-04-01 11:00:00,S-03,27.18,43.1,False
2024-04-01 12:00:00,S-03,29.14,37.5,False
2024-04-01 13:00:00,S-03,28.72,41.9,False
2024-04-01 14:00:00,S-03,26.73,45.0,False
2024-04-01 15:00:00,S-03,27.46,41.3,False
2024-04-01 16:00:00,S-03,26.24,47.1,False
2024-04-01 17:00:00,S-03,25.93,48.9,False
2024-04-01 18:00:00,S-03,23.8,47.7,False
2024-04-01 19:00:00,S-03,25.04,46.4,False
2024-04-01 20:00:00,S-03,22.48,50.7,False
2024-04-01 21:00:00,S-03,23.23,54.7,False
2024-04-01 22:00:00,S-03,20.66,57.1,False
2024-04-01 23:00:00,S-03,21.75,46.7,False
2024-04-02 00:00:00,S-03,20.49,51.6,False
2024-04-02 01:00:00,S-03,22.08,58.7,False
2024-04-02 02:00:00,S-03,21.04,51.5,False
2024-04-02 03:00:00,S-03,21.0,57.6,False
2024-04-02 04:00:00,S-03,21.85,52.9,False
2024-04-02 05:00:00,S-03,23.2,53.6,False
2024-04-02 06:00:00,S-03,25.25,46.3,False
2024-04-02 07:00:00,S-03,26.13,46.6,False
2024-04-02 08:00:00,S-03,26.91,47.0,False
2024-04-02 09:00:00,S-03,28.52,43.4,False
2024-04-02 10:00:00,S-03,29.63,42.0,False
2024-04-02 11:00:00,S-03,27.94,48.4,False
2024-04-02 12:00:00,S-03,29.7,41.6,False
2024-04-02 13:00:00,S-03,30.62,44.8,False
2024-04-02 14:00:00,S-03,27.89,42.5,False
2024-04-02 15:00:00,S-03,27.3,44.0,False
2024-04-02 16:00:00,S-03,35.37,37.4,True
2024-04-02 17:00:00,S-03,26.16,47.8,False
2024-04-02 18:00:00,S-03,24.51,51.1,False
2024-04-02 19:00:00,S-03,23.85,49.2,False
2024-04-02 20:00:00,S-03,24.23,48.5,False
2024-04-02 21:00:00,S-03,22.85,48.9,False
2024-04-02 22:00:00,S-03,20.83,48.1,False
2024-04-02 23:00:00,S-03,19.7,52.9,False
2024-04-03 00:00:00,S-03,20.04,56.7,False
2024-04-03 01:00:00,S-03,21.19,52.1,False
2024-04-03 02:00:00,S-03,20.8,53.3,False
2024-04-03 03:00:00,S-03,21.38,55.7,False
2024-04-03 04:00:00,S-03,23.44,46.9,False
2024-04-03 05:00:00,S-03,23.58,50.4,False
2024-04-03 06:00:00,S-03,24.52,46.7,False
2024-04-03 07:00:00,S-03,26.01,49.8,False
2024-04-03 08:00:00,S-03,27.93,39.9,False
2024-04-03 09:00:00,S-03,27.82,43.3,False
2024-04-03 10:00:00,S-03,28.73,41.7,False
2024-04-03 11:00:00,S-03,28.62,42.4,False
2024-04-03 12:00:00,S-03,29.9,40.2,False
2024-04-03 13:00:00,S-03,27.5,50.2,False
2024-04-03 14:00:00,S-03,27.15,44.5,False
2024-04-03 15:00:00,S-03,26.97,44.9,False
2024-04-03 16:00:00,S-03,28.13,39.7,False
2024-04-03 17:00:00,S-03,26.74,41.7,False
2024-04-03 18:00:00,S-03,23.55,47.2,False
2024-04-03 19:00:00,S-03,22.99,46.6,False
2024-04-03 20:00:00,S-03,22.79,51.9,False
2024-04-03 21:00:00,S-03,21.53,50.2,False
2024-04-03 22:00:00,S-03,21.5,50.6,False
2024-04-03 23:00:00,S-03,19.95,53.4,False
2024-04-04 00:00:00,S-03,18.84,52.4,False
2024-04-04 01:00:00,S-03,20.74,49.1,False
2024-04-04 02:00:00,S-03,21.6,49.8,False
2024-04-04 03:00:00,S-03,19.95,54.4,False
2024-04-04 04:00:00,S-03,20.46,52.8,False
2024-04-04 05:00:00,S-03,22.51,48.2,False
2024-04-04 06:00:00,S-03,22.36,55.5,False
2024-04-04 07:00:00,S-03,25.18,48.6,False
2024-04-04 08:00:00,S-03,24.82,49.9,False
2024-04-04 09:00:00,S-03,27.12,49.6,False
2024-04-04 10:00:00,S-03,26.83,42.8,False
2024-04-04 11:00:00,S-03,27.56,47.4,False
2024-04-04 12:00:00,S-03,28.06,44.8,False
2024-04-04 13:00:00,S-03,27.18,45.9,False
2024-04-04 14:00:00,S-03,26.08,42.0,False
2024-04-04 15:00:00,S-03,26.93,43.0,False
2024-04-04 16:00:00,S-03,24.14,48.8,False
2024-04-04 17:00:00,S-03,25.43,47.1,False
2024-04-04 18:00:00,S-03,22.73,54.9,False
2024-04-04 19:00:00,S-03,21.7,50.6,False
2024-04-04 20:00:00,S-03,21.43,52.7,False
2024-04-04 21:00:00,S-03,20.56,52.1,False
2024-04-04 22:00:00,S-03,19.95,50.0,False
2024-04-04 23:00:00,S-03,17.92,55.2,False
2024-04-05 00:00:00,S-03,18.2,56.2,False
2024-04-05 01:00:00,S-03,19.27,59.7,False
2024-04-05 02:00:00,S-03,19.65,57.8,False
2024-04-05 03:00:00,S-03,19.87,52.3,False
2024-04-05 04:00:00,S-03,21.76,49.0,False
2024-04-05 05:00:00,S-03,21.5,51.9,False
2024-04-05 06:00:00,S-03,23.39,48.0,False
2024-04-05 07:00:00,S-03,24.5,55.5,False
2024-04-05 08:00:00,S-03,24.83,50.4,False
2024-04-05 09:00:00,S-03,25.19,47.4,False
2024-04-05 10:00:00,S-03,26.54,44.3,False
2024-04-05 11:00:00,S-03,26.67,42.6,False
2024-04-05 12:00:00,S-03,26.91,45.2,False
2024-04-05 13:00:00,S-03,25.55,39.6,False
2024-04-05 14:00:00,S-03,26.19,45.2,False
2024-04-05 15:00:00,S-03,26.42,44.7,False
2024-04-05 16:00:00,S-03,24.07,53.3,False
2024-04-05 17:00:00,S-03,23.42,44.6,False
2024-04-05 18:00:00,S-03,22.06,53.9,False
2024-04-05 19:00:00,S-03,21.9,50.5,False
2024-04-05 20:00:00,S-03,18.56,57.7,False
2024-04-05 21:00:00,S-03,20.64,50.8,False
2024-04-05 22:00:00,S-03,19.12,56.0,False
2024-04-05 23:00:00,S-03,18.12,58.5,False
2024-04-06 00:00:00,S-03,18.37,63.1,False
2024-04-06 01:00:00,S-03,19.18,52.4,False
2024-04-06 02:00:00,S-03,18.97,54.6,False
2024-04-06 03:00:00,S-03,19.84,53.7,False
2024-04-06 04:00:00,S-03,21.09,50.7,False
2024-04-06 05:00:00,S-03,21.23,52.0,False
2024-04-06 06:00:00,S-03,22.72,50.6,False
2024-04-06 07:00:00,S-03,24.34,47.6,False
2024-04-06 08:00:00,S-03,24.58,43.3,False
2024-04-06 09:00:00,S-03,24.48,49.2,False
2024-04-06 10:00:00,S-03,26.23,42.1,False
2024-04-06 11:00:00,S-03,27.65,44.3,False
2024-04-06 12:00:00,S-03,25.93,49.6,False
2024-04-06 13:00:00,S-03,26.42,42.4,False
2024-04-06 14:00:00,S-03,26.02,46.2,False
2024-04-06 15:00:00,S-03,25.77,47.4,False
2024-04-06 16:00:00,S-03,23.93,48.9,False
2024-04-06 17:00:00,S-03,23.3,48.5,False
2024-04-06 18:00:00,S-03,23.86,49.2,False
2024-04-06 19:00:00,S-03,21.85,53.5,False
2024-04-06 20:00:00,S-03,19.87,51.0,False
2024-04-06 21:00:00,S-03,20.19,53.1,False
2024-04-06 22:00:00,S-03,19.01,57.0,False
2024-04-06 23:00:00,S-03,19.82,52.3,False
2024-04-07 00:00:00,S-03,17.21,53.6,False
2024-04-07 01:00:00,S-03,18.75,57.5,False
2024-04-07 02:00:00,S-03,19.89,55.9,False
2024-04-07 03:00:00,S-03,18.78,58.0,False
2024-04-07 04:00:00,S-03,20.06,53.7,False
2024-04-07 05:00:00,S-03,22.04,49.5,False
2024-04-07 06:00:00,S-03,22.78,54.8,False
2024-04-07 07:00:00,S-03,23.59,53.1,False
2024-04-07 08:00:00,S-03,25.08,50.0,False
2024-04-07 09:00:00,S-03,24.61,46.8,False
2024-04-07 10:00:00,S-03,25.74,47.2,False
2024-04-07 11:00:00,S-03,28.23,41.4,False
2024-04-07 12:00:00,S-03,26.53,42.9,False
2024-04-07 13:00:00,S-03,27.31,45.3,False
2024-04-07 14:00:00,S-03,26.57,46.8,False
2024-04-07 15:00:00,S-03,26.72,47.3,False
2024-04-07 16:00:00,S-03,25.52,47.5,False
2024-04-07 17:00:00,S-03,24.67,54.1,False
2024-04-07 18:00:00,S-03,24.3,45.8,False
2024-04-07 19:00:00,S-03,22.65,54.4,False
2024-04-07 20:00:00,S-03,20.14,52.5,False
2024-04-07 21:00:00,S-03,20.19,56.3,False
2024-04-07 22:00:00,S-03,21.27,49.6,False
2024-04-07 23:00:00,S-03,20.64,59.4,False
2024-04-08 00:00:00,S-03,19.54,58.5,False
2024-04-08 01:00:00,S-03,18.65,50.8,False
2024-04-08 02:00:00,S-03,19.81,57.8,False
2024-04-08 03:00:00,S-03,22.71,51.1,False
2024-04-08 04:00:00,S-03,22.9,53.0,False
2024-04-08 05:00:00,S-03,23.94,49.1,False
2024-04-08 06:00:00,S-03,22.79,50.1,False
2024-04-08 07:00:00,S-03,24.08,44.9,False
2024-04-08 08:00:00,S-03,25.71,45.6,False
2024-04-08 09:00:00,S-03,25.99,46.6,False
2024-04-08 10:00:00,S-03,27.84,39.6,False
2024-04-08 11:00:00,S-03,27.34,42.2,False
2024-04-08 12:00:00,S-03,28.77,43.4,False
2024-04-08 13:00:00,S-03,28.13,45.4,False
2024-04-08 14:00:00,S-03,27.52,43.5,False
2024-04-08 15:00:00,S-03,27.89,48.4,False
2024-04-08 16:00:00,S-03,26.95,44.0,False
2024-04-08 17:00:00,S-03,25.78,48.7,False
2024-04-08 18:00:00,S-03,24.4,52.4,False
2024-04-08 19:00:00,S-03,23.66,47.2,False
2024-04-08 20:00:00,S-03,21.25,55.7,False
2024-04-08 21:00:00,S-03,20.44,52.9,False
2024-04-08 22:00:00,S-03,20.86,50.4,False
2024-04-08 23:00:00,S-03,21.14,57.2,False
2024-04-09 00:00:00,S-03,22.33,55.8,False
2024-04-09 01:00:00,S-03,21.42,51.3,False
2024-04-09 02:00:00,S-03,20.76,56.1,False
2024-04-09 03:00:00,S-03,21.83,54.6,False
2024-04-09 04:00:00,S-03,22.07,51.4,False
2024-04-09 05:00:00,S-03,24.03,55.4,False
2024-04-09 06:00:00,S-03,25.06,47.5,False
2024-04-09 07:00:00,S-03,26.16,44.6,False
2024-04-09 08:00:00,S-03,27.39,45.1,False
2024-04-09 09:00:00,S-03,28.85,43.0,False
2024-04-09 10:00:00,S-03,29.22,41.6,False
2024-04-09 11:00:00,S-03,28.19,43.3,False
2024-04-09 12:00:00,S-03,29.92,38.2,False
2024-04-09 13:00:00,S-03,28.33,45.7,False
2024-04-09 14:00:00,S-03,29.04,39.1,False
2024-04-09 15:00:00,S-03,28.19,47.3,False
2024-04-09 16:00:00,S-03,28.62,45.6,False
2024-04-09 17:00:00,S-03,26.25,45.3,False
2024-04-09 18:00:00,S-03,25.22,46.6,False
2024-04-09 19:00:00,S-03,24.05,47.2,False
2024-04-09 20:00:00,S-03,23.98,49.2,False
2024-04-09 21:00:00,S-03,22.71,55.8,False
2024-04-09 22:00:00,S-03,21.62,53.0,False
2024-04-09 23:00:00,S-03,22.08,50.2,False
2024-04-10 00:00:00,S-03,22.94,55.5,False
2024-04-10 01:00:00,S-03,22.68,49.6,False
2024-04-10 02:00:00,S-03,22.97,49.4,False
2024-04-10 03:00:00,S-03,21.99,57.8,False
2024-04-10 04:00:00,S-03,23.15,52.1,False
2024-04-10 05:00:00,S-03,24.29,52.3,False
2024-04-10 06:00:00,S-03,23.84,51.2,False
2024-04-10 07:00:00,S-03,27.55,46.5,False
2024-04-10 08:00:00,S-03,26.0,48.8,False
2024-04-10 09:00:00,S-03,28.25,46.3,False
2024-04-10 10:00:00,S-03,27.57,51.3,False
2024-04-10 11:00:00,S-03,29.01,39.8,False
2024-04-10 12:00:00,S-03,29.67,35.5,False
2024-04-10 13:00:00,S-03,29.26,42.1,False
2024-04-10 14:00:00,S-03,27.73,40.4,False
2024-04-10 15:00:00,S-03,27.23,45.8,False
2024-04-10 16:00:00,S-03,27.6,41.4,False
2024-04-10 17:00:00,S-03,25.82,47.1,False
2024-04-10 18:00:00,S-03,24.88,51.3,False
2024-04-10 19:00:00,S-03,24.45,47.1,False
2024-04-10 20:00:00,S-03,20.72,51.0,False
2024-04-10 21:00:00,S-03,22.03,53.8,False
2024-04-10 22:00:00,S-03,22.14,49.2,False
2024-04-10 23:00:00,S-03,22.11,51.2,False
2024-04-11 00:00:00,S-03,21.06,52.3,False
2024-04-11 01:00:00,S-03,20.03,50.2,False
2024-04-11 02:00:00,S-03,21.72,54.6,False
2024-04-11 03:00:00,S-03,23.02,47.2,False
2024-04-11 04:00:00,S-03,21.82,54.4,False
2024-04-11 05:00:00,S-03,22.66,51.9,False
2024-04-11 06:00:00,S-03,24.1,45.9,False
2024-04-11 07:00:00,S-03,24.87,47.1,False
2024-04-11 08:00:00,S-03,24.5,51.1,False
2024-04-11 09:00:00,S-03,25.02,47.1,False
2024-04-11 10:00:00,S-03,26.43,52.6,False
2024-04-11 11:00:00,S-03,27.31,42.3,False
2024-04-11 12:00:00,S-03,28.23,47.6,False
2024-04-11 13:00:00,S-03,27.29,40.4,False
2024-04-11 14:00:00,S-03,27.39,44.3,False
2024-04-11 15:00:00,S-03,27.63,47.7,False
2024-04-11 16:00:00,S-03,28.03,38.8,False
2024-04-11 17:00:00,S-03,25.35,48.3,False
2024-04-11 18:00:00,S-03,22.8,47.4,False
2024-04-11 19:00:00,S-03,23.26,46.2,False
2024-04-11 20:00:00,S-03,21.46,50.0,False
2024-04-11 21:00:00,S-03,20.85,51.3,False
2024-04-11 22:00:00,S-03,20.66,51.7,False
2024-04-11 23:00:00,S-03,20.06,52.1,False
2024-04-12 00:00:00,S-03,18.23,53.5,False
2024-04-12 01:00:00,S-03,18.46,48.2,False
2024-04-12 02:00:00,S-03,19.91,58.0,False
2024-04-12 03:00:00,S-03,20.85,59.1,False
2024-04-12 04:00:00,S-03,22.73,52.0,False
2024-04-12 05:00:00,S-03,22.47,50.1,False
2024-04-12 06:00:00,S-03,22.7,47.8,False
2024-04-12 07:00:00,S-03,23.6,50.4,False
2024-04-12 08:00:00,S-03,24.35,49.5,False
2024-04-12 09:00:00,S-03,24.68,45.7,False
2024-04-12 10:00:00,S-03,25.27,47.1,False
2024-04-12 11:00:00,S-03,26.23,48.6,False
2024-04-12 12:00:00,S-03,26.84,46.6,False
2024-04-12 13:00:00,S-03,25.99,46.6,False
2024-04-12 14:00:00,S-03,26.17,46.9,False
2024-04-12 15:00:00,S-03,25.28,45.4,False
2024-04-12 16:00:00,S-03,24.46,48.4,False
2024-04-12 17:00:00,S-03,23.31,50.1,False
2024-04-12 18:00:00,S-03,22.82,48.4,False
2024-04-12 19:00:00,S-03,21.55,51.7,False
2024-04-12 20:00:00,S-03,18.47,58.4,False
2024-04-12 21:00:00,S-03,19.92,57.0,False
2024-04-12 22:00:00,S-03,19.14,48.5,False
2024-04-12 23:00:00,S-03,18.16,51.9,False
2024-04-13 00:00:00,S-03,18.63,58.5,False
2024-04-13 01:00:00,S-03,18.08,57.5,False
2024-04-13 02:00:00,S-03,19.11,56.3,False
2024-04-13 03:00:00,S-03,18.96,51.1,False
2024-04-13 04:00:00,S-03,21.0,52.9,False
2024-04-13 05:00:00,S-03,21.71,53.6,False
2024-04-13 06:00:00,S-03,21.33,53.6,False
2024-04-13 07:00:00,S-03,22.96,48.2,False
2024-04-13 08:00:00,S-03,25.03,46.2,False
2024-04-13 09:00:00,S-03,25.63,48.1,False
2024-04-13 10:00:00,S-03,26.07,47.2,False
2024-04-13 11:00:00,S-03,25.48,51.1,False
2024-04-13 12:00:00,S-03,25.98,40.1,False
2024-04-13 13:00:00,S-03,26.52,44.3,False
2024-04-13 14:00:00,S-03,33.62,41.2,True
2024-04-13 15:00:00,S-03,25.39,44.1,False
2024-04-13 16:00:00,S-03,23.94,49.5,False
2024-04-13 17:00:00,S-03,23.47,53.9,False
2024-04-13 18:00:00,S-03,22.25,48.2,False
2024-04-13 19:00:00,S-03,20.72,54.0,False
2024-04-13 20:00:00,S-03,19.83,59.7,False
2024-04-13 21:00:00,S-03,19.26,51.1,False
2024-04-13 22:00:00,S-03,18.12,50.3,False
2024-04-13 23:00:00,S-03,19.3,57.8,False
2024-04-14 00:00:00,S-03,19.43,53.2,False
2024-04-14 01:00:00,S-03,19.7,54.1,False
2024-04-14 02:00:00,S-03,18.83,55.5,False
2024-04-14 03:00:00,S-03,19.53,58.1,False
2024-04-14 04:00:00,S-03,21.18,51.6,False
2024-04-14 05:00:00,S-03,21.63,54.8,False
2024-04-14 06:00:00,S-03,22.83,52.7,False
2024-04-14 07:00:00,S-03,23.91,49.2,False
2024-04-14 08:00:00,S-03,23.91,52.3,False
2024-04-14 09:00:00,S-03,27.04,46.3,False
2024-04-14 10:00:00,S-03,25.61,46.9,False
2024-04-14 11:00:00,S-03,25.95,55.6,False
2024-04-14 12:00:00,S-03,28.0,38.4,False
2024-04-14 13:00:00,S-03,26.43,42.8,False
2024-04-14 14:00:00,S-03,27.78,41.6,False
2024-04-14 15:00:00,S-03,26.63,44.7,False
2024-04-14 16:00:00,S-03,25.86,47.4,False
2024-04-14 17:00:00,S-03,24.38,48.0,False
2024-04-14 18:00:00,S-03,22.59,57.4,False
2024-04-14 19:00:00,S-03,21.79,50.2,False
2024-04-14 20:00:00,S-03,21.89,48.4,False
2024-04-14 21:00:00,S-03,20.96,52.8,False
2024-04-14 22:00:00,S-03,19.52,53.2,False
2024-04-14 23:00:00,S-03,19.23,53.4,False
2024-04-15 00:00:00,S-03,19.36,57.3,False
2024-04-15 01:00:00,S-03,20.19,54.6,False
2024-04-15 02:00:00,S-03,21.04,55.9,False
2024-04-15 03:00:00,S-03,22.09,48.2,False
2024-04-15 04:00:00,S-03,21.98,53.3,False
2024-04-15 05:00:00,S-03,24.41,48.6,False
2024-04-15 06:00:00,S-03,24.95,46.1,False
2024-04-15 07:00:00,S-03,26.63,41.3,False
2024-04-15 08:00:00,S-03,25.82,46.6,False
2024-04-15 09:00:00,S-03,27.83,41.0,False
2024-04-15 10:00:00,S-03,28.92,45.3,False
2024-04-15 11:00:00,S-03,27.15,46.6,False
2024-04-15 12:00:00,S-03,29.43,43.9,False
2024-04-15 13:00:00,S-03,28.95,51.3,False
2024-04-15 14:00:00,S-03,29.0,46.8,False
2024-04-15 15:00:00,S-03,27.83,38.5,False
2024-04-15 16:00:00,S-03,27.81,46.2,False
2024-04-15 17:00:00,S-03,25.67,47.7,False
2024-04-15 18:00:00,S-03,24.61,48.9,False
2024-04-15 19:00:00,S-03,24.58,46.9,False
2024-04-15 20:00:00,S-03,23.66,52.2,False
2024-04-15 21:00:00,S-03,21.27,44.0,False
2024-04-15 22:00:00,S-03,22.65,46.7,False
2024-04-15 23:00:00,S-03,22.27,52.9,False
2024-04-16 00:00:00,S-03,22.06,51.9,False
2024-04-16 01:00:00,S-03,20.87,55.5,False
2024-04-16 02:00:00,S-03,22.85,49.3,False
2024-04-16 03:00:00,S-03,22.94,48.7,False
2024-04-16 04:00:00,S-03,24.12,51.2,False
2024-04-16 05:00:00,S-03,24.35,49.1,False
2024-04-16 06:00:00,S-03,25.12,42.6,False
2024-04-16 07:00:00,S-03,25.97,49.5,False
2024-04-16 08:00:00,S-03,27.03,42.2,False
2024-04-16 09:00:00,S-03,29.05,45.6,False
2024-04-16 10:00:00,S-03,28.41,44.3,False
2024-04-16 11:00:00,S-03,28.95,44.8,False
2024-04-16 12:00:00,S-03,29.83,45.1,False
2024-04-16 13:00:00,S-03,29.25,39.7,False
2024-04-16 14:00:00,S-03,27.47,46.8,False
2024-04-16 15:00:00,S-03,27.93,44.1,False
2024-04-16 16:00:00,S-03,27.34,44.3,False
2024-04-16 17:00:00,S-03,27.91,44.4,False
2024-04-16 18:00:00,S-03,26.14,45.0,False
2024-04-16 19:00:00,S-03,23.82,49.4,False
2024-04-16 20:00:00,S-03,22.77,51.2,False
2024-04-16 21:00:00,S-03,22.44,49.0,False
2024-04-16 22:00:00,S-03,22.33,54.3,False
2024-04-16 23:00:00,S-03,21.14,52.7,False
2024-04-17 00:00:00,S-03,21.94,48.2,False
2024-04-17 01:00:00,S-03,20.63,54.4,False
2024-04-17 02:00:00,S-03,22.37,52.5,False
2024-04-17 03:00:00,S-03,23.65,45.2,False
2024-04-17 04:00:00,S-03,21.48,52.9,False
2024-04-17 05:00:00,S-03,24.46,47.4,False
2024-04-17 06:00:00,S-03,25.7,47.8,False
2024-04-17 07:00:00,S-03,26.86,45.1,False
2024-04-17 08:00:00,S-03,27.53,45.9,False
2024-04-17 09:00:00,S-03,28.2,44.5,False
2024-04-17 10:00:00,S-03,29.08,36.2,False
2024-04-17 11:00:00,S-03,29.31,42.9,False
2024-04-17 12:00:00,S-03,29.4,44.2,False
2024-04-17 13:00:00,S-03,30.38,43.5,False
2024-04-17 14:00:00,S-03,29.52,46.1,False
2024-04-17 15:00:00,S-03,28.77,44.3,False
2024-04-17 16:00:00,S-03,26.7,49.7,False
2024-04-17 17:00:00,S-03,25.81,49.4,False
2024-04-17 18:00:00,S-03,25.93,45.3,False
2024-04-17 19:00:00,S-03,23.22,47.9,False
2024-04-17 20:00:00,S-03,23.81,53.0,False
2024-04-17 21:00:00,S-03,21.11,54.6,False
2024-04-17 22:00:00,S-03,23.11,44.9,False
2024-04-17 23:00:00,S-03,21.98,48.3,False
2024-04-18 00:00:00,S-03,20.41,56.8,False
2024-04-18 01:00:00,S-03,20.57,53.6,False
2024-04-18 02:00:00,S-03,19.69,49.1,False
2024-04-18 03:00:00,S-03,21.82,53.0,False
2024-04-18 04:00:00,S-03,23.56,52.5,False
2024-04-18 05:00:00,S-03,24.02,50.9,False
2024-04-18 06:00:00,S-03,24.33,48.5,False
2024-04-18 07:00:00,S-03,27.1,44.7,False
2024-04-18 08:00:00,S-03,26.85,44.0,False
2024-04-18 09:00:00,S-03,27.52,43.3,False
2024-04-18 10:00:00,S-03,27.55,45.6,False
2024-04-18 11:00:00,S-03,28.58,51.0,False
2024-04-18 12:00:00,S-03,30.23,49.2,False
2024-04-18 13:00:00,S-03,28.37,43.3,False
2024-04-18 14:00:00,S-03,26.27,41.9,False
2024-04-18 15:00:00,S-03,27.04,45.1,False
2024-04-18 16:00:00,S-03,27.47,44.0,False
2024-04-18 17:00:00,S-03,25.9,46.0,False
2024-04-18 18:00:00,S-03,23.49,44.7,False
2024-04-18 19:00:00,S-03,23.07,49.9,False
2024-04-18 20:00:00,S-03,20.64,51.1,False
2024-04-18 21:00:00,S-03,21.4,52.3,False
2024-04-18 22:00:00,S-03,19.54,49.8,False
2024-04-18 23:00:00,S-03,19.36,54.7,False
2024-04-19 00:00:00,S-03,19.14,51.3,False
2024-04-19 01:00:00,S-03,19.12,52.4,False
2024-04-19 02:00:00,S-03,21.33,50.3,False
2024-04-19 03:00:00,S-03,21.75,50.1,False
2024-04-19 04:00:00,S-03,21.17,50.8,False
2024-04-19 05:00:00,S-03,22.39,49.3,False
2024-04-19 06:00:00,S-03,24.61,46.5,False
2024-04-19 07:00:00,S-03,24.08,46.8,False
2024-04-19 08:00:00,S-03,24.88,46.3,False
2024-04-19 09:00:00,S-03,25.36,46.4,False
2024-04-19 10:00:00,S-03,27.82,50.0,False
2024-04-19 11:00:00,S-03,27.11,48.0,False
2024-04-19 12:00:00,S-03,27.09,43.5,False
2024-04-19 13:00:00,S-03,26.59,41.9,False
2024-04-19 14:00:00,S-03,25.78,50.2,False
2024-04-19 15:00:00,S-03,26.56,45.9,False
2024-04-19 16:00:00,S-03,24.37,49.6,False
2024-04-19 17:00:00,S-03,23.57,53.0,False
2024-04-19 18:00:00,S-03,21.61,46.2,False
2024-04-19 19:00:00,S-03,21.01,50.8,False
2024-04-19 20:00:00,S-03,20.47,53.8,False
2024-04-19 21:00:00,S-03,19.65,58.4,False
2024-04-19 22:00:00,S-03,18.2,55.7,False
2024-04-19 23:00:00,S-03,18.49,55.9,False
2024-04-20 00:00:00,S-03,18.71,55.3,False
2024-04-20 01:00:00,S-03,16.91,57.4,False
2024-04-20 02:00:00,S-03,19.78,54.5,False
2024-04-20 03:00:00,S-03,19.75,52.4,False
2024-04-20 04:00:00,S-03,19.75,52.0,False
2024-04-20 05:00:00,S-03,21.54,50.8,False
2024-04-20 06:00:00,S-03,23.13,51.9,False
2024-04-20 07:00:00,S-03,23.82,52.7,False
2024-04-20 08:00:00,S-03,24.82,48.4,False
2024-04-20 09:00:00,S-03,25.64,46.3,False
2024-04-20 10:00:00,S-03,26.78,49.3,False
2024-04-20 11:00:00,S-03,25.63,48.7,False
2024-04-20 12:00:00,S-03,26.38,48.4,False
2024-04-20 13:00:00,S-03,27.01,45.0,False
2024-04-20 14:00:00,S-03,26.35,45.0,False
2024-04-20 15:00:00,S-03,24.89,49.4,False
2024-04-20 16:00:00,S-03,24.69,47.7,False
2024-04-20 17:00:00,S-03,23.42,53.2,False
2024-04-20 18:00:00,S-03,22.97,47.7,False
2024-04-20 19:00:00,S-03,20.66,54.0,False
2024-04-20 20:00:00,S-03,19.75,54.2,False
2024-04-20 21:00:00,S-03,19.09,51.9,False
2024-04-20 22:00:00,S-03,19.5,53.4,False
2024-04-20 23:00:00,S-03,21.16,49.3,False
2024-04-21 00:00:00,S-03,19.9,52.9,False
2024-04-21 01:00:00,S-03,20.26,52.7,False
2024-04-21 02:00:00,S-03,19.76,62.0,False
2024-04-21 03:00:00,S-03,21.66,48.8,False
2024-04-21 04:00:00,S-03,21.58,53.9,False
2024-04-21 05:00:00,S-03,22.36,49.6,False
2024-04-21 06:00:00,S-03,24.23,49.8,False
2024-04-21 07:00:00,S-03,23.53,48.6,False
2024-04-21 08:00:00,S-03,23.79,46.9,False
2024-04-21 09:00:00,S-03,25.44,51.5,False
2024-04-21 10:00:00,S-03,28.14,47.4,False
2024-04-21 11:00:00,S-03,28.19,38.8,False
2024-04-21 12:00:00,S-03,27.83,44.0,False
2024-04-21 13:00:00,S-03,27.42,43.9,False
2024-04-21 14:00:00,S-03,27.12,40.6,False
2024-04-21 15:00:00,S-03,26.98,46.0,False
2024-04-21 16:00:00,S-03,25.23,49.0,False
2024-04-21 17:00:00,S-03,25.59,47.3,False
2024-04-21 18:00:00,S-03,23.26,51.3,False
2024-04-21 19:00:00,S-03,24.08,54.2,False
2024-04-21 20:00:00,S-03,21.87,50.3,False
2024-04-21 21:00:00,S-03,20.64,56.8,False
2024-04-21 22:00:00,S-03,20.56,59.6,False
2024-04-21 23:00:00,S-03,19.72,45.6,False
2024-04-22 00:00:00,S-03,20.26,52.9,False
2024-04-22 01:00:00,S-03,19.15,58.9,False
2024-04-22 02:00:00,S-03,20.63,54.1,False
2024-04-22 03:00:00,S-03,21.76,49.9,False
2024-04-22 04:00:00,S-03,22.89,54.6,False
2024-04-22 05:00:00,S-03,23.31,52.5,False
2024-04-22 06:00:00,S-03,25.64,42.3,False
2024-04-22 07:00:00,S-03,24.48,50.9,False
2024-04-22 08:00:00,S-03,26.65,45.3,False
2024-04-22 09:00:00,S-03,27.32,45.7,False
2024-04-22 10:00:00,S-03,28.38,40.3,False
2024-04-22 11:00:00,S-03,28.64,45.1,False
2024-04-22 12:00:00,S-03,30.1,42.2,False
2024-04-22 13:00:00,S-03,28.94,40.3,False
2024-04-22 14:00:00,S-03,27.88,43.4,False
2024-04-22 15:00:00,S-03,29.95,46.1,False
2024-04-22 16:00:00,S-03,27.26,49.7,False
2024-04-22 17:00:00,S-03,26.19,42.0,False
2024-04-22 18:00:00,S-03,26.01,48.1,False
2024-04-22 19:00:00,S-03,23.87,48.3,False
2024-04-22 20:00:00,S-03,23.24,48.5,False
2024-04-22 21:00:00,S-03,23.3,50.6,False
2024-04-22 22:00:00,S-03,21.11,57.0,False
2024-04-22 23:00:00,S-03,21.32,53.9,False
2024-04-23 00:00:00,S-03,22.31,48.3,False
2024-04-23 01:00:00,S-03,23.15,50.3,False
2024-04-23 02:00:00,S-03,22.12,52.7,False
2024-04-23 03:00:00,S-03,22.77,53.8,False
2024-04-23 04:00:00,S-03,24.56,48.2,False
2024-04-23 05:00:00,S-03,23.56,50.0,False
2024-04-23 06:00:00,S-03,25.23,48.3,False
2024-04-23 07:00:00,S-03,26.21,48.4,False
2024-04-23 08:00:00,S-03,26.22,40.9,False
2024-04-23 09:00:00,S-03,26.41,50.3,False
2024-04-23 10:00:00,S-03,29.0,44.0,False
2024-04-23 11:00:00,S-03,30.44,41.4,False
2024-04-23 12:00:00,S-03,30.41,38.2,False
2024-04-23 13:00:00,S-03,30.75,41.8,False
2024-04-23 14:00:00,S-03,27.25,51.0,False
2024-04-23 15:00:00,S-03,28.64,41.8,False
2024-04-23 16:00:00,S-03,28.97,38.3,False
2024-04-23 17:00:00,S-03,26.29,47.6,False
2024-04-23 18:00:00,S-03,24.92,48.1,False
2024-04-23 19:00:00,S-03,25.18,47.5,False
2024-04-23 20:00:00,S-03,23.95,44.6,False
2024-04-23 21:00:00,S-03,23.6,50.8,False
2024-04-23 22:00:00,S-03,22.46,52.8,False
2024-04-23 23:00:00,S-03,23.03,37.5,False
2024-04-24 00:00:00,S-03,22.45,51.4,False
2024-04-24 01:00:00,S-03,22.24,53.5,False
2024-04-24 02:00:00,S-03,22.13,48.7,False
2024-04-24 03:00:00,S-03,23.6,43.3,False
2024-04-24 04:00:00,S-03,23.34,50.2,False
2024-04-24 05:00:00,S-03,25.55,53.6,False
2024-04-24 06:00:00,S-03,26.71,46.9,False
2024-04-24 07:00:00,S-03,27.57,51.5,False
2024-04-24 08:00:00,S-03,26.77,46.8,False
2024-04-24 09:00:00,S-03,28.91,42.5,False
2024-04-24 10:00:00,S-03,29.47,40.2,False
2024-04-24 11:00:00,S-03,30.23,45.8,False
2024-04-24 12:00:00,S-03,28.44,39.8,False
2024-04-24 13:00:00,S-03,29.01,41.3,False
2024-04-24 14:00:00,S-03,28.99,41.9,False
2024-04-24 15:00:00,S-03,29.46,43.4,False
2024-04-24 16:00:00,S-03,27.04,45.6,False
2024-04-24 17:00:00,S-03,27.2,40.9,False
2024-04-24 18:00:00,S-03,25.54,43.8,False
2024-04-24 19:00:00,S-03,25.86,52.0,False
2024-04-24 20:00:00,S-03,23.6,49.8,False
2024-04-24 21:00:00,S-03,21.21,52.5,False
2024-04-24 22:00:00,S-03,21.57,51.0,False
2024-04-24 23:00:00,S-03,21.54,52.9,False
2024-04-25 00:00:00,S-03,22.15,49.1,False
2024-04-25 01:00:00,S-03,21.76,55.1,False
2024-04-25 02:00:00,S-03,21.37,54.8,False
2024-04-25 03:00:00,S-03,21.19,52.4,False
2024-04-25 04:00:00,S-03,22.98,53.1,False
2024-04-25 05:00:00,S-03,23.77,48.9,False
2024-04-25 06:00:00,S-03,25.89,45.6,False
2024-04-25 07:00:00,S-03,26.56,49.0,False
2024-04-25 08:00:00,S-03,25.65,46.8,False
2024-04-25 09:00:00,S-03,25.71,44.6,False
2024-04-25 10:00:00,S-03,27.78,49.3,False
2024-04-25 11:00:00,S-03,28.66,43.0,False
2024-04-25 12:00:00,S-03,27.77,45.9,False
2024-04-25 13:00:00,S-03,27.94,48.9,False
2024-04-25 14:00:00,S-03,28.82,39.6,False
2024-04-25 15:00:00,S-03,19.48,53.6,True
2024-04-25 16:00:00,S-03,24.97,50.8,False
2024-04-25 17:00:00,S-03,25.57,46.3,False
2024-04-25 18:00:00,S-03,24.33,47.4,False
2024-04-25 19:00:00,S-03,22.96,49.9,False
2024-04-25 20:00:00,S-03,22.55,50.0,False
2024-04-25 21:00:00,S-03,21.68,51.0,False
2024-04-25 22:00:00,S-03,22.49,52.1,False
2024-04-25 23:00:00,S-03,20.27,53.9,False
2024-04-26 00:00:00,S-03,19.33,59.8,False
2024-04-26 01:00:00,S-03,19.6,55.4,False
2024-04-26 02:00:00,S-03,20.91,57.8,False
2024-04-26 03:00:00,S-03,22.45,51.4,False
2024-04-26 04:00:00,S-03,22.2,56.5,False
2024-04-26 05:00:00,S-03,23.06,49.9,False
2024-04-26 06:00:00,S-03,23.84,53.0,False
2024-04-26 07:00:00,S-03,24.28,49.3,False
2024-04-26 08:00:00,S-03,25.61,52.0,False
2024-04-26 09:00:00,S-03,25.4,45.1,False
2024-04-26 10:00:00,S-03,27.53,43.5,False
2024-04-26 11:00:00,S-03,27.68,45.9,False
2024-04-26 12:00:00,S-03,27.55,42.0,False
2024-04-26 13:00:00,S-03,26.57,50.4,False
2024-04-26 14:00:00,S-03,26.61,45.5,False
2024-04-26 15:00:00,S-03,25.7,48.7,False
2024-04-26 16:00:00,S-03,25.53,50.4,False
2024-04-26 17:00:00,S-03,24.08,50.8,False
2024-04-26 18:00:00,S-03,23.53,47.5,False
2024-04-26 19:00:00,S-03,22.92,46.5,False
2024-04-26 20:00:00,S-03,22.2,46.3,False
2024-04-26 21:00:00,S-03,19.56,51.8,False
2024-04-26 22:00:00,S-03,19.45,52.4,False
2024-04-26 23:00:00,S-03,18.44,53.5,False
2024-04-27 00:00:00,S-03,20.13,55.1,False
2024-04-27 01:00:00,S-03,18.61,51.6,False
2024-04-27 02:00:00,S-03,20.72,48.3,False
2024-04-27 03:00:00,S-03,19.9,54.6,False
2024-04-27 04:00:00,S-03,21.93,56.9,False
2024-04-27 05:00:00,S-03,21.66,49.2,False
2024-04-27 06:00:00,S-03,22.95,50.0,False
2024-04-27 07:00:00,S-03,24.26,48.7,False
2024-04-27 08:00:00,S-03,25.2,50.9,False
2024-04-27 09:00:00,S-03,25.85,49.5,False
2024-04-27 10:00:00,S-03,27.14,44.0,False
2024-04-27 11:00:00,S-03,27.96,47.1,False
2024-04-27 12:00:00,S-03,27.85,44.7,False
2024-04-27 13:00:00,S-03,26.68,48.3,False
2024-04-27 14:00:00,S-03,25.22,53.0,False
2024-04-27 15:00:00,S-03,26.14,40.1,False
2024-04-27 16:00:00,S-03,23.02,46.1,False
2024-04-27 17:00:00,S-03,24.83,44.1,False
2024-04-27 18:00:00,S-03,23.78,45.7,False
2024-04-27 19:00:00,S-03,21.34,52.6,False
2024-04-27 20:00:00,S-03,21.81,52.1,False
2024-04-27 21:00:00,S-03,20.04,59.0,False
2024-04-27 22:00:00,S-03,20.95,57.0,False
2024-04-27 23:00:00,S-03,18.99,56.0,False
2024-04-28 00:00:00,S-03,18.84,54.9,False
2024-04-28 01:00:00,S-03,19.15,56.9,False
2024-04-28 02:00:00,S-03,20.29,54.8,False
2024-04-28 03:00:00,S-03,19.97,52.5,False
2024-04-28 04:00:00,S-03,23.42,51.8,False
2024-04-28 05:00:00,S-03,22.37,49.6,False
2024-04-28 06:00:00,S-03,25.11,47.5,False
2024-04-28 07:00:00,S-03,24.6,47.9,False
2024-04-28 08:00:00,S-03,25.58,45.4,False
2024-04-28 09:00:00,S-03,26.15,44.6,False
2024-04-28 10:00:00,S-03,26.8,45.9,False
2024-04-28 11:00:00,S-03,28.19,43.7,False
2024-04-28 12:00:00,S-03,28.97,39.5,False
2024-04-28 13:00:00,S-03,28.04,49.2,False
2024-04-28 14:00:00,S-03,26.91,50.6,False
2024-04-28 15:00:00,S-03,27.19,50.1,False
2024-04-28 16:00:00,S-03,25.63,50.6,False
2024-04-28 17:00:00,S-03,23.24,49.7,False
2024-04-28 18:00:00,S-03,24.46,45.7,False
2024-04-28 19:00:00,S-03,22.02,48.4,False
2024-04-28 20:00:00,S-03,21.98,46.3,False
2024-04-28 21:00:00,S-03,21.75,50.8,False
2024-04-28 22:00:00,S-03,20.82,47.8,False
2024-04-28 23:00:00,S-03,20.58,53.5,False
2024-04-29 00:00:00,S-03,21.92,52.3,False
2024-04-29 01:00:00,S-03,21.65,50.3,False
2024-04-29 02:00:00,S-03,22.55,49.2,False
2024-04-29 03:00:00,S-03,22.22,51.0,False
2024-04-29 04:00:00,S-03,23.12,51.8,False
2024-04-29 05:00:00,S-03,25.35,46.4,False
2024-04-29 06:00:00,S-03,24.57,53.4,False
2024-04-29 07:00:00,S-03,26.41,43.5,False
2024-04-29 08:00:00,S-03,27.27,43.3,False
2024-04-29 09:00:00,S-03,28.28,42.5,False
2024-04-29 10:00:00,S-03,29.21,42.2,False
2024-04-29 11:00:00,S-03,29.29,43.3,False
2024-04-29 12:00:00,S-03,30.02,43.4,False
2024-04-29 13:00:00,S-03,28.64,42.5,False
2024-04-29 14:00:00,S-03,29.34,47.3,False
2024-04-29 15:00:00,S-03,27.55,39.3,False
2024-04-29 16:00:00,S-03,28.43,44.5,False
2024-04-29 17:00:00,S-03,27.44,45.0,False
2024-04-29 18:00:00,S-03,25.52,43.2,False
2024-04-29 19:00:00,S-03,24.29,44.4,False
2024-04-29 20:00:00,S-03,23.75,49.6,False
2024-04-29 21:00:00,S-03,23.41,53.1,False
2024-04-29 22:00:00,S-03,21.2,53.5,False
2024-04-29 23:00:00,S-03,21.24,52.1,False
